order_item_id,order_id,product_id,quantity,unit_price,subtotal
1,1,81,4,499.89,1999.56
2,1,20,4,181.13,724.52
3,2,88,4,275.64,1102.56
4,2,74,5,325.4,1627
5,2,16,1,465.73,465.73
6,3,60,3,358.88,1076.64
7,3,72,5,152.08,760.4
8,3,60,1,358.88,358.88
9,3,27,2,345.01,690.02
10,4,45,4,444.26,1777.04
11,5,84,4,397.33,1589.32
12,5,68,1,100.19,100.19
13,5,42,4,10.28,41.12
14,6,21,3,488.47,1465.41
15,6,44,1,71.57,71.57
16,6,72,2,152.08,304.16
17,7,22,2,202.6,405.2
18,8,95,5,442.92,2214.6
19,8,33,2,329.42,658.84
20,8,22,3,202.6,607.8
21,8,32,2,260.99,521.98
22,9,55,5,205.95,1029.75
23,9,77,1,112.25,112.25
24,9,65,3,72.5,217.5
25,9,22,1,202.6,202.6
26,10,56,2,180.06,360.12
27,10,1,5,483.17,2415.85
28,11,56,1,180.06,180.06
29,11,68,4,100.19,400.76
30,11,87,3,476.96,1430.88
31,12,96,1,130.71,130.71
32,12,38,5,11.87,59.35
33,12,81,4,499.89,1999.56
34,12,72,3,152.08,456.24
35,12,16,5,465.73,2328.65
36,13,34,4,59.14,236.56
37,13,96,2,130.71,261.42
38,13,26,2,313.45,626.9
39,14,46,3,446.64,1339.92
40,14,29,3,122.88,368.64
41,14,44,3,71.57,214.71
42,14,13,2,234.45,468.9
43,15,89,3,63.06,189.18
44,15,62,4,144.69,578.76
45,16,10,4,402.34,1609.36
46,16,90,2,157.77,315.54
47,16,72,2,152.08,304.16
48,17,76,3,273.1,819.3
49,17,22,4,202.6,810.4
50,17,42,4,10.28,41.12
51,18,45,2,444.26,888.52
52,18,66,4,384.26,1537.04
53,18,91,4,196.31,785.24
54,18,15,4,371.75,1487
55,19,90,1,157.77,157.77
56,19,17,1,480.38,480.38
57,20,16,4,465.73,1862.92
58,20,20,4,181.13,724.52
59,21,14,3,472.64,1417.92
60,21,75,3,33.9,101.7
61,21,98,4,140.33,561.32
62,21,68,3,100.19,300.57
63,21,24,4,217.84,871.36
64,22,78,4,279.16,1116.64
65,22,69,3,414.94,1244.82
66,22,1,5,483.17,2415.85
67,22,53,2,120.42,240.84
68,22,53,2,120.42,240.84
69,23,42,1,10.28,10.28
70,23,6,4,121.04,484.16
71,23,56,2,180.06,360.12
72,24,41,1,314.73,314.73
73,24,88,4,275.64,1102.56
74,24,43,5,250.15,1250.75
75,24,99,3,107.85,323.55
76,25,29,2,122.88,245.76
77,25,58,2,433.93,867.86
78,25,91,4,196.31,785.24
79,25,93,5,266.65,1333.25
80,25,86,2,450.1,900.2
81,26,3,1,321.8,321.8
82,26,42,2,10.28,20.56
83,27,42,3,10.28,30.84
84,27,61,2,135.79,271.58
85,28,55,5,205.95,1029.75
86,28,28,2,87.71,175.42
87,28,98,5,140.33,701.65
88,28,53,3,120.42,361.26
89,28,41,4,314.73,1258.92
90,29,23,3,272.6,817.8
91,29,42,1,10.28,10.28
92,29,49,4,388.97,1555.88
93,30,36,3,74.4,223.2
94,30,18,1,423.15,423.15
95,30,60,4,358.88,1435.52
96,31,11,1,147.32,147.32
97,32,95,2,442.92,885.84
98,32,90,2,157.77,315.54
99,33,37,4,463.79,1855.16
100,34,4,3,117.56,352.68
101,35,85,3,448.65,1345.95
102,35,21,5,488.47,2442.35
103,35,26,2,313.45,626.9
104,35,54,1,375.27,375.27
105,35,91,5,196.31,981.55
106,36,46,5,446.64,2233.2
107,36,75,2,33.9,67.8
108,36,84,1,397.33,397.33
109,36,91,3,196.31,588.93
110,37,3,3,321.8,965.4
111,37,41,4,314.73,1258.92
112,37,29,1,122.88,122.88
113,37,53,5,120.42,602.1
114,38,27,5,345.01,1725.05
115,38,45,4,444.26,1777.04
116,38,19,2,280.77,561.54
117,38,65,5,72.5,362.5
118,38,49,5,388.97,1944.85
119,39,89,2,63.06,126.12
120,39,35,1,18.87,18.87
121,39,42,2,10.28,20.56
122,40,35,4,18.87,75.48
123,40,75,1,33.9,33.9
124,40,51,4,101.56,406.24
125,40,93,1,266.65,266.65
126,40,77,2,112.25,224.5
127,41,99,1,107.85,107.85
128,41,21,3,488.47,1465.41
129,41,1,5,483.17,2415.85
130,42,65,2,72.5,145
131,42,70,5,303.87,1519.35
132,42,81,3,499.89,1499.67
133,43,30,1,70.69,70.69
134,43,6,3,121.04,363.12
135,44,32,3,260.99,782.97
136,44,54,1,375.27,375.27
137,44,97,5,425.33,2126.65
138,44,70,4,303.87,1215.48
139,45,45,3,444.26,1332.78
140,45,37,4,463.79,1855.16
141,45,84,2,397.33,794.66
142,45,59,3,330.91,992.73
143,45,86,3,450.1,1350.3
144,46,27,2,345.01,690.02
145,46,26,5,313.45,1567.25
146,46,13,2,234.45,468.9
147,46,37,5,463.79,2318.95
148,47,37,1,463.79,463.79
149,48,54,1,375.27,375.27
150,48,78,4,279.16,1116.64
151,49,56,2,180.06,360.12
152,49,89,5,63.06,315.3
153,49,93,1,266.65,266.65
154,50,24,2,217.84,435.68
155,50,88,3,275.64,826.92
156,50,84,4,397.33,1589.32
157,50,39,4,461.01,1844.04
158,51,46,5,446.64,2233.2
159,52,29,3,122.88,368.64
160,52,56,2,180.06,360.12
161,52,83,1,130.62,130.62
162,53,2,3,243.6,730.8
163,54,7,3,402.41,1207.23
164,54,17,3,480.38,1441.14
165,54,71,2,77.6,155.2
166,54,64,4,325.29,1301.16
167,54,64,4,325.29,1301.16
168,55,34,5,59.14,295.7
169,55,53,5,120.42,602.1
170,55,2,5,243.6,1218
171,56,35,2,18.87,37.74
172,56,7,2,402.41,804.82
173,56,28,3,87.71,263.13
174,57,89,1,63.06,63.06
175,58,94,3,41.72,125.16
176,58,66,5,384.26,1921.3
177,59,14,3,472.64,1417.92
178,60,7,1,402.41,402.41
179,60,86,5,450.1,2250.5
180,60,78,2,279.16,558.32
181,61,33,1,329.42,329.42
182,61,2,1,243.6,243.6
183,61,72,3,152.08,456.24
184,61,40,2,144.16,288.32
185,62,23,4,272.6,1090.4
186,63,82,4,71.64,286.56
187,63,34,4,59.14,236.56
188,63,68,5,100.19,500.95
189,64,47,5,218.62,1093.1
190,64,3,1,321.8,321.8
191,64,87,5,476.96,2384.8
192,65,84,3,397.33,1191.99
193,66,83,4,130.62,522.48
194,67,3,2,321.8,643.6
195,68,61,1,135.79,135.79
196,68,57,4,55.2,220.8
197,69,31,5,214.73,1073.65
198,69,5,5,142.14,710.7
199,69,98,3,140.33,420.99
200,69,68,3,100.19,300.57
201,69,46,1,446.64,446.64
202,70,3,2,321.8,643.6
203,70,16,2,465.73,931.46
204,70,36,5,74.4,372
205,70,94,3,41.72,125.16
206,71,70,5,303.87,1519.35
207,71,5,5,142.14,710.7
208,71,63,2,229.68,459.36
209,71,25,2,144.29,288.58
210,72,2,2,243.6,487.2
211,72,73,4,487.67,1950.68
212,72,61,5,135.79,678.95
213,72,15,4,371.75,1487
214,73,1,1,483.17,483.17
215,73,47,1,218.62,218.62
216,74,92,2,34.18,68.36
217,74,59,3,330.91,992.73
218,74,16,2,465.73,931.46
219,74,88,1,275.64,275.64
220,75,50,2,360.67,721.34
221,75,93,3,266.65,799.95
222,76,96,2,130.71,261.42
223,76,13,1,234.45,234.45
224,76,4,3,117.56,352.68
225,76,67,3,146.48,439.44
226,76,48,3,391.48,1174.44
227,77,14,4,472.64,1890.56
228,78,51,1,101.56,101.56
229,78,38,3,11.87,35.61
230,79,4,3,117.56,352.68
231,79,73,1,487.67,487.67
232,79,26,1,313.45,313.45
233,79,45,5,444.26,2221.3
234,79,88,3,275.64,826.92
235,80,22,5,202.6,1013
236,81,65,1,72.5,72.5
237,81,60,5,358.88,1794.4
238,81,14,4,472.64,1890.56
239,81,71,4,77.6,310.4
240,81,25,4,144.29,577.16
241,82,55,1,205.95,205.95
242,82,6,4,121.04,484.16
243,82,23,3,272.6,817.8
244,82,34,2,59.14,118.28
245,82,9,1,133.05,133.05
246,83,90,3,157.77,473.31
247,83,34,1,59.14,59.14
248,84,62,5,144.69,723.45
249,84,43,4,250.15,1000.6
250,84,3,5,321.8,1609
251,84,57,2,55.2,110.4
252,84,59,4,330.91,1323.64
253,85,26,4,313.45,1253.8
254,85,13,1,234.45,234.45
255,85,36,2,74.4,148.8
256,85,99,1,107.85,107.85
257,86,40,5,144.16,720.8
258,86,81,4,499.89,1999.56
259,86,65,2,72.5,145
260,86,58,1,433.93,433.93
261,87,18,3,423.15,1269.45
262,88,67,4,146.48,585.92
263,89,80,5,165.82,829.1
264,89,37,4,463.79,1855.16
265,89,42,3,10.28,30.84
266,89,74,4,325.4,1301.6
267,89,89,4,63.06,252.24
268,90,19,5,280.77,1403.85
269,90,74,2,325.4,650.8
270,90,41,5,314.73,1573.65
271,90,96,1,130.71,130.71
272,91,19,3,280.77,842.31
273,91,99,1,107.85,107.85
274,91,44,4,71.57,286.28
275,91,88,1,275.64,275.64
276,92,9,2,133.05,266.1
277,92,69,4,414.94,1659.76
278,92,28,5,87.71,438.55
279,93,42,2,10.28,20.56
280,93,24,3,217.84,653.52
281,93,1,1,483.17,483.17
282,94,21,3,488.47,1465.41
283,94,45,5,444.26,2221.3
284,94,33,5,329.42,1647.1
285,94,91,4,196.31,785.24
286,95,87,5,476.96,2384.8
287,95,27,3,345.01,1035.03
288,95,20,2,181.13,362.26
289,96,54,2,375.27,750.54
290,96,6,3,121.04,363.12
291,96,67,5,146.48,732.4
292,96,69,2,414.94,829.88
293,96,43,5,250.15,1250.75
294,97,22,2,202.6,405.2
295,97,36,3,74.4,223.2
296,97,23,2,272.6,545.2
297,97,33,1,329.42,329.42
298,97,50,3,360.67,1082.01
299,98,37,1,463.79,463.79
300,99,51,1,101.56,101.56
301,99,63,3,229.68,689.04
302,99,22,4,202.6,810.4
303,100,83,3,130.62,391.86
304,100,20,5,181.13,905.65
305,100,66,2,384.26,768.52
306,100,97,5,425.33,2126.65
307,100,36,2,74.4,148.8
308,101,60,4,358.88,1435.52
309,101,60,3,358.88,1076.64
310,101,79,5,34.53,172.65
311,101,99,2,107.85,215.7
312,102,16,3,465.73,1397.19
313,103,99,2,107.85,215.7
314,103,83,5,130.62,653.1
315,103,47,2,218.62,437.24
316,103,2,4,243.6,974.4
317,104,89,1,63.06,63.06
318,104,30,3,70.69,212.07
319,104,62,4,144.69,578.76
320,104,32,3,260.99,782.97
321,104,13,2,234.45,468.9
322,105,44,4,71.57,286.28
323,105,47,1,218.62,218.62
324,105,54,5,375.27,1876.35
325,105,55,5,205.95,1029.75
326,105,14,5,472.64,2363.2
327,106,55,5,205.95,1029.75
328,106,52,4,403.26,1613.04
329,106,9,1,133.05,133.05
330,107,47,2,218.62,437.24
331,107,31,3,214.73,644.19
332,107,83,1,130.62,130.62
333,108,13,2,234.45,468.9
334,108,68,1,100.19,100.19
335,108,36,1,74.4,74.4
336,108,89,5,63.06,315.3
337,108,27,4,345.01,1380.04
338,109,18,2,423.15,846.3
339,109,19,3,280.77,842.31
340,109,88,4,275.64,1102.56
341,109,52,2,403.26,806.52
342,110,96,2,130.71,261.42
343,110,33,1,329.42,329.42
344,111,57,1,55.2,55.2
345,111,32,5,260.99,1304.95
346,112,6,3,121.04,363.12
347,112,53,3,120.42,361.26
348,112,72,3,152.08,456.24
349,112,51,2,101.56,203.12
350,113,27,2,345.01,690.02
351,113,57,3,55.2,165.6
352,114,21,2,488.47,976.94
353,114,40,3,144.16,432.48
354,114,34,1,59.14,59.14
355,114,19,4,280.77,1123.08
356,114,33,2,329.42,658.84
357,115,31,1,214.73,214.73
358,116,2,2,243.6,487.2
359,116,60,5,358.88,1794.4
360,116,89,2,63.06,126.12
361,116,44,4,71.57,286.28
362,117,70,5,303.87,1519.35
363,117,80,2,165.82,331.64
364,118,23,2,272.6,545.2
365,119,77,1,112.25,112.25
366,119,93,1,266.65,266.65
367,119,55,4,205.95,823.8
368,119,66,2,384.26,768.52
369,119,36,5,74.4,372
370,120,67,5,146.48,732.4
371,120,78,1,279.16,279.16
372,120,46,5,446.64,2233.2
373,120,16,4,465.73,1862.92
374,121,6,5,121.04,605.2
375,121,53,3,120.42,361.26
376,121,24,2,217.84,435.68
377,121,38,3,11.87,35.61
378,122,62,1,144.69,144.69
379,122,86,5,450.1,2250.5
380,123,80,4,165.82,663.28
381,123,2,4,243.6,974.4
382,124,64,3,325.29,975.87
383,125,31,1,214.73,214.73
384,125,6,2,121.04,242.08
385,126,100,2,38.05,76.1
386,126,24,1,217.84,217.84
387,126,61,2,135.79,271.58
388,126,82,1,71.64,71.64
389,127,5,5,142.14,710.7
390,128,49,5,388.97,1944.85
391,128,40,2,144.16,288.32
392,128,29,2,122.88,245.76
393,128,57,1,55.2,55.2
394,129,51,2,101.56,203.12
395,129,9,2,133.05,266.1
396,129,95,2,442.92,885.84
397,129,94,1,41.72,41.72
398,130,46,5,446.64,2233.2
399,130,12,4,235.36,941.44
400,130,57,5,55.2,276
401,130,80,2,165.82,331.64
402,130,97,3,425.33,1275.99
403,131,84,3,397.33,1191.99
404,131,69,1,414.94,414.94
405,131,93,2,266.65,533.3
406,132,33,4,329.42,1317.68
407,132,20,3,181.13,543.39
408,132,80,5,165.82,829.1
409,133,76,2,273.1,546.2
410,134,64,4,325.29,1301.16
411,134,44,1,71.57,71.57
412,135,39,4,461.01,1844.04
413,135,16,3,465.73,1397.19
414,135,74,3,325.4,976.2
415,135,8,1,30.66,30.66
416,136,60,5,358.88,1794.4
417,136,55,5,205.95,1029.75
418,136,72,4,152.08,608.32
419,136,7,4,402.41,1609.64
420,136,94,3,41.72,125.16
421,137,98,4,140.33,561.32
422,138,43,5,250.15,1250.75
423,138,68,5,100.19,500.95
424,138,52,3,403.26,1209.78
425,139,39,4,461.01,1844.04
426,139,15,3,371.75,1115.25
427,140,30,5,70.69,353.45
428,140,67,4,146.48,585.92
429,141,16,1,465.73,465.73
430,141,73,3,487.67,1463.01
431,141,26,1,313.45,313.45
432,141,98,4,140.33,561.32
433,141,66,5,384.26,1921.3
434,142,26,5,313.45,1567.25
435,142,98,4,140.33,561.32
436,142,98,4,140.33,561.32
437,142,23,2,272.6,545.2
438,142,15,1,371.75,371.75
439,143,19,5,280.77,1403.85
440,143,78,2,279.16,558.32
441,143,62,5,144.69,723.45
442,143,90,2,157.77,315.54
443,144,40,5,144.16,720.8
444,144,96,1,130.71,130.71
445,145,43,2,250.15,500.3
446,145,63,3,229.68,689.04
447,146,27,1,345.01,345.01
448,146,3,2,321.8,643.6
449,146,61,4,135.79,543.16
450,146,28,4,87.71,350.84
451,146,46,3,446.64,1339.92
452,147,45,2,444.26,888.52
453,147,6,3,121.04,363.12
454,148,85,2,448.65,897.3
455,148,65,4,72.5,290
456,148,9,4,133.05,532.2
457,148,63,2,229.68,459.36
458,149,1,2,483.17,966.34
459,149,70,1,303.87,303.87
460,150,94,4,41.72,166.88
461,151,58,3,433.93,1301.79
462,152,5,5,142.14,710.7
463,152,55,5,205.95,1029.75
464,153,95,5,442.92,2214.6
465,153,90,3,157.77,473.31
466,153,45,4,444.26,1777.04
467,153,57,2,55.2,110.4
468,154,90,3,157.77,473.31
469,155,40,5,144.16,720.8
470,155,52,1,403.26,403.26
471,155,51,5,101.56,507.8
472,156,3,2,321.8,643.6
473,156,68,1,100.19,100.19
474,156,82,4,71.64,286.56
475,156,69,3,414.94,1244.82
476,156,56,3,180.06,540.18
477,157,9,2,133.05,266.1
478,157,27,1,345.01,345.01
479,157,77,1,112.25,112.25
480,157,57,2,55.2,110.4
481,157,34,3,59.14,177.42
482,158,19,1,280.77,280.77
483,158,55,4,205.95,823.8
484,158,14,2,472.64,945.28
485,158,85,4,448.65,1794.6
486,158,99,4,107.85,431.4
487,159,17,2,480.38,960.76
488,159,22,2,202.6,405.2
489,159,59,5,330.91,1654.55
490,159,9,5,133.05,665.25
491,159,76,5,273.1,1365.5
492,160,88,2,275.64,551.28
493,160,4,3,117.56,352.68
494,161,96,2,130.71,261.42
495,161,78,3,279.16,837.48
496,161,57,5,55.2,276
497,162,38,4,11.87,47.48
498,162,88,4,275.64,1102.56
499,163,83,4,130.62,522.48
500,163,37,1,463.79,463.79
501,163,16,3,465.73,1397.19
502,163,67,5,146.48,732.4
503,164,54,5,375.27,1876.35
504,164,21,3,488.47,1465.41
505,165,83,2,130.62,261.24
506,165,51,4,101.56,406.24
507,166,50,3,360.67,1082.01
508,166,13,4,234.45,937.8
509,167,8,4,30.66,122.64
510,167,62,1,144.69,144.69
511,167,7,4,402.41,1609.64
512,168,23,4,272.6,1090.4
513,168,89,2,63.06,126.12
514,168,30,3,70.69,212.07
515,168,11,3,147.32,441.96
516,169,94,5,41.72,208.6
517,169,89,2,63.06,126.12
518,170,99,3,107.85,323.55
519,170,61,4,135.79,543.16
520,170,54,4,375.27,1501.08
521,171,83,1,130.62,130.62
522,171,41,1,314.73,314.73
523,172,52,5,403.26,2016.3
524,172,36,1,74.4,74.4
525,173,35,1,18.87,18.87
526,173,46,3,446.64,1339.92
527,173,14,4,472.64,1890.56
528,174,29,5,122.88,614.4
529,174,88,4,275.64,1102.56
530,174,27,3,345.01,1035.03
531,175,29,3,122.88,368.64
532,175,45,2,444.26,888.52
533,175,72,4,152.08,608.32
534,176,28,3,87.71,263.13
535,176,75,4,33.9,135.6
536,176,99,3,107.85,323.55
537,176,14,1,472.64,472.64
538,177,16,5,465.73,2328.65
539,177,1,2,483.17,966.34
540,178,19,4,280.77,1123.08
541,178,14,1,472.64,472.64
542,178,82,2,71.64,143.28
543,178,63,2,229.68,459.36
544,179,10,4,402.34,1609.36
545,179,6,5,121.04,605.2
546,180,14,5,472.64,2363.2
547,180,19,1,280.77,280.77
548,181,71,3,77.6,232.8
549,182,64,4,325.29,1301.16
550,183,5,1,142.14,142.14
551,184,32,4,260.99,1043.96
552,185,42,5,10.28,51.4
553,185,41,3,314.73,944.19
554,185,53,4,120.42,481.68
555,186,13,2,234.45,468.9
556,186,58,2,433.93,867.86
557,186,89,2,63.06,126.12
558,186,39,5,461.01,2305.05
559,187,85,1,448.65,448.65
560,187,76,1,273.1,273.1
561,187,46,3,446.64,1339.92
562,187,49,2,388.97,777.94
563,188,60,1,358.88,358.88
564,188,97,3,425.33,1275.99
565,189,80,3,165.82,497.46
566,189,68,3,100.19,300.57
567,189,55,2,205.95,411.9
568,189,77,3,112.25,336.75
569,190,28,4,87.71,350.84
570,190,57,1,55.2,55.2
571,190,55,4,205.95,823.8
572,190,18,1,423.15,423.15
573,190,35,1,18.87,18.87
574,191,37,2,463.79,927.58
575,191,99,3,107.85,323.55
576,192,45,4,444.26,1777.04
577,192,62,2,144.69,289.38
578,192,2,3,243.6,730.8
579,192,11,1,147.32,147.32
580,193,11,3,147.32,441.96
581,193,46,2,446.64,893.28
582,193,47,2,218.62,437.24
583,194,15,1,371.75,371.75
584,195,94,5,41.72,208.6
585,195,75,4,33.9,135.6
586,195,27,5,345.01,1725.05
587,195,44,1,71.57,71.57
588,196,31,4,214.73,858.92
589,196,14,3,472.64,1417.92
590,196,12,4,235.36,941.44
591,197,31,4,214.73,858.92
592,197,80,4,165.82,663.28
593,197,78,1,279.16,279.16
594,198,67,3,146.48,439.44
595,198,78,2,279.16,558.32
596,199,33,3,329.42,988.26
597,199,1,5,483.17,2415.85
598,200,21,5,488.47,2442.35
599,201,99,5,107.85,539.25
600,201,73,4,487.67,1950.68
601,202,14,4,472.64,1890.56
602,203,48,3,391.48,1174.44
603,203,47,3,218.62,655.86
604,203,50,3,360.67,1082.01
605,204,44,2,71.57,143.14
606,204,34,1,59.14,59.14
607,204,15,1,371.75,371.75
608,204,62,2,144.69,289.38
609,205,61,2,135.79,271.58
610,205,10,2,402.34,804.68
611,206,23,2,272.6,545.2
612,206,96,3,130.71,392.13
613,206,24,2,217.84,435.68
614,207,46,2,446.64,893.28
615,207,16,4,465.73,1862.92
616,208,22,5,202.6,1013
617,208,44,5,71.57,357.85
618,209,93,1,266.65,266.65
619,209,75,4,33.9,135.6
620,209,9,3,133.05,399.15
621,209,5,4,142.14,568.56
622,210,18,2,423.15,846.3
623,210,50,1,360.67,360.67
624,211,30,1,70.69,70.69
625,211,64,5,325.29,1626.45
626,212,70,2,303.87,607.74
627,212,89,1,63.06,63.06
628,212,13,1,234.45,234.45
629,213,59,1,330.91,330.91
630,213,38,5,11.87,59.35
631,214,23,2,272.6,545.2
632,214,96,3,130.71,392.13
633,214,31,3,214.73,644.19
634,214,82,1,71.64,71.64
635,214,21,4,488.47,1953.88
636,215,20,4,181.13,724.52
637,215,63,1,229.68,229.68
638,215,65,4,72.5,290
639,215,7,1,402.41,402.41
640,215,31,5,214.73,1073.65
641,216,14,3,472.64,1417.92
642,216,29,2,122.88,245.76
643,216,15,5,371.75,1858.75
644,216,94,2,41.72,83.44
645,217,61,3,135.79,407.37
646,217,22,3,202.6,607.8
647,217,68,4,100.19,400.76
648,217,62,4,144.69,578.76
649,217,32,3,260.99,782.97
650,218,57,5,55.2,276
651,218,45,1,444.26,444.26
652,218,79,2,34.53,69.06
653,219,54,2,375.27,750.54
654,219,8,1,30.66,30.66
655,219,39,1,461.01,461.01
656,219,86,2,450.1,900.2
657,220,88,5,275.64,1378.2
658,220,16,2,465.73,931.46
659,221,7,4,402.41,1609.64
660,221,38,5,11.87,59.35
661,221,40,3,144.16,432.48
662,221,44,5,71.57,357.85
663,222,97,2,425.33,850.66
664,223,79,3,34.53,103.59
665,223,70,4,303.87,1215.48
666,224,45,2,444.26,888.52
667,224,5,5,142.14,710.7
668,225,5,4,142.14,568.56
669,226,51,4,101.56,406.24
670,226,99,3,107.85,323.55
671,226,85,4,448.65,1794.6
672,227,97,3,425.33,1275.99
673,227,93,1,266.65,266.65
674,228,4,3,117.56,352.68
675,228,9,3,133.05,399.15
676,229,100,5,38.05,190.25
677,230,18,2,423.15,846.3
678,230,56,1,180.06,180.06
679,230,31,2,214.73,429.46
680,230,58,4,433.93,1735.72
681,230,1,3,483.17,1449.51
682,231,31,2,214.73,429.46
683,231,47,5,218.62,1093.1
684,231,63,2,229.68,459.36
685,231,13,3,234.45,703.35
686,232,92,4,34.18,136.72
687,233,52,1,403.26,403.26
688,233,40,1,144.16,144.16
689,233,69,5,414.94,2074.7
690,234,32,5,260.99,1304.95
691,234,39,3,461.01,1383.03
692,234,56,4,180.06,720.24
693,235,70,2,303.87,607.74
694,236,12,5,235.36,1176.8
695,236,75,3,33.9,101.7
696,237,33,1,329.42,329.42
697,237,94,3,41.72,125.16
698,237,61,4,135.79,543.16
699,237,27,5,345.01,1725.05
700,238,67,2,146.48,292.96
701,238,24,2,217.84,435.68
702,238,99,5,107.85,539.25
703,239,2,2,243.6,487.2
704,239,91,3,196.31,588.93
705,240,86,1,450.1,450.1
706,240,49,2,388.97,777.94
707,240,96,1,130.71,130.71
708,241,64,4,325.29,1301.16
709,241,66,1,384.26,384.26
710,242,49,1,388.97,388.97
711,243,74,4,325.4,1301.6
712,244,99,3,107.85,323.55
713,244,24,2,217.84,435.68
714,244,84,5,397.33,1986.65
715,244,36,3,74.4,223.2
716,244,19,4,280.77,1123.08
717,245,30,4,70.69,282.76
718,245,99,5,107.85,539.25
719,245,85,2,448.65,897.3
720,245,98,2,140.33,280.66
721,245,19,5,280.77,1403.85
722,246,29,1,122.88,122.88
723,247,55,2,205.95,411.9
724,247,91,4,196.31,785.24
725,247,85,2,448.65,897.3
726,248,79,1,34.53,34.53
727,248,31,3,214.73,644.19
728,248,71,4,77.6,310.4
729,248,74,2,325.4,650.8
730,249,90,1,157.77,157.77
731,249,12,4,235.36,941.44
732,249,70,5,303.87,1519.35
733,249,82,5,71.64,358.2
734,249,43,1,250.15,250.15
735,250,79,3,34.53,103.59
736,250,99,3,107.85,323.55
737,250,86,3,450.1,1350.3
738,250,16,3,465.73,1397.19
739,250,41,1,314.73,314.73
740,251,33,5,329.42,1647.1
741,252,4,3,117.56,352.68
742,252,26,3,313.45,940.35
743,252,91,4,196.31,785.24
744,253,1,5,483.17,2415.85
745,253,82,3,71.64,214.92
746,253,40,5,144.16,720.8
747,253,5,4,142.14,568.56
748,254,10,5,402.34,2011.7
749,255,76,1,273.1,273.1
750,256,8,3,30.66,91.98
751,256,59,5,330.91,1654.55
752,256,42,4,10.28,41.12
753,256,81,1,499.89,499.89
754,257,49,1,388.97,388.97
755,257,8,4,30.66,122.64
756,257,98,2,140.33,280.66
757,257,56,3,180.06,540.18
758,258,36,2,74.4,148.8
759,258,19,2,280.77,561.54
760,259,69,5,414.94,2074.7
761,259,91,2,196.31,392.62
762,259,27,3,345.01,1035.03
763,259,28,5,87.71,438.55
764,260,50,1,360.67,360.67
765,261,80,4,165.82,663.28
766,261,97,5,425.33,2126.65
767,262,53,1,120.42,120.42
768,262,55,3,205.95,617.85
769,262,83,3,130.62,391.86
770,262,77,1,112.25,112.25
771,262,66,3,384.26,1152.78
772,263,30,3,70.69,212.07
773,263,58,5,433.93,2169.65
774,263,95,4,442.92,1771.68
775,263,66,2,384.26,768.52
776,264,11,4,147.32,589.28
777,265,73,3,487.67,1463.01
778,265,23,3,272.6,817.8
779,266,80,3,165.82,497.46
780,267,68,2,100.19,200.38
781,267,14,4,472.64,1890.56
782,267,55,1,205.95,205.95
783,267,89,4,63.06,252.24
784,268,57,3,55.2,165.6
785,268,46,1,446.64,446.64
786,269,20,5,181.13,905.65
787,270,17,2,480.38,960.76
788,270,45,1,444.26,444.26
789,270,56,3,180.06,540.18
790,270,40,2,144.16,288.32
791,270,21,3,488.47,1465.41
792,271,21,4,488.47,1953.88
793,271,66,5,384.26,1921.3
794,271,7,2,402.41,804.82
795,272,40,3,144.16,432.48
796,272,64,4,325.29,1301.16
797,272,8,1,30.66,30.66
798,272,44,3,71.57,214.71
799,273,14,5,472.64,2363.2
800,273,97,3,425.33,1275.99
801,273,97,1,425.33,425.33
802,273,42,5,10.28,51.4
803,273,11,2,147.32,294.64
804,274,45,5,444.26,2221.3
805,274,12,3,235.36,706.08
806,274,91,4,196.31,785.24
807,274,85,3,448.65,1345.95
808,274,23,4,272.6,1090.4
809,275,71,1,77.6,77.6
810,275,28,2,87.71,175.42
811,275,43,4,250.15,1000.6
812,276,69,3,414.94,1244.82
813,276,45,3,444.26,1332.78
814,276,8,4,30.66,122.64
815,277,4,4,117.56,470.24
816,277,46,3,446.64,1339.92
817,278,41,1,314.73,314.73
818,278,67,2,146.48,292.96
819,278,99,2,107.85,215.7
820,278,95,5,442.92,2214.6
821,278,33,1,329.42,329.42
822,279,10,2,402.34,804.68
823,279,27,3,345.01,1035.03
824,279,58,1,433.93,433.93
825,280,16,5,465.73,2328.65
826,281,23,3,272.6,817.8
827,281,47,4,218.62,874.48
828,281,100,2,38.05,76.1
829,282,64,1,325.29,325.29
830,282,5,2,142.14,284.28
831,283,82,3,71.64,214.92
832,283,36,2,74.4,148.8
833,284,70,4,303.87,1215.48
834,284,27,3,345.01,1035.03
835,284,77,4,112.25,449
836,284,95,5,442.92,2214.6
837,284,47,3,218.62,655.86
838,285,8,3,30.66,91.98
839,285,17,2,480.38,960.76
840,285,52,4,403.26,1613.04
841,285,53,5,120.42,602.1
842,286,67,2,146.48,292.96
843,286,94,1,41.72,41.72
844,286,1,3,483.17,1449.51
845,287,64,2,325.29,650.58
846,287,83,2,130.62,261.24
847,287,59,1,330.91,330.91
848,287,50,1,360.67,360.67
849,287,2,2,243.6,487.2
850,288,18,3,423.15,1269.45
851,288,59,3,330.91,992.73
852,289,90,2,157.77,315.54
853,289,46,5,446.64,2233.2
854,289,24,4,217.84,871.36
855,289,100,2,38.05,76.1
856,289,85,3,448.65,1345.95
857,290,82,2,71.64,143.28
858,290,27,1,345.01,345.01
859,290,31,1,214.73,214.73
860,291,32,5,260.99,1304.95
861,292,17,4,480.38,1921.52
862,292,17,5,480.38,2401.9
863,293,54,3,375.27,1125.81
864,293,12,2,235.36,470.72
865,293,37,4,463.79,1855.16
866,294,52,1,403.26,403.26
867,294,44,5,71.57,357.85
868,294,64,4,325.29,1301.16
869,294,17,4,480.38,1921.52
870,295,95,2,442.92,885.84
871,295,58,4,433.93,1735.72
872,295,66,3,384.26,1152.78
873,295,51,5,101.56,507.8
874,295,73,4,487.67,1950.68
875,296,57,3,55.2,165.6
876,296,100,5,38.05,190.25
877,296,38,1,11.87,11.87
878,296,20,4,181.13,724.52
879,296,98,3,140.33,420.99
880,297,64,1,325.29,325.29
881,297,19,5,280.77,1403.85
882,297,24,3,217.84,653.52
883,298,8,5,30.66,153.3
884,298,82,2,71.64,143.28
885,299,100,3,38.05,114.15
886,299,27,5,345.01,1725.05
887,299,88,4,275.64,1102.56
888,300,78,1,279.16,279.16
889,301,40,1,144.16,144.16
890,301,6,5,121.04,605.2
891,301,66,3,384.26,1152.78
892,301,75,4,33.9,135.6
893,302,29,1,122.88,122.88
894,303,45,3,444.26,1332.78
895,304,18,2,423.15,846.3
896,304,52,2,403.26,806.52
897,304,28,5,87.71,438.55
898,305,87,3,476.96,1430.88
899,306,95,1,442.92,442.92
900,306,43,1,250.15,250.15
901,306,20,5,181.13,905.65
902,306,19,3,280.77,842.31
903,307,14,4,472.64,1890.56
904,307,92,1,34.18,34.18
905,307,88,5,275.64,1378.2
906,308,20,5,181.13,905.65
907,308,20,5,181.13,905.65
908,308,71,2,77.6,155.2
909,308,65,1,72.5,72.5
910,308,4,3,117.56,352.68
911,309,67,1,146.48,146.48
912,309,25,2,144.29,288.58
913,310,79,5,34.53,172.65
914,311,46,2,446.64,893.28
915,311,25,5,144.29,721.45
916,311,66,2,384.26,768.52
917,311,9,5,133.05,665.25
918,311,32,4,260.99,1043.96
919,312,73,2,487.67,975.34
920,312,99,1,107.85,107.85
921,312,92,5,34.18,170.9
922,312,22,4,202.6,810.4
923,313,62,3,144.69,434.07
924,313,24,2,217.84,435.68
925,313,72,1,152.08,152.08
926,313,33,4,329.42,1317.68
927,314,53,1,120.42,120.42
928,314,93,4,266.65,1066.6
929,314,97,1,425.33,425.33
930,315,90,4,157.77,631.08
931,315,35,1,18.87,18.87
932,316,78,3,279.16,837.48
933,316,80,2,165.82,331.64
934,316,39,5,461.01,2305.05
935,316,26,1,313.45,313.45
936,317,65,5,72.5,362.5
937,318,88,2,275.64,551.28
938,319,35,5,18.87,94.35
939,319,82,5,71.64,358.2
940,319,67,4,146.48,585.92
941,319,16,2,465.73,931.46
942,320,21,5,488.47,2442.35
943,321,69,3,414.94,1244.82
944,321,32,4,260.99,1043.96
945,321,15,3,371.75,1115.25
946,321,100,4,38.05,152.2
947,322,34,5,59.14,295.7
948,323,6,4,121.04,484.16
949,323,71,4,77.6,310.4
950,324,53,1,120.42,120.42
951,324,42,3,10.28,30.84
952,324,40,4,144.16,576.64
953,325,29,5,122.88,614.4
954,325,46,4,446.64,1786.56
955,325,31,1,214.73,214.73
956,325,76,5,273.1,1365.5
957,326,67,3,146.48,439.44
958,326,69,5,414.94,2074.7
959,326,2,4,243.6,974.4
960,326,74,4,325.4,1301.6
961,327,42,1,10.28,10.28
962,327,45,2,444.26,888.52
963,328,68,3,100.19,300.57
964,329,11,4,147.32,589.28
965,329,25,3,144.29,432.87
966,329,61,1,135.79,135.79
967,330,73,3,487.67,1463.01
968,330,96,5,130.71,653.55
969,330,67,3,146.48,439.44
970,331,83,5,130.62,653.1
971,332,4,4,117.56,470.24
972,332,61,2,135.79,271.58
973,332,43,4,250.15,1000.6
974,333,90,5,157.77,788.85
975,333,37,1,463.79,463.79
976,333,52,3,403.26,1209.78
977,333,61,4,135.79,543.16
978,333,96,4,130.71,522.84
979,334,39,4,461.01,1844.04
980,334,98,5,140.33,701.65
981,334,99,1,107.85,107.85
982,335,14,2,472.64,945.28
983,335,31,3,214.73,644.19
984,335,85,2,448.65,897.3
985,335,75,2,33.9,67.8
986,336,59,5,330.91,1654.55
987,336,14,5,472.64,2363.2
988,336,28,3,87.71,263.13
989,336,98,1,140.33,140.33
990,337,73,5,487.67,2438.35
991,337,67,4,146.48,585.92
992,337,49,4,388.97,1555.88
993,337,41,3,314.73,944.19
994,337,19,4,280.77,1123.08
995,338,12,5,235.36,1176.8
996,338,10,5,402.34,2011.7
997,338,35,5,18.87,94.35
998,338,11,5,147.32,736.6
999,338,76,3,273.1,819.3
1000,339,13,3,234.45,703.35
1001,339,42,2,10.28,20.56
1002,340,54,3,375.27,1125.81
1003,340,42,4,10.28,41.12
1004,340,99,5,107.85,539.25
1005,341,74,1,325.4,325.4
1006,341,33,1,329.42,329.42
1007,342,24,2,217.84,435.68
1008,342,81,5,499.89,2499.45
1009,343,13,5,234.45,1172.25
1010,344,52,5,403.26,2016.3
1011,344,34,1,59.14,59.14
1012,344,95,3,442.92,1328.76
1013,345,31,5,214.73,1073.65
1014,345,11,2,147.32,294.64
1015,345,2,5,243.6,1218
1016,345,34,3,59.14,177.42
1017,345,80,1,165.82,165.82
1018,346,69,5,414.94,2074.7
1019,346,22,4,202.6,810.4
1020,346,17,1,480.38,480.38
1021,347,7,1,402.41,402.41
1022,348,63,3,229.68,689.04
1023,349,68,1,100.19,100.19
1024,349,86,5,450.1,2250.5
1025,349,80,2,165.82,331.64
1026,349,6,4,121.04,484.16
1027,349,16,3,465.73,1397.19
1028,350,4,4,117.56,470.24
1029,350,52,3,403.26,1209.78
1030,351,65,3,72.5,217.5
1031,351,3,5,321.8,1609
1032,351,2,2,243.6,487.2
1033,351,24,4,217.84,871.36
1034,352,91,5,196.31,981.55
1035,353,43,3,250.15,750.45
1036,353,72,1,152.08,152.08
1037,353,36,3,74.4,223.2
1038,354,77,2,112.25,224.5
1039,354,64,1,325.29,325.29
1040,354,57,2,55.2,110.4
1041,354,24,4,217.84,871.36
1042,355,87,5,476.96,2384.8
1043,355,16,1,465.73,465.73
1044,355,97,2,425.33,850.66
1045,355,1,3,483.17,1449.51
1046,355,33,3,329.42,988.26
1047,356,80,3,165.82,497.46
1048,356,67,2,146.48,292.96
1049,356,5,4,142.14,568.56
1050,356,53,3,120.42,361.26
1051,356,86,1,450.1,450.1
1052,357,20,2,181.13,362.26
1053,358,11,5,147.32,736.6
1054,358,82,2,71.64,143.28
1055,358,64,4,325.29,1301.16
1056,358,72,5,152.08,760.4
1057,358,49,1,388.97,388.97
1058,359,5,1,142.14,142.14
1059,359,60,3,358.88,1076.64
1060,359,6,3,121.04,363.12
1061,360,12,3,235.36,706.08
1062,360,63,2,229.68,459.36
1063,360,9,2,133.05,266.1
1064,360,10,4,402.34,1609.36
1065,360,43,4,250.15,1000.6
1066,361,47,5,218.62,1093.1
1067,361,21,1,488.47,488.47
1068,361,39,3,461.01,1383.03
1069,361,83,4,130.62,522.48
1070,362,69,2,414.94,829.88
1071,363,90,2,157.77,315.54
1072,363,8,5,30.66,153.3
1073,363,38,5,11.87,59.35
1074,363,76,5,273.1,1365.5
1075,363,53,3,120.42,361.26
1076,364,39,4,461.01,1844.04
1077,364,89,3,63.06,189.18
1078,364,45,3,444.26,1332.78
1079,365,61,2,135.79,271.58
1080,365,25,4,144.29,577.16
1081,365,8,4,30.66,122.64
1082,365,87,1,476.96,476.96
1083,365,77,3,112.25,336.75
1084,366,85,3,448.65,1345.95
1085,366,81,4,499.89,1999.56
1086,366,14,2,472.64,945.28
1087,366,93,3,266.65,799.95
1088,367,91,1,196.31,196.31
1089,367,39,2,461.01,922.02
1090,367,47,1,218.62,218.62
1091,367,38,3,11.87,35.61
1092,367,49,2,388.97,777.94
1093,368,88,1,275.64,275.64
1094,368,12,1,235.36,235.36
1095,368,1,3,483.17,1449.51
1096,368,95,5,442.92,2214.6
1097,369,31,4,214.73,858.92
1098,369,42,3,10.28,30.84
1099,370,29,3,122.88,368.64
1100,370,51,4,101.56,406.24
1101,370,92,1,34.18,34.18
1102,371,55,5,205.95,1029.75
1103,371,88,5,275.64,1378.2
1104,371,1,4,483.17,1932.68
1105,371,36,2,74.4,148.8
1106,371,43,1,250.15,250.15
1107,372,4,5,117.56,587.8
1108,372,16,5,465.73,2328.65
1109,372,22,1,202.6,202.6
1110,373,47,4,218.62,874.48
1111,373,62,5,144.69,723.45
1112,374,83,2,130.62,261.24
1113,374,17,3,480.38,1441.14
1114,375,64,1,325.29,325.29
1115,376,94,3,41.72,125.16
1116,377,32,5,260.99,1304.95
1117,378,50,2,360.67,721.34
1118,378,21,5,488.47,2442.35
1119,378,84,1,397.33,397.33
1120,378,31,4,214.73,858.92
1121,378,17,3,480.38,1441.14
1122,379,77,3,112.25,336.75
1123,379,40,4,144.16,576.64
1124,379,52,3,403.26,1209.78
1125,379,79,1,34.53,34.53
1126,379,43,1,250.15,250.15
1127,380,7,2,402.41,804.82
1128,380,42,5,10.28,51.4
1129,381,50,4,360.67,1442.68
1130,381,14,4,472.64,1890.56
1131,382,1,2,483.17,966.34
1132,383,75,5,33.9,169.5
1133,383,99,5,107.85,539.25
1134,383,33,1,329.42,329.42
1135,383,43,2,250.15,500.3
1136,384,15,1,371.75,371.75
1137,384,68,5,100.19,500.95
1138,384,83,4,130.62,522.48
1139,385,50,1,360.67,360.67
1140,386,38,3,11.87,35.61
1141,386,46,5,446.64,2233.2
1142,386,2,3,243.6,730.8
1143,387,15,3,371.75,1115.25
1144,387,33,1,329.42,329.42
1145,387,70,4,303.87,1215.48
1146,388,33,4,329.42,1317.68
1147,388,90,2,157.77,315.54
1148,389,20,1,181.13,181.13
1149,390,38,1,11.87,11.87
1150,390,100,3,38.05,114.15
1151,390,73,3,487.67,1463.01
1152,391,63,4,229.68,918.72
1153,391,2,2,243.6,487.2
1154,391,96,4,130.71,522.84
1155,391,61,4,135.79,543.16
1156,391,97,4,425.33,1701.32
1157,392,93,4,266.65,1066.6
1158,392,57,1,55.2,55.2
1159,392,66,3,384.26,1152.78
1160,393,48,2,391.48,782.96
1161,393,12,4,235.36,941.44
1162,393,77,4,112.25,449
1163,393,49,2,388.97,777.94
1164,393,44,4,71.57,286.28
1165,394,86,3,450.1,1350.3
1166,394,36,3,74.4,223.2
1167,395,100,5,38.05,190.25
1168,395,92,1,34.18,34.18
1169,396,93,2,266.65,533.3
1170,396,17,4,480.38,1921.52
1171,396,8,1,30.66,30.66
1172,397,40,5,144.16,720.8
1173,398,41,1,314.73,314.73
1174,398,18,1,423.15,423.15
1175,398,70,2,303.87,607.74
1176,398,96,3,130.71,392.13
1177,398,7,4,402.41,1609.64
1178,399,71,5,77.6,388
1179,399,44,1,71.57,71.57
1180,399,20,5,181.13,905.65
1181,399,9,4,133.05,532.2
1182,400,51,2,101.56,203.12
1183,401,8,2,30.66,61.32
1184,401,100,5,38.05,190.25
1185,401,26,1,313.45,313.45
1186,401,44,2,71.57,143.14
1187,402,1,5,483.17,2415.85
1188,403,85,3,448.65,1345.95
1189,403,53,5,120.42,602.1
1190,403,58,3,433.93,1301.79
1191,404,98,2,140.33,280.66
1192,405,3,2,321.8,643.6
1193,406,97,2,425.33,850.66
1194,406,89,4,63.06,252.24
1195,406,80,5,165.82,829.1
1196,406,33,3,329.42,988.26
1197,407,26,5,313.45,1567.25
1198,407,91,4,196.31,785.24
1199,408,86,3,450.1,1350.3
1200,408,15,1,371.75,371.75
1201,408,96,5,130.71,653.55
1202,408,24,5,217.84,1089.2
1203,408,87,2,476.96,953.92
1204,409,15,4,371.75,1487
1205,409,18,5,423.15,2115.75
1206,410,6,4,121.04,484.16
1207,410,87,5,476.96,2384.8
1208,411,2,2,243.6,487.2
1209,411,24,5,217.84,1089.2
1210,412,5,4,142.14,568.56
1211,413,26,2,313.45,626.9
1212,413,28,1,87.71,87.71
1213,413,45,1,444.26,444.26
1214,414,2,2,243.6,487.2
1215,414,97,2,425.33,850.66
1216,414,39,5,461.01,2305.05
1217,415,6,1,121.04,121.04
1218,415,59,2,330.91,661.82
1219,415,76,5,273.1,1365.5
1220,416,58,1,433.93,433.93
1221,416,11,4,147.32,589.28
1222,416,86,3,450.1,1350.3
1223,416,71,1,77.6,77.6
1224,416,48,5,391.48,1957.4
1225,417,32,4,260.99,1043.96
1226,417,65,1,72.5,72.5
1227,417,67,2,146.48,292.96
1228,417,62,2,144.69,289.38
1229,418,57,2,55.2,110.4
1230,418,96,2,130.71,261.42
1231,418,65,3,72.5,217.5
1232,418,44,2,71.57,143.14
1233,419,69,3,414.94,1244.82
1234,419,67,5,146.48,732.4
1235,419,73,2,487.67,975.34
1236,419,61,2,135.79,271.58
1237,419,23,3,272.6,817.8
1238,420,66,3,384.26,1152.78
1239,420,30,5,70.69,353.45
1240,420,37,3,463.79,1391.37
1241,421,32,2,260.99,521.98
1242,421,63,4,229.68,918.72
1243,421,38,3,11.87,35.61
1244,421,48,4,391.48,1565.92
1245,422,21,2,488.47,976.94
1246,423,55,4,205.95,823.8
1247,423,77,4,112.25,449
1248,423,34,5,59.14,295.7
1249,423,26,1,313.45,313.45
1250,424,95,5,442.92,2214.6
1251,424,52,3,403.26,1209.78
1252,425,16,4,465.73,1862.92
1253,425,66,2,384.26,768.52
1254,425,64,4,325.29,1301.16
1255,426,34,5,59.14,295.7
1256,426,44,1,71.57,71.57
1257,426,69,5,414.94,2074.7
1258,427,91,5,196.31,981.55
1259,427,59,2,330.91,661.82
1260,427,85,3,448.65,1345.95
1261,428,7,1,402.41,402.41
1262,429,41,5,314.73,1573.65
1263,429,47,4,218.62,874.48
1264,429,63,2,229.68,459.36
1265,429,82,2,71.64,143.28
1266,429,84,5,397.33,1986.65
1267,430,85,5,448.65,2243.25
1268,431,24,3,217.84,653.52
1269,431,26,3,313.45,940.35
1270,432,40,2,144.16,288.32
1271,433,74,1,325.4,325.4
1272,433,46,3,446.64,1339.92
1273,433,50,1,360.67,360.67
1274,433,100,3,38.05,114.15
1275,433,43,1,250.15,250.15
1276,434,58,1,433.93,433.93
1277,434,11,5,147.32,736.6
1278,434,17,3,480.38,1441.14
1279,434,49,2,388.97,777.94
1280,435,21,3,488.47,1465.41
1281,435,2,3,243.6,730.8
1282,436,18,2,423.15,846.3
1283,436,73,1,487.67,487.67
1284,436,27,2,345.01,690.02
1285,436,73,3,487.67,1463.01
1286,437,21,2,488.47,976.94
1287,438,38,1,11.87,11.87
1288,438,53,5,120.42,602.1
1289,438,47,1,218.62,218.62
1290,438,74,2,325.4,650.8
1291,438,94,5,41.72,208.6
1292,439,72,1,152.08,152.08
1293,439,67,5,146.48,732.4
1294,439,98,4,140.33,561.32
1295,439,85,5,448.65,2243.25
1296,440,18,1,423.15,423.15
1297,440,62,1,144.69,144.69
1298,441,90,4,157.77,631.08
1299,442,14,4,472.64,1890.56
1300,443,26,3,313.45,940.35
1301,444,41,5,314.73,1573.65
1302,444,82,3,71.64,214.92
1303,445,24,3,217.84,653.52
1304,446,47,1,218.62,218.62
1305,446,78,1,279.16,279.16
1306,447,11,3,147.32,441.96
1307,447,91,4,196.31,785.24
1308,448,50,2,360.67,721.34
1309,448,83,2,130.62,261.24
1310,448,60,2,358.88,717.76
1311,449,36,2,74.4,148.8
1312,449,38,5,11.87,59.35
1313,449,42,2,10.28,20.56
1314,450,56,5,180.06,900.3
1315,450,15,5,371.75,1858.75
1316,450,8,1,30.66,30.66
1317,450,53,1,120.42,120.42
1318,450,69,5,414.94,2074.7
1319,451,99,3,107.85,323.55
1320,451,19,1,280.77,280.77
1321,451,4,4,117.56,470.24
1322,452,55,2,205.95,411.9
1323,453,20,2,181.13,362.26
1324,453,27,5,345.01,1725.05
1325,453,100,4,38.05,152.2
1326,453,87,3,476.96,1430.88
1327,454,15,1,371.75,371.75
1328,454,84,3,397.33,1191.99
1329,454,73,5,487.67,2438.35
1330,454,11,3,147.32,441.96
1331,455,77,5,112.25,561.25
1332,456,70,2,303.87,607.74
1333,456,39,5,461.01,2305.05
1334,456,18,5,423.15,2115.75
1335,456,81,2,499.89,999.78
1336,456,28,3,87.71,263.13
1337,457,95,5,442.92,2214.6
1338,457,19,4,280.77,1123.08
1339,457,84,5,397.33,1986.65
1340,457,100,1,38.05,38.05
1341,457,46,5,446.64,2233.2
1342,458,56,2,180.06,360.12
1343,458,7,4,402.41,1609.64
1344,459,2,1,243.6,243.6
1345,460,6,3,121.04,363.12
1346,460,97,2,425.33,850.66
1347,460,17,5,480.38,2401.9
1348,461,61,1,135.79,135.79
1349,461,67,3,146.48,439.44
1350,461,21,1,488.47,488.47
1351,462,63,2,229.68,459.36
1352,462,30,2,70.69,141.38
1353,462,88,1,275.64,275.64
1354,462,80,1,165.82,165.82
1355,463,21,2,488.47,976.94
1356,463,33,3,329.42,988.26
1357,464,89,3,63.06,189.18
1358,464,70,5,303.87,1519.35
1359,464,44,4,71.57,286.28
1360,464,95,4,442.92,1771.68
1361,464,26,2,313.45,626.9
1362,465,53,4,120.42,481.68
1363,465,77,5,112.25,561.25
1364,466,28,1,87.71,87.71
1365,466,36,4,74.4,297.6
1366,466,50,2,360.67,721.34
1367,466,45,4,444.26,1777.04
1368,467,39,2,461.01,922.02
1369,467,24,4,217.84,871.36
1370,468,95,5,442.92,2214.6
1371,468,32,1,260.99,260.99
1372,469,55,3,205.95,617.85
1373,470,93,3,266.65,799.95
1374,470,88,3,275.64,826.92
1375,470,58,3,433.93,1301.79
1376,470,13,4,234.45,937.8
1377,470,21,5,488.47,2442.35
1378,471,5,5,142.14,710.7
1379,471,67,3,146.48,439.44
1380,472,84,1,397.33,397.33
1381,472,85,5,448.65,2243.25
1382,472,47,2,218.62,437.24
1383,472,13,3,234.45,703.35
1384,472,57,3,55.2,165.6
1385,473,64,2,325.29,650.58
1386,473,68,2,100.19,200.38
1387,473,58,2,433.93,867.86
1388,474,6,2,121.04,242.08
1389,474,40,2,144.16,288.32
1390,474,58,3,433.93,1301.79
1391,474,79,5,34.53,172.65
1392,474,87,3,476.96,1430.88
1393,475,48,1,391.48,391.48
1394,475,96,5,130.71,653.55
1395,476,27,1,345.01,345.01
1396,476,25,5,144.29,721.45
1397,476,13,4,234.45,937.8
1398,476,69,5,414.94,2074.7
1399,477,18,3,423.15,1269.45
1400,478,80,3,165.82,497.46
1401,479,74,1,325.4,325.4
1402,479,12,1,235.36,235.36
1403,479,9,3,133.05,399.15
1404,480,34,2,59.14,118.28
1405,480,81,5,499.89,2499.45
1406,480,64,5,325.29,1626.45
1407,481,7,3,402.41,1207.23
1408,481,69,2,414.94,829.88
1409,481,9,2,133.05,266.1
1410,481,96,1,130.71,130.71
1411,481,22,5,202.6,1013
1412,482,17,1,480.38,480.38
1413,482,12,1,235.36,235.36
1414,482,31,4,214.73,858.92
1415,482,34,2,59.14,118.28
1416,482,38,3,11.87,35.61
1417,483,36,2,74.4,148.8
1418,484,2,3,243.6,730.8
1419,484,62,5,144.69,723.45
1420,484,11,5,147.32,736.6
1421,484,98,1,140.33,140.33
1422,484,2,3,243.6,730.8
1423,485,50,2,360.67,721.34
1424,485,77,2,112.25,224.5
1425,485,91,4,196.31,785.24
1426,485,38,5,11.87,59.35
1427,486,66,4,384.26,1537.04
1428,486,40,4,144.16,576.64
1429,487,83,3,130.62,391.86
1430,487,86,4,450.1,1800.4
1431,487,34,4,59.14,236.56
1432,487,25,3,144.29,432.87
1433,488,4,3,117.56,352.68
1434,488,8,1,30.66,30.66
1435,488,55,5,205.95,1029.75
1436,488,30,2,70.69,141.38
1437,489,25,3,144.29,432.87
1438,489,74,3,325.4,976.2
1439,489,3,4,321.8,1287.2
1440,489,74,3,325.4,976.2
1441,489,90,2,157.77,315.54
1442,490,100,2,38.05,76.1
1443,491,85,2,448.65,897.3
1444,491,17,3,480.38,1441.14
1445,491,38,4,11.87,47.48
1446,491,34,1,59.14,59.14
1447,491,11,3,147.32,441.96
1448,492,46,5,446.64,2233.2
1449,492,64,1,325.29,325.29
1450,492,22,1,202.6,202.6
1451,492,73,2,487.67,975.34
1452,492,20,5,181.13,905.65
1453,493,66,3,384.26,1152.78
1454,493,65,2,72.5,145
1455,493,93,1,266.65,266.65
1456,494,68,2,100.19,200.38
1457,495,75,5,33.9,169.5
1458,496,98,3,140.33,420.99
1459,496,56,2,180.06,360.12
1460,496,16,4,465.73,1862.92
1461,496,69,4,414.94,1659.76
1462,496,87,4,476.96,1907.84
1463,497,74,5,325.4,1627
1464,497,69,3,414.94,1244.82
1465,497,92,3,34.18,102.54
1466,497,83,5,130.62,653.1
1467,497,95,1,442.92,442.92
1468,498,17,3,480.38,1441.14
1469,498,42,1,10.28,10.28
1470,498,58,4,433.93,1735.72
1471,499,62,2,144.69,289.38
1472,499,78,4,279.16,1116.64
1473,500,45,3,444.26,1332.78
1474,500,58,1,433.93,433.93
1475,500,33,3,329.42,988.26
1476,500,75,1,33.9,33.9
1477,501,64,5,325.29,1626.45
1478,501,17,5,480.38,2401.9
1479,502,45,5,444.26,2221.3
1480,502,43,4,250.15,1000.6
1481,502,75,1,33.9,33.9
1482,502,99,1,107.85,107.85
1483,502,72,4,152.08,608.32
1484,503,92,1,34.18,34.18
1485,503,98,1,140.33,140.33
1486,503,71,5,77.6,388
1487,504,13,1,234.45,234.45
1488,504,53,1,120.42,120.42
1489,504,62,5,144.69,723.45
1490,504,77,5,112.25,561.25
1491,505,54,5,375.27,1876.35
1492,505,68,5,100.19,500.95
1493,506,53,3,120.42,361.26
1494,506,3,5,321.8,1609
1495,506,33,1,329.42,329.42
1496,507,38,4,11.87,47.48
1497,507,27,1,345.01,345.01
1498,508,29,5,122.88,614.4
1499,509,3,4,321.8,1287.2
1500,509,53,2,120.42,240.84
1501,509,35,2,18.87,37.74
1502,509,23,3,272.6,817.8
1503,509,34,1,59.14,59.14
1504,510,36,4,74.4,297.6
1505,511,27,3,345.01,1035.03
1506,512,38,5,11.87,59.35
1507,513,90,5,157.77,788.85
1508,513,28,5,87.71,438.55
1509,513,57,3,55.2,165.6
1510,513,32,3,260.99,782.97
1511,513,97,4,425.33,1701.32
1512,514,44,5,71.57,357.85
1513,514,94,1,41.72,41.72
1514,514,93,1,266.65,266.65
1515,514,77,2,112.25,224.5
1516,514,86,3,450.1,1350.3
1517,515,99,4,107.85,431.4
1518,515,45,4,444.26,1777.04
1519,515,3,2,321.8,643.6
1520,516,44,1,71.57,71.57
1521,517,46,3,446.64,1339.92
1522,517,99,2,107.85,215.7
1523,518,10,4,402.34,1609.36
1524,518,53,3,120.42,361.26
1525,518,94,1,41.72,41.72
1526,518,53,4,120.42,481.68
1527,518,60,5,358.88,1794.4
1528,519,33,5,329.42,1647.1
1529,519,5,1,142.14,142.14
1530,519,87,3,476.96,1430.88
1531,519,9,3,133.05,399.15
1532,519,43,4,250.15,1000.6
1533,520,21,4,488.47,1953.88
1534,520,46,3,446.64,1339.92
1535,520,64,5,325.29,1626.45
1536,520,38,3,11.87,35.61
1537,521,66,1,384.26,384.26
1538,522,47,5,218.62,1093.1
1539,522,9,3,133.05,399.15
1540,522,94,4,41.72,166.88
1541,522,36,2,74.4,148.8
1542,523,78,2,279.16,558.32
1543,523,66,3,384.26,1152.78
1544,523,76,2,273.1,546.2
1545,523,78,4,279.16,1116.64
1546,524,6,4,121.04,484.16
1547,524,15,2,371.75,743.5
1548,524,46,4,446.64,1786.56
1549,525,76,1,273.1,273.1
1550,525,27,4,345.01,1380.04
1551,525,99,5,107.85,539.25
1552,525,39,1,461.01,461.01
1553,526,10,4,402.34,1609.36
1554,527,15,2,371.75,743.5
1555,527,100,5,38.05,190.25
1556,527,37,2,463.79,927.58
1557,527,66,5,384.26,1921.3
1558,527,77,4,112.25,449
1559,528,70,5,303.87,1519.35
1560,528,48,1,391.48,391.48
1561,528,21,2,488.47,976.94
1562,528,7,1,402.41,402.41
1563,529,15,5,371.75,1858.75
1564,529,32,3,260.99,782.97
1565,529,4,5,117.56,587.8
1566,529,93,2,266.65,533.3
1567,530,41,1,314.73,314.73
1568,530,15,5,371.75,1858.75
1569,531,55,5,205.95,1029.75
1570,531,9,5,133.05,665.25
1571,532,31,3,214.73,644.19
1572,532,60,2,358.88,717.76
1573,532,40,1,144.16,144.16
1574,532,93,4,266.65,1066.6
1575,532,23,4,272.6,1090.4
1576,533,5,2,142.14,284.28
1577,533,24,1,217.84,217.84
1578,533,54,1,375.27,375.27
1579,533,32,3,260.99,782.97
1580,534,54,3,375.27,1125.81
1581,534,8,3,30.66,91.98
1582,535,74,4,325.4,1301.6
1583,536,56,3,180.06,540.18
1584,537,79,2,34.53,69.06
1585,537,10,2,402.34,804.68
1586,537,51,2,101.56,203.12
1587,537,7,2,402.41,804.82
1588,537,10,1,402.34,402.34
1589,538,36,1,74.4,74.4
1590,538,45,4,444.26,1777.04
1591,538,26,1,313.45,313.45
1592,538,3,1,321.8,321.8
1593,539,74,3,325.4,976.2
1594,539,52,5,403.26,2016.3
1595,539,22,3,202.6,607.8
1596,540,56,3,180.06,540.18
1597,540,26,4,313.45,1253.8
1598,540,24,1,217.84,217.84
1599,541,58,1,433.93,433.93
1600,541,34,3,59.14,177.42
1601,541,52,1,403.26,403.26
1602,541,56,5,180.06,900.3
1603,542,96,2,130.71,261.42
1604,542,75,3,33.9,101.7
1605,542,73,1,487.67,487.67
1606,542,26,3,313.45,940.35
1607,542,59,1,330.91,330.91
1608,543,87,2,476.96,953.92
1609,543,61,3,135.79,407.37
1610,543,52,3,403.26,1209.78
1611,543,73,4,487.67,1950.68
1612,544,24,5,217.84,1089.2
1613,544,99,2,107.85,215.7
1614,544,39,1,461.01,461.01
1615,544,21,4,488.47,1953.88
1616,545,56,2,180.06,360.12
1617,545,12,3,235.36,706.08
1618,545,9,3,133.05,399.15
1619,545,78,4,279.16,1116.64
1620,546,51,4,101.56,406.24
1621,546,17,4,480.38,1921.52
1622,546,36,2,74.4,148.8
1623,546,33,1,329.42,329.42
1624,546,54,2,375.27,750.54
1625,547,77,3,112.25,336.75
1626,547,50,5,360.67,1803.35
1627,548,100,1,38.05,38.05
1628,549,21,4,488.47,1953.88
1629,549,78,4,279.16,1116.64
1630,549,99,1,107.85,107.85
1631,549,17,4,480.38,1921.52
1632,550,11,5,147.32,736.6
1633,550,37,2,463.79,927.58
1634,551,95,3,442.92,1328.76
1635,551,46,5,446.64,2233.2
1636,552,50,5,360.67,1803.35
1637,552,85,4,448.65,1794.6
1638,552,28,4,87.71,350.84
1639,552,27,1,345.01,345.01
1640,553,84,1,397.33,397.33
1641,554,94,1,41.72,41.72
1642,554,27,5,345.01,1725.05
1643,554,80,1,165.82,165.82
1644,554,25,2,144.29,288.58
1645,554,41,1,314.73,314.73
1646,555,82,4,71.64,286.56
1647,555,21,1,488.47,488.47
1648,555,43,5,250.15,1250.75
1649,556,56,1,180.06,180.06
1650,556,23,2,272.6,545.2
1651,556,92,1,34.18,34.18
1652,557,72,4,152.08,608.32
1653,558,90,1,157.77,157.77
1654,558,13,4,234.45,937.8
1655,558,72,2,152.08,304.16
1656,559,75,1,33.9,33.9
1657,560,33,3,329.42,988.26
1658,560,43,4,250.15,1000.6
1659,560,81,3,499.89,1499.67
1660,560,69,5,414.94,2074.7
1661,561,87,5,476.96,2384.8
1662,561,19,3,280.77,842.31
1663,561,98,3,140.33,420.99
1664,562,60,2,358.88,717.76
1665,563,49,2,388.97,777.94
1666,563,30,5,70.69,353.45
1667,563,67,1,146.48,146.48
1668,563,52,2,403.26,806.52
1669,564,22,3,202.6,607.8
1670,564,27,2,345.01,690.02
1671,565,83,3,130.62,391.86
1672,565,66,4,384.26,1537.04
1673,566,18,1,423.15,423.15
1674,566,77,3,112.25,336.75
1675,566,80,3,165.82,497.46
1676,566,42,2,10.28,20.56
1677,567,7,4,402.41,1609.64
1678,567,72,5,152.08,760.4
1679,567,80,2,165.82,331.64
1680,567,97,5,425.33,2126.65
1681,567,14,5,472.64,2363.2
1682,568,68,1,100.19,100.19
1683,568,72,4,152.08,608.32
1684,569,39,5,461.01,2305.05
1685,570,86,3,450.1,1350.3
1686,570,70,4,303.87,1215.48
1687,571,38,1,11.87,11.87
1688,571,52,4,403.26,1613.04
1689,571,54,2,375.27,750.54
1690,571,23,2,272.6,545.2
1691,572,49,2,388.97,777.94
1692,572,42,2,10.28,20.56
1693,573,59,5,330.91,1654.55
1694,574,59,5,330.91,1654.55
1695,575,13,5,234.45,1172.25
1696,576,14,4,472.64,1890.56
1697,577,23,2,272.6,545.2
1698,577,1,1,483.17,483.17
1699,577,61,1,135.79,135.79
1700,577,11,4,147.32,589.28
1701,577,67,2,146.48,292.96
1702,578,8,2,30.66,61.32
1703,578,23,3,272.6,817.8
1704,578,49,3,388.97,1166.91
1705,578,58,2,433.93,867.86
1706,578,50,5,360.67,1803.35
1707,579,11,2,147.32,294.64
1708,579,57,4,55.2,220.8
1709,579,37,1,463.79,463.79
1710,579,14,3,472.64,1417.92
1711,580,4,4,117.56,470.24
1712,580,51,4,101.56,406.24
1713,580,63,2,229.68,459.36
1714,580,17,2,480.38,960.76
1715,580,96,3,130.71,392.13
1716,581,52,2,403.26,806.52
1717,581,82,5,71.64,358.2
1718,582,92,3,34.18,102.54
1719,583,69,5,414.94,2074.7
1720,584,35,3,18.87,56.61
1721,584,45,4,444.26,1777.04
1722,584,87,5,476.96,2384.8
1723,585,37,1,463.79,463.79
1724,585,81,1,499.89,499.89
1725,585,85,2,448.65,897.3
1726,585,99,1,107.85,107.85
1727,586,2,2,243.6,487.2
1728,586,8,1,30.66,30.66
1729,586,29,1,122.88,122.88
1730,586,46,2,446.64,893.28
1731,586,17,5,480.38,2401.9
1732,587,79,4,34.53,138.12
1733,587,3,1,321.8,321.8
1734,587,69,3,414.94,1244.82
1735,587,26,4,313.45,1253.8
1736,587,79,1,34.53,34.53
1737,588,73,4,487.67,1950.68
1738,588,37,5,463.79,2318.95
1739,588,56,4,180.06,720.24
1740,588,30,1,70.69,70.69
1741,589,74,5,325.4,1627
1742,589,100,5,38.05,190.25
1743,589,61,2,135.79,271.58
1744,589,8,1,30.66,30.66
1745,590,88,4,275.64,1102.56
1746,590,65,3,72.5,217.5
1747,590,23,4,272.6,1090.4
1748,590,4,4,117.56,470.24
1749,591,21,2,488.47,976.94
1750,591,92,4,34.18,136.72
1751,591,38,5,11.87,59.35
1752,592,51,2,101.56,203.12
1753,592,63,3,229.68,689.04
1754,592,10,3,402.34,1207.02
1755,593,12,3,235.36,706.08
1756,593,32,4,260.99,1043.96
1757,593,12,1,235.36,235.36
1758,593,65,2,72.5,145
1759,593,20,1,181.13,181.13
1760,594,80,5,165.82,829.1
1761,594,19,5,280.77,1403.85
1762,595,1,1,483.17,483.17
1763,596,62,2,144.69,289.38
1764,596,53,4,120.42,481.68
1765,596,51,4,101.56,406.24
1766,597,7,4,402.41,1609.64
1767,598,40,5,144.16,720.8
1768,598,95,4,442.92,1771.68
1769,598,25,2,144.29,288.58
1770,599,32,1,260.99,260.99
1771,599,49,3,388.97,1166.91
1772,599,13,2,234.45,468.9
1773,599,49,1,388.97,388.97
1774,600,80,5,165.82,829.1
1775,600,33,2,329.42,658.84
1776,600,65,1,72.5,72.5
1777,600,62,3,144.69,434.07
1778,601,39,2,461.01,922.02
1779,601,62,5,144.69,723.45
1780,601,63,2,229.68,459.36
1781,601,1,5,483.17,2415.85
1782,601,94,1,41.72,41.72
1783,602,98,3,140.33,420.99
1784,603,78,5,279.16,1395.8
1785,603,11,1,147.32,147.32
1786,603,67,4,146.48,585.92
1787,604,32,5,260.99,1304.95
1788,605,34,1,59.14,59.14
1789,605,30,5,70.69,353.45
1790,605,24,1,217.84,217.84
1791,605,87,1,476.96,476.96
1792,605,11,5,147.32,736.6
1793,606,86,4,450.1,1800.4
1794,606,12,2,235.36,470.72
1795,607,57,2,55.2,110.4
1796,607,53,4,120.42,481.68
1797,607,92,5,34.18,170.9
1798,608,24,1,217.84,217.84
1799,608,18,4,423.15,1692.6
1800,609,7,2,402.41,804.82
1801,610,31,5,214.73,1073.65
1802,610,15,2,371.75,743.5
1803,610,22,4,202.6,810.4
1804,610,52,4,403.26,1613.04
1805,610,51,3,101.56,304.68
1806,611,3,4,321.8,1287.2
1807,612,46,2,446.64,893.28
1808,612,34,5,59.14,295.7
1809,613,29,4,122.88,491.52
1810,613,86,1,450.1,450.1
1811,613,48,2,391.48,782.96
1812,613,55,3,205.95,617.85
1813,613,74,1,325.4,325.4
1814,614,99,1,107.85,107.85
1815,614,74,3,325.4,976.2
1816,614,26,4,313.45,1253.8
1817,615,76,1,273.1,273.1
1818,615,49,3,388.97,1166.91
1819,615,89,3,63.06,189.18
1820,615,95,3,442.92,1328.76
1821,615,45,3,444.26,1332.78
1822,616,59,4,330.91,1323.64
1823,616,9,4,133.05,532.2
1824,616,51,5,101.56,507.8
1825,617,80,1,165.82,165.82
1826,617,90,2,157.77,315.54
1827,617,2,2,243.6,487.2
1828,617,19,1,280.77,280.77
1829,618,15,4,371.75,1487
1830,619,73,5,487.67,2438.35
1831,619,15,1,371.75,371.75
1832,619,82,5,71.64,358.2
1833,619,83,4,130.62,522.48
1834,619,100,5,38.05,190.25
1835,620,95,4,442.92,1771.68
1836,621,29,2,122.88,245.76
1837,621,51,2,101.56,203.12
1838,621,47,2,218.62,437.24
1839,621,84,2,397.33,794.66
1840,621,17,4,480.38,1921.52
1841,622,99,5,107.85,539.25
1842,622,98,5,140.33,701.65
1843,622,29,3,122.88,368.64
1844,622,96,4,130.71,522.84
1845,622,28,3,87.71,263.13
1846,623,58,2,433.93,867.86
1847,623,47,3,218.62,655.86
1848,623,77,3,112.25,336.75
1849,624,80,2,165.82,331.64
1850,625,72,3,152.08,456.24
1851,625,16,4,465.73,1862.92
1852,625,14,4,472.64,1890.56
1853,626,95,3,442.92,1328.76
1854,626,62,3,144.69,434.07
1855,626,44,3,71.57,214.71
1856,627,61,1,135.79,135.79
1857,628,11,4,147.32,589.28
1858,628,10,2,402.34,804.68
1859,629,9,1,133.05,133.05
1860,629,13,3,234.45,703.35
1861,629,29,1,122.88,122.88
1862,630,98,5,140.33,701.65
1863,630,17,2,480.38,960.76
1864,630,48,5,391.48,1957.4
1865,630,73,5,487.67,2438.35
1866,631,29,5,122.88,614.4
1867,631,100,5,38.05,190.25
1868,631,39,2,461.01,922.02
1869,632,87,2,476.96,953.92
1870,632,36,5,74.4,372
1871,633,44,4,71.57,286.28
1872,633,88,5,275.64,1378.2
1873,634,7,4,402.41,1609.64
1874,634,58,3,433.93,1301.79
1875,634,42,1,10.28,10.28
1876,634,53,3,120.42,361.26
1877,635,69,3,414.94,1244.82
1878,635,60,2,358.88,717.76
1879,635,84,1,397.33,397.33
1880,635,77,3,112.25,336.75
1881,635,100,5,38.05,190.25
1882,636,67,5,146.48,732.4
1883,637,73,2,487.67,975.34
1884,637,30,2,70.69,141.38
1885,637,87,2,476.96,953.92
1886,637,69,1,414.94,414.94
1887,638,57,4,55.2,220.8
1888,638,78,3,279.16,837.48
1889,638,64,1,325.29,325.29
1890,638,34,2,59.14,118.28
1891,638,11,2,147.32,294.64
1892,639,94,5,41.72,208.6
1893,639,99,1,107.85,107.85
1894,640,16,5,465.73,2328.65
1895,640,92,5,34.18,170.9
1896,640,97,5,425.33,2126.65
1897,640,17,5,480.38,2401.9
1898,641,26,3,313.45,940.35
1899,641,97,2,425.33,850.66
1900,641,32,4,260.99,1043.96
1901,642,83,1,130.62,130.62
1902,642,39,5,461.01,2305.05
1903,642,82,3,71.64,214.92
1904,642,100,4,38.05,152.2
1905,642,6,3,121.04,363.12
1906,643,90,3,157.77,473.31
1907,643,30,4,70.69,282.76
1908,643,10,3,402.34,1207.02
1909,643,10,4,402.34,1609.36
1910,644,7,2,402.41,804.82
1911,644,39,2,461.01,922.02
1912,644,28,5,87.71,438.55
1913,645,4,1,117.56,117.56
1914,645,41,1,314.73,314.73
1915,645,46,2,446.64,893.28
1916,646,16,3,465.73,1397.19
1917,646,3,2,321.8,643.6
1918,646,45,5,444.26,2221.3
1919,646,27,1,345.01,345.01
1920,646,5,1,142.14,142.14
1921,647,90,4,157.77,631.08
1922,647,16,2,465.73,931.46
1923,647,36,4,74.4,297.6
1924,647,46,3,446.64,1339.92
1925,648,35,4,18.87,75.48
1926,648,91,3,196.31,588.93
1927,649,81,3,499.89,1499.67
1928,649,24,2,217.84,435.68
1929,650,43,5,250.15,1250.75
1930,650,26,3,313.45,940.35
1931,650,13,5,234.45,1172.25
1932,650,3,2,321.8,643.6
1933,651,37,4,463.79,1855.16
1934,651,38,1,11.87,11.87
1935,651,68,2,100.19,200.38
1936,651,22,4,202.6,810.4
1937,652,31,3,214.73,644.19
1938,653,31,5,214.73,1073.65
1939,653,79,3,34.53,103.59
1940,653,4,1,117.56,117.56
1941,653,49,2,388.97,777.94
1942,654,74,1,325.4,325.4
1943,654,82,1,71.64,71.64
1944,655,60,4,358.88,1435.52
1945,655,38,2,11.87,23.74
1946,655,37,1,463.79,463.79
1947,655,55,5,205.95,1029.75
1948,655,14,3,472.64,1417.92
1949,656,12,3,235.36,706.08
1950,656,78,2,279.16,558.32
1951,656,91,1,196.31,196.31
1952,656,46,5,446.64,2233.2
1953,656,6,1,121.04,121.04
1954,657,77,4,112.25,449
1955,657,99,1,107.85,107.85
1956,657,22,4,202.6,810.4
1957,658,88,1,275.64,275.64
1958,658,7,4,402.41,1609.64
1959,658,20,3,181.13,543.39
1960,658,9,5,133.05,665.25
1961,658,59,2,330.91,661.82
1962,659,59,5,330.91,1654.55
1963,660,31,4,214.73,858.92
1964,661,8,5,30.66,153.3
1965,661,53,2,120.42,240.84
1966,661,86,1,450.1,450.1
1967,662,71,5,77.6,388
1968,662,55,4,205.95,823.8
1969,662,19,1,280.77,280.77
1970,663,2,3,243.6,730.8
1971,663,76,4,273.1,1092.4
1972,664,22,2,202.6,405.2
1973,664,45,4,444.26,1777.04
1974,664,56,2,180.06,360.12
1975,664,64,2,325.29,650.58
1976,665,97,2,425.33,850.66
1977,666,56,5,180.06,900.3
1978,667,5,4,142.14,568.56
1979,667,87,4,476.96,1907.84
1980,668,7,4,402.41,1609.64
1981,668,67,2,146.48,292.96
1982,668,22,4,202.6,810.4
1983,668,80,3,165.82,497.46
1984,669,22,5,202.6,1013
1985,669,54,5,375.27,1876.35
1986,670,38,3,11.87,35.61
1987,670,67,3,146.48,439.44
1988,671,11,4,147.32,589.28
1989,671,29,5,122.88,614.4
1990,671,22,3,202.6,607.8
1991,671,91,4,196.31,785.24
1992,672,44,4,71.57,286.28
1993,672,94,2,41.72,83.44
1994,673,7,2,402.41,804.82
1995,673,60,5,358.88,1794.4
1996,673,75,1,33.9,33.9
1997,673,12,5,235.36,1176.8
1998,673,73,2,487.67,975.34
1999,674,49,4,388.97,1555.88
2000,674,34,4,59.14,236.56
2001,674,63,3,229.68,689.04
2002,674,94,3,41.72,125.16
2003,674,87,5,476.96,2384.8
2004,675,17,2,480.38,960.76
2005,675,47,3,218.62,655.86
2006,675,98,4,140.33,561.32
2007,675,5,2,142.14,284.28
2008,676,82,1,71.64,71.64
2009,676,22,1,202.6,202.6
2010,676,52,2,403.26,806.52
2011,677,25,3,144.29,432.87
2012,678,66,1,384.26,384.26
2013,678,73,5,487.67,2438.35
2014,678,58,4,433.93,1735.72
2015,678,98,1,140.33,140.33
2016,678,92,1,34.18,34.18
2017,679,87,3,476.96,1430.88
2018,680,88,3,275.64,826.92
2019,680,54,3,375.27,1125.81
2020,680,22,4,202.6,810.4
2021,681,19,1,280.77,280.77
2022,681,18,3,423.15,1269.45
2023,681,17,3,480.38,1441.14
2024,681,23,2,272.6,545.2
2025,682,13,5,234.45,1172.25
2026,682,20,2,181.13,362.26
2027,682,73,4,487.67,1950.68
2028,683,46,2,446.64,893.28
2029,683,41,4,314.73,1258.92
2030,683,71,2,77.6,155.2
2031,683,15,5,371.75,1858.75
2032,683,9,3,133.05,399.15
2033,684,97,5,425.33,2126.65
2034,684,48,5,391.48,1957.4
2035,684,31,2,214.73,429.46
2036,685,48,2,391.48,782.96
2037,685,60,2,358.88,717.76
2038,685,60,4,358.88,1435.52
2039,686,97,3,425.33,1275.99
2040,686,97,1,425.33,425.33
2041,686,19,5,280.77,1403.85
2042,687,33,1,329.42,329.42
2043,687,78,1,279.16,279.16
2044,687,89,4,63.06,252.24
2045,687,55,1,205.95,205.95
2046,688,39,1,461.01,461.01
2047,689,89,4,63.06,252.24
2048,689,43,5,250.15,1250.75
2049,689,16,5,465.73,2328.65
2050,690,83,1,130.62,130.62
2051,690,29,1,122.88,122.88
2052,690,34,1,59.14,59.14
2053,690,50,3,360.67,1082.01
2054,690,32,4,260.99,1043.96
2055,691,17,1,480.38,480.38
2056,691,27,2,345.01,690.02
2057,692,85,4,448.65,1794.6
2058,692,33,1,329.42,329.42
2059,692,8,5,30.66,153.3
2060,692,86,1,450.1,450.1
2061,692,45,2,444.26,888.52
2062,693,17,4,480.38,1921.52
2063,693,19,4,280.77,1123.08
2064,693,98,1,140.33,140.33
2065,693,92,1,34.18,34.18
2066,694,36,2,74.4,148.8
2067,694,89,4,63.06,252.24
2068,695,70,1,303.87,303.87
2069,695,12,4,235.36,941.44
2070,695,58,1,433.93,433.93
2071,696,41,5,314.73,1573.65
2072,696,84,5,397.33,1986.65
2073,696,95,5,442.92,2214.6
2074,697,48,1,391.48,391.48
2075,697,11,3,147.32,441.96
2076,697,35,3,18.87,56.61
2077,698,27,5,345.01,1725.05
2078,698,85,1,448.65,448.65
2079,698,98,1,140.33,140.33
2080,699,72,1,152.08,152.08
2081,699,15,4,371.75,1487
2082,699,47,4,218.62,874.48
2083,699,62,2,144.69,289.38
2084,699,98,1,140.33,140.33
2085,700,72,5,152.08,760.4
2086,700,52,4,403.26,1613.04
2087,701,8,3,30.66,91.98
2088,702,64,3,325.29,975.87
2089,702,30,5,70.69,353.45
2090,702,82,1,71.64,71.64
2091,703,45,2,444.26,888.52
2092,703,89,3,63.06,189.18
2093,703,34,1,59.14,59.14
2094,704,84,3,397.33,1191.99
2095,704,97,2,425.33,850.66
2096,704,5,5,142.14,710.7
2097,704,44,2,71.57,143.14
2098,704,57,4,55.2,220.8
2099,705,64,1,325.29,325.29
2100,705,97,3,425.33,1275.99
2101,705,78,1,279.16,279.16
2102,705,15,2,371.75,743.5
2103,706,69,1,414.94,414.94
2104,706,46,4,446.64,1786.56
2105,707,72,3,152.08,456.24
2106,707,89,2,63.06,126.12
2107,707,48,3,391.48,1174.44
2108,707,60,1,358.88,358.88
2109,707,54,2,375.27,750.54
2110,708,36,3,74.4,223.2
2111,708,5,4,142.14,568.56
2112,708,63,1,229.68,229.68
2113,708,11,3,147.32,441.96
2114,709,17,3,480.38,1441.14
2115,709,69,3,414.94,1244.82
2116,710,15,1,371.75,371.75
2117,710,42,5,10.28,51.4
2118,710,35,1,18.87,18.87
2119,710,56,4,180.06,720.24
2120,711,59,4,330.91,1323.64
2121,712,75,1,33.9,33.9
2122,712,17,5,480.38,2401.9
2123,712,98,1,140.33,140.33
2124,712,39,2,461.01,922.02
2125,713,71,3,77.6,232.8
2126,713,40,3,144.16,432.48
2127,713,89,3,63.06,189.18
2128,713,22,4,202.6,810.4
2129,714,45,1,444.26,444.26
2130,714,36,2,74.4,148.8
2131,714,20,1,181.13,181.13
2132,714,26,1,313.45,313.45
2133,714,83,2,130.62,261.24
2134,715,96,4,130.71,522.84
2135,715,46,5,446.64,2233.2
2136,715,65,4,72.5,290
2137,715,5,5,142.14,710.7
2138,715,37,4,463.79,1855.16
2139,716,68,4,100.19,400.76
2140,716,95,5,442.92,2214.6
2141,717,74,1,325.4,325.4
2142,717,68,4,100.19,400.76
2143,717,99,1,107.85,107.85
2144,717,31,5,214.73,1073.65
2145,718,68,5,100.19,500.95
2146,719,53,5,120.42,602.1
2147,719,86,4,450.1,1800.4
2148,719,100,2,38.05,76.1
2149,719,21,4,488.47,1953.88
2150,720,86,1,450.1,450.1
2151,720,93,1,266.65,266.65
2152,720,95,3,442.92,1328.76
2153,720,2,1,243.6,243.6
2154,721,95,4,442.92,1771.68
2155,722,52,3,403.26,1209.78
2156,722,39,2,461.01,922.02
2157,722,26,2,313.45,626.9
2158,722,5,4,142.14,568.56
2159,723,86,4,450.1,1800.4
2160,723,19,4,280.77,1123.08
2161,723,47,5,218.62,1093.1
2162,723,9,3,133.05,399.15
2163,723,36,2,74.4,148.8
2164,724,63,5,229.68,1148.4
2165,724,42,5,10.28,51.4
2166,725,54,5,375.27,1876.35
2167,725,9,5,133.05,665.25
2168,726,41,3,314.73,944.19
2169,726,90,2,157.77,315.54
2170,726,95,5,442.92,2214.6
2171,727,82,1,71.64,71.64
2172,728,15,4,371.75,1487
2173,728,54,3,375.27,1125.81
2174,728,60,3,358.88,1076.64
2175,729,67,1,146.48,146.48
2176,729,63,2,229.68,459.36
2177,730,8,2,30.66,61.32
2178,730,45,5,444.26,2221.3
2179,731,40,5,144.16,720.8
2180,731,38,5,11.87,59.35
2181,731,4,5,117.56,587.8
2182,731,25,3,144.29,432.87
2183,732,80,4,165.82,663.28
2184,733,86,3,450.1,1350.3
2185,733,48,3,391.48,1174.44
2186,733,96,3,130.71,392.13
2187,734,75,3,33.9,101.7
2188,734,92,2,34.18,68.36
2189,734,3,3,321.8,965.4
2190,734,3,2,321.8,643.6
2191,735,30,1,70.69,70.69
2192,736,95,3,442.92,1328.76
2193,737,78,4,279.16,1116.64
2194,738,1,2,483.17,966.34
2195,738,70,3,303.87,911.61
2196,738,98,4,140.33,561.32
2197,738,59,5,330.91,1654.55
2198,739,2,3,243.6,730.8
2199,739,89,1,63.06,63.06
2200,739,84,5,397.33,1986.65
2201,739,29,1,122.88,122.88
2202,740,33,5,329.42,1647.1
2203,740,85,5,448.65,2243.25
2204,740,95,4,442.92,1771.68
2205,740,83,3,130.62,391.86
2206,740,99,1,107.85,107.85
2207,741,57,5,55.2,276
2208,741,96,5,130.71,653.55
2209,741,43,1,250.15,250.15
2210,741,70,2,303.87,607.74
2211,742,61,3,135.79,407.37
2212,742,15,4,371.75,1487
2213,742,28,1,87.71,87.71
2214,742,60,5,358.88,1794.4
2215,743,51,4,101.56,406.24
2216,743,13,1,234.45,234.45
2217,744,24,2,217.84,435.68
2218,744,95,4,442.92,1771.68
2219,744,97,4,425.33,1701.32
2220,744,90,3,157.77,473.31
2221,744,21,5,488.47,2442.35
2222,745,87,4,476.96,1907.84
2223,745,65,4,72.5,290
2224,745,26,3,313.45,940.35
2225,745,9,4,133.05,532.2
2226,745,16,1,465.73,465.73
2227,746,63,3,229.68,689.04
2228,746,74,4,325.4,1301.6
2229,747,84,3,397.33,1191.99
2230,747,7,5,402.41,2012.05
2231,747,11,3,147.32,441.96
2232,747,68,5,100.19,500.95
2233,748,36,2,74.4,148.8
2234,748,73,4,487.67,1950.68
2235,749,1,2,483.17,966.34
2236,749,72,3,152.08,456.24
2237,749,65,5,72.5,362.5
2238,750,84,1,397.33,397.33
2239,750,56,2,180.06,360.12
2240,751,12,2,235.36,470.72
2241,751,15,3,371.75,1115.25
2242,752,86,1,450.1,450.1
2243,752,77,5,112.25,561.25
2244,752,94,2,41.72,83.44
2245,752,50,5,360.67,1803.35
2246,752,87,4,476.96,1907.84
2247,753,39,2,461.01,922.02
2248,753,33,5,329.42,1647.1
2249,753,80,5,165.82,829.1
2250,753,6,4,121.04,484.16
2251,754,21,2,488.47,976.94
2252,755,70,1,303.87,303.87
2253,755,75,5,33.9,169.5
2254,756,39,2,461.01,922.02
2255,757,18,4,423.15,1692.6
2256,757,46,5,446.64,2233.2
2257,758,84,3,397.33,1191.99
2258,759,57,2,55.2,110.4
2259,760,2,1,243.6,243.6
2260,760,78,3,279.16,837.48
2261,760,67,3,146.48,439.44
2262,761,100,5,38.05,190.25
2263,762,39,2,461.01,922.02
2264,762,4,1,117.56,117.56
2265,763,74,1,325.4,325.4
2266,763,55,3,205.95,617.85
2267,763,48,1,391.48,391.48
2268,763,83,2,130.62,261.24
2269,764,70,5,303.87,1519.35
2270,764,59,4,330.91,1323.64
2271,764,7,1,402.41,402.41
2272,764,53,1,120.42,120.42
2273,764,39,3,461.01,1383.03
2274,765,50,4,360.67,1442.68
2275,766,71,4,77.6,310.4
2276,766,64,3,325.29,975.87
2277,766,55,2,205.95,411.9
2278,767,93,1,266.65,266.65
2279,767,56,5,180.06,900.3
2280,767,36,4,74.4,297.6
2281,767,87,5,476.96,2384.8
2282,767,98,5,140.33,701.65
2283,768,95,2,442.92,885.84
2284,768,39,3,461.01,1383.03
2285,769,38,3,11.87,35.61
2286,769,31,2,214.73,429.46
2287,769,44,3,71.57,214.71
2288,770,11,5,147.32,736.6
2289,770,92,4,34.18,136.72
2290,771,34,1,59.14,59.14
2291,772,88,4,275.64,1102.56
2292,772,31,3,214.73,644.19
2293,772,2,1,243.6,243.6
2294,772,25,3,144.29,432.87
2295,772,28,2,87.71,175.42
2296,773,57,4,55.2,220.8
2297,773,46,1,446.64,446.64
2298,773,89,4,63.06,252.24
2299,774,68,1,100.19,100.19
2300,774,60,4,358.88,1435.52
2301,774,69,4,414.94,1659.76
2302,775,27,3,345.01,1035.03
2303,775,30,5,70.69,353.45
2304,775,25,3,144.29,432.87
2305,775,60,2,358.88,717.76
2306,776,25,2,144.29,288.58
2307,776,47,2,218.62,437.24
2308,776,29,2,122.88,245.76
2309,777,43,4,250.15,1000.6
2310,777,93,5,266.65,1333.25
2311,778,36,3,74.4,223.2
2312,778,58,1,433.93,433.93
2313,778,100,4,38.05,152.2
2314,779,80,4,165.82,663.28
2315,780,100,5,38.05,190.25
2316,781,39,2,461.01,922.02
2317,781,17,2,480.38,960.76
2318,781,60,3,358.88,1076.64
2319,781,68,3,100.19,300.57
2320,782,22,4,202.6,810.4
2321,783,40,2,144.16,288.32
2322,783,30,2,70.69,141.38
2323,783,47,4,218.62,874.48
2324,783,77,5,112.25,561.25
2325,783,3,4,321.8,1287.2
2326,784,32,1,260.99,260.99
2327,784,21,3,488.47,1465.41
2328,784,58,3,433.93,1301.79
2329,785,73,2,487.67,975.34
2330,785,31,5,214.73,1073.65
2331,785,80,3,165.82,497.46
2332,785,86,3,450.1,1350.3
2333,785,82,2,71.64,143.28
2334,786,8,1,30.66,30.66
2335,786,18,4,423.15,1692.6
2336,787,73,1,487.67,487.67
2337,787,10,3,402.34,1207.02
2338,787,72,1,152.08,152.08
2339,787,59,3,330.91,992.73
2340,787,84,2,397.33,794.66
2341,788,75,2,33.9,67.8
2342,788,34,2,59.14,118.28
2343,789,4,5,117.56,587.8
2344,789,63,5,229.68,1148.4
2345,789,32,1,260.99,260.99
2346,789,20,3,181.13,543.39
2347,790,26,3,313.45,940.35
2348,790,20,2,181.13,362.26
2349,790,52,2,403.26,806.52
2350,790,88,4,275.64,1102.56
2351,790,55,5,205.95,1029.75
2352,791,72,2,152.08,304.16
2353,791,65,4,72.5,290
2354,791,21,4,488.47,1953.88
2355,791,24,1,217.84,217.84
2356,791,53,4,120.42,481.68
2357,792,12,3,235.36,706.08
2358,792,23,1,272.6,272.6
2359,792,37,1,463.79,463.79
2360,792,3,3,321.8,965.4
2361,793,26,3,313.45,940.35
2362,793,97,2,425.33,850.66
2363,793,98,5,140.33,701.65
2364,793,50,1,360.67,360.67
2365,794,91,2,196.31,392.62
2366,794,6,4,121.04,484.16
2367,794,68,4,100.19,400.76
2368,795,90,2,157.77,315.54
2369,796,50,4,360.67,1442.68
2370,797,69,5,414.94,2074.7
2371,797,64,1,325.29,325.29
2372,797,74,5,325.4,1627
2373,797,60,3,358.88,1076.64
2374,797,90,2,157.77,315.54
2375,798,9,4,133.05,532.2
2376,798,90,5,157.77,788.85
2377,798,3,1,321.8,321.8
2378,799,87,5,476.96,2384.8
2379,799,65,2,72.5,145
2380,799,31,4,214.73,858.92
2381,800,87,5,476.96,2384.8
2382,801,18,3,423.15,1269.45
2383,801,70,4,303.87,1215.48
2384,802,28,2,87.71,175.42
2385,802,74,3,325.4,976.2
2386,802,51,1,101.56,101.56
2387,802,100,4,38.05,152.2
2388,802,95,4,442.92,1771.68
2389,803,1,5,483.17,2415.85
2390,803,98,5,140.33,701.65
2391,803,11,5,147.32,736.6
2392,803,3,5,321.8,1609
2393,804,36,5,74.4,372
2394,804,24,5,217.84,1089.2
2395,805,48,5,391.48,1957.4
2396,806,83,2,130.62,261.24
2397,806,64,1,325.29,325.29
2398,807,29,2,122.88,245.76
2399,807,28,1,87.71,87.71
2400,808,20,4,181.13,724.52
2401,808,23,3,272.6,817.8
2402,808,99,5,107.85,539.25
2403,808,35,4,18.87,75.48
2404,808,35,3,18.87,56.61
2405,809,100,4,38.05,152.2
2406,810,86,3,450.1,1350.3
2407,810,42,1,10.28,10.28
2408,810,99,3,107.85,323.55
2409,811,79,4,34.53,138.12
2410,811,42,4,10.28,41.12
2411,811,37,5,463.79,2318.95
2412,812,46,3,446.64,1339.92
2413,812,14,1,472.64,472.64
2414,812,84,5,397.33,1986.65
2415,812,8,2,30.66,61.32
2416,813,94,1,41.72,41.72
2417,813,64,2,325.29,650.58
2418,813,71,3,77.6,232.8
2419,813,99,3,107.85,323.55
2420,813,13,2,234.45,468.9
2421,814,51,4,101.56,406.24
2422,814,23,1,272.6,272.6
2423,815,38,4,11.87,47.48
2424,815,79,4,34.53,138.12
2425,815,60,4,358.88,1435.52
2426,816,68,4,100.19,400.76
2427,816,25,4,144.29,577.16
2428,816,82,1,71.64,71.64
2429,816,86,3,450.1,1350.3
2430,816,33,1,329.42,329.42
2431,817,63,1,229.68,229.68
2432,818,17,2,480.38,960.76
2433,818,55,1,205.95,205.95
2434,818,70,5,303.87,1519.35
2435,818,11,4,147.32,589.28
2436,819,50,1,360.67,360.67
2437,819,61,1,135.79,135.79
2438,820,62,2,144.69,289.38
2439,821,20,1,181.13,181.13
2440,822,8,3,30.66,91.98
2441,823,7,3,402.41,1207.23
2442,823,77,4,112.25,449
2443,823,41,5,314.73,1573.65
2444,823,13,5,234.45,1172.25
2445,824,80,3,165.82,497.46
2446,824,38,1,11.87,11.87
2447,824,37,1,463.79,463.79
2448,824,28,1,87.71,87.71
2449,825,34,2,59.14,118.28
2450,825,69,5,414.94,2074.7
2451,825,88,2,275.64,551.28
2452,825,25,5,144.29,721.45
2453,825,63,5,229.68,1148.4
2454,826,49,4,388.97,1555.88
2455,826,8,1,30.66,30.66
2456,826,40,4,144.16,576.64
2457,826,89,1,63.06,63.06
2458,826,73,5,487.67,2438.35
2459,827,29,4,122.88,491.52
2460,827,3,1,321.8,321.8
2461,827,53,5,120.42,602.1
2462,827,13,5,234.45,1172.25
2463,827,20,2,181.13,362.26
2464,828,49,4,388.97,1555.88
2465,828,78,3,279.16,837.48
2466,828,8,3,30.66,91.98
2467,829,1,3,483.17,1449.51
2468,829,71,5,77.6,388
2469,829,46,1,446.64,446.64
2470,830,39,2,461.01,922.02
2471,830,88,4,275.64,1102.56
2472,831,15,3,371.75,1115.25
2473,831,24,5,217.84,1089.2
2474,832,8,4,30.66,122.64
2475,832,61,1,135.79,135.79
2476,832,36,1,74.4,74.4
2477,832,72,4,152.08,608.32
2478,833,56,1,180.06,180.06
2479,833,18,4,423.15,1692.6
2480,833,23,2,272.6,545.2
2481,833,57,1,55.2,55.2
2482,833,40,2,144.16,288.32
2483,834,49,1,388.97,388.97
2484,835,96,5,130.71,653.55
2485,835,11,5,147.32,736.6
2486,835,37,4,463.79,1855.16
2487,835,80,2,165.82,331.64
2488,835,87,5,476.96,2384.8
2489,836,40,5,144.16,720.8
2490,836,83,1,130.62,130.62
2491,837,90,2,157.77,315.54
2492,838,29,2,122.88,245.76
2493,839,24,2,217.84,435.68
2494,839,17,2,480.38,960.76
2495,839,76,4,273.1,1092.4
2496,840,19,1,280.77,280.77
2497,840,34,3,59.14,177.42
2498,841,41,1,314.73,314.73
2499,842,62,3,144.69,434.07
2500,843,55,1,205.95,205.95
2501,843,68,3,100.19,300.57
2502,843,33,3,329.42,988.26
2503,843,66,1,384.26,384.26
2504,843,51,4,101.56,406.24
2505,844,18,2,423.15,846.3
2506,844,16,3,465.73,1397.19
2507,844,54,3,375.27,1125.81
2508,844,79,5,34.53,172.65
2509,845,5,2,142.14,284.28
2510,845,88,4,275.64,1102.56
2511,845,51,5,101.56,507.8
2512,845,22,2,202.6,405.2
2513,846,51,1,101.56,101.56
2514,847,55,5,205.95,1029.75
2515,847,71,3,77.6,232.8
2516,847,78,2,279.16,558.32
2517,847,82,2,71.64,143.28
2518,848,17,1,480.38,480.38
2519,848,80,5,165.82,829.1
2520,848,3,4,321.8,1287.2
2521,848,89,2,63.06,126.12
2522,849,44,1,71.57,71.57
2523,850,53,4,120.42,481.68
2524,850,7,1,402.41,402.41
2525,850,54,4,375.27,1501.08
2526,850,28,1,87.71,87.71
2527,850,67,1,146.48,146.48
2528,851,44,1,71.57,71.57
2529,851,8,1,30.66,30.66
2530,851,42,1,10.28,10.28
2531,851,50,3,360.67,1082.01
2532,851,45,1,444.26,444.26
2533,852,74,5,325.4,1627
2534,852,19,5,280.77,1403.85
2535,852,50,5,360.67,1803.35
2536,852,45,2,444.26,888.52
2537,852,55,5,205.95,1029.75
2538,853,78,2,279.16,558.32
2539,853,37,1,463.79,463.79
2540,853,51,5,101.56,507.8
2541,853,92,3,34.18,102.54
2542,854,99,3,107.85,323.55
2543,854,27,4,345.01,1380.04
2544,854,63,1,229.68,229.68
2545,854,37,3,463.79,1391.37
2546,855,57,2,55.2,110.4
2547,855,38,5,11.87,59.35
2548,856,87,2,476.96,953.92
2549,856,33,2,329.42,658.84
2550,856,4,2,117.56,235.12
2551,856,32,5,260.99,1304.95
2552,857,19,2,280.77,561.54
2553,857,19,2,280.77,561.54
2554,857,66,3,384.26,1152.78
2555,857,57,3,55.2,165.6
2556,857,30,5,70.69,353.45
2557,858,60,5,358.88,1794.4
2558,859,92,5,34.18,170.9
2559,859,74,3,325.4,976.2
2560,860,66,3,384.26,1152.78
2561,860,97,5,425.33,2126.65
2562,860,67,3,146.48,439.44
2563,861,49,2,388.97,777.94
2564,862,17,1,480.38,480.38
2565,862,48,1,391.48,391.48
2566,863,46,3,446.64,1339.92
2567,863,64,3,325.29,975.87
2568,863,45,1,444.26,444.26
2569,864,82,4,71.64,286.56
2570,864,14,5,472.64,2363.2
2571,864,61,5,135.79,678.95
2572,865,2,1,243.6,243.6
2573,865,72,5,152.08,760.4
2574,865,6,1,121.04,121.04
2575,866,14,5,472.64,2363.2
2576,867,49,2,388.97,777.94
2577,868,87,1,476.96,476.96
2578,869,34,3,59.14,177.42
2579,870,10,1,402.34,402.34
2580,871,1,3,483.17,1449.51
2581,872,3,5,321.8,1609
2582,873,92,1,34.18,34.18
2583,874,44,4,71.57,286.28
2584,874,62,4,144.69,578.76
2585,874,55,2,205.95,411.9
2586,874,8,2,30.66,61.32
2587,875,30,4,70.69,282.76
2588,875,43,1,250.15,250.15
2589,875,82,4,71.64,286.56
2590,875,66,5,384.26,1921.3
2591,876,16,5,465.73,2328.65
2592,876,52,3,403.26,1209.78
2593,877,23,4,272.6,1090.4
2594,878,18,5,423.15,2115.75
2595,878,67,3,146.48,439.44
2596,878,14,3,472.64,1417.92
2597,878,72,3,152.08,456.24
2598,879,24,5,217.84,1089.2
2599,879,79,4,34.53,138.12
2600,879,12,3,235.36,706.08
2601,879,14,5,472.64,2363.2
2602,879,7,1,402.41,402.41
2603,880,45,1,444.26,444.26
2604,880,51,5,101.56,507.8
2605,881,52,3,403.26,1209.78
2606,881,24,5,217.84,1089.2
2607,881,16,2,465.73,931.46
2608,881,86,2,450.1,900.2
2609,881,4,5,117.56,587.8
2610,882,94,1,41.72,41.72
2611,883,46,2,446.64,893.28
2612,883,97,5,425.33,2126.65
2613,883,16,2,465.73,931.46
2614,884,45,1,444.26,444.26
2615,884,24,2,217.84,435.68
2616,885,21,4,488.47,1953.88
2617,885,25,1,144.29,144.29
2618,885,83,1,130.62,130.62
2619,886,77,4,112.25,449
2620,886,70,2,303.87,607.74
2621,886,48,4,391.48,1565.92
2622,886,63,5,229.68,1148.4
2623,886,90,2,157.77,315.54
2624,887,63,4,229.68,918.72
2625,887,42,4,10.28,41.12
2626,887,47,2,218.62,437.24
2627,887,12,3,235.36,706.08
2628,887,3,1,321.8,321.8
2629,888,41,4,314.73,1258.92
2630,888,61,3,135.79,407.37
2631,888,56,3,180.06,540.18
2632,888,97,5,425.33,2126.65
2633,889,69,2,414.94,829.88
2634,889,82,3,71.64,214.92
2635,890,23,2,272.6,545.2
2636,890,84,3,397.33,1191.99
2637,890,60,5,358.88,1794.4
2638,890,72,5,152.08,760.4
2639,891,59,5,330.91,1654.55
2640,892,10,4,402.34,1609.36
2641,892,65,5,72.5,362.5
2642,892,9,1,133.05,133.05
2643,892,40,3,144.16,432.48
2644,892,25,3,144.29,432.87
2645,893,4,3,117.56,352.68
2646,893,49,4,388.97,1555.88
2647,893,85,4,448.65,1794.6
2648,893,95,5,442.92,2214.6
2649,894,17,4,480.38,1921.52
2650,894,56,2,180.06,360.12
2651,895,15,5,371.75,1858.75
2652,895,13,5,234.45,1172.25
2653,895,41,3,314.73,944.19
2654,896,71,4,77.6,310.4
2655,896,21,2,488.47,976.94
2656,896,14,3,472.64,1417.92
2657,897,96,3,130.71,392.13
2658,897,59,4,330.91,1323.64
2659,897,66,1,384.26,384.26
2660,897,80,1,165.82,165.82
2661,898,42,2,10.28,20.56
2662,898,40,2,144.16,288.32
2663,899,77,4,112.25,449
2664,900,92,4,34.18,136.72
2665,901,39,4,461.01,1844.04
2666,901,44,1,71.57,71.57
2667,902,3,2,321.8,643.6
2668,902,53,2,120.42,240.84
2669,902,67,5,146.48,732.4
2670,902,89,3,63.06,189.18
2671,903,87,4,476.96,1907.84
2672,903,71,5,77.6,388
2673,904,90,2,157.77,315.54
2674,904,61,3,135.79,407.37
2675,904,75,3,33.9,101.7
2676,904,19,5,280.77,1403.85
2677,905,41,3,314.73,944.19
2678,905,61,4,135.79,543.16
2679,905,62,3,144.69,434.07
2680,905,79,2,34.53,69.06
2681,905,45,4,444.26,1777.04
2682,906,41,5,314.73,1573.65
2683,906,12,4,235.36,941.44
2684,906,16,2,465.73,931.46
2685,906,50,5,360.67,1803.35
2686,906,32,1,260.99,260.99
2687,907,49,2,388.97,777.94
2688,907,8,5,30.66,153.3
2689,907,95,4,442.92,1771.68
2690,908,34,2,59.14,118.28
2691,908,91,1,196.31,196.31
2692,908,1,3,483.17,1449.51
2693,909,23,5,272.6,1363
2694,909,25,5,144.29,721.45
2695,910,70,4,303.87,1215.48
2696,911,4,2,117.56,235.12
2697,911,14,5,472.64,2363.2
2698,911,84,1,397.33,397.33
2699,912,28,3,87.71,263.13
2700,912,80,3,165.82,497.46
2701,912,13,3,234.45,703.35
2702,912,46,4,446.64,1786.56
2703,913,88,2,275.64,551.28
2704,913,67,2,146.48,292.96
2705,913,47,3,218.62,655.86
2706,914,65,4,72.5,290
2707,914,38,3,11.87,35.61
2708,914,70,2,303.87,607.74
2709,914,13,3,234.45,703.35
2710,915,9,2,133.05,266.1
2711,916,61,4,135.79,543.16
2712,916,24,5,217.84,1089.2
2713,917,51,1,101.56,101.56
2714,917,74,2,325.4,650.8
2715,917,55,4,205.95,823.8
2716,917,13,5,234.45,1172.25
2717,918,40,3,144.16,432.48
2718,918,20,4,181.13,724.52
2719,918,58,5,433.93,2169.65
2720,918,76,2,273.1,546.2
2721,918,38,5,11.87,59.35
2722,919,88,5,275.64,1378.2
2723,919,12,2,235.36,470.72
2724,920,62,3,144.69,434.07
2725,920,18,2,423.15,846.3
2726,921,81,2,499.89,999.78
2727,921,34,5,59.14,295.7
2728,922,87,4,476.96,1907.84
2729,923,21,2,488.47,976.94
2730,923,73,4,487.67,1950.68
2731,923,91,2,196.31,392.62
2732,923,89,4,63.06,252.24
2733,924,17,1,480.38,480.38
2734,924,1,3,483.17,1449.51
2735,925,33,2,329.42,658.84
2736,925,43,4,250.15,1000.6
2737,925,80,1,165.82,165.82
2738,926,59,5,330.91,1654.55
2739,927,14,4,472.64,1890.56
2740,927,41,3,314.73,944.19
2741,928,24,4,217.84,871.36
2742,928,8,4,30.66,122.64
2743,928,44,4,71.57,286.28
2744,929,6,4,121.04,484.16
2745,929,65,3,72.5,217.5
2746,929,20,2,181.13,362.26
2747,929,57,1,55.2,55.2
2748,929,40,4,144.16,576.64
2749,930,4,4,117.56,470.24
2750,930,46,3,446.64,1339.92
2751,930,33,1,329.42,329.42
2752,930,28,3,87.71,263.13
2753,930,52,3,403.26,1209.78
2754,931,90,4,157.77,631.08
2755,932,7,5,402.41,2012.05
2756,932,25,5,144.29,721.45
2757,932,12,3,235.36,706.08
2758,932,10,2,402.34,804.68
2759,932,38,5,11.87,59.35
2760,933,91,1,196.31,196.31
2761,933,99,3,107.85,323.55
2762,933,36,4,74.4,297.6
2763,933,40,5,144.16,720.8
2764,934,69,3,414.94,1244.82
2765,934,64,2,325.29,650.58
2766,934,58,2,433.93,867.86
2767,934,67,2,146.48,292.96
2768,934,61,2,135.79,271.58
2769,935,82,5,71.64,358.2
2770,935,2,4,243.6,974.4
2771,935,98,3,140.33,420.99
2772,936,72,3,152.08,456.24
2773,936,37,3,463.79,1391.37
2774,936,51,4,101.56,406.24
2775,936,20,2,181.13,362.26
2776,936,9,5,133.05,665.25
2777,937,10,5,402.34,2011.7
2778,938,36,5,74.4,372
2779,938,23,1,272.6,272.6
2780,939,93,2,266.65,533.3
2781,939,5,3,142.14,426.42
2782,940,76,1,273.1,273.1
2783,940,28,3,87.71,263.13
2784,940,3,4,321.8,1287.2
2785,940,81,5,499.89,2499.45
2786,941,1,3,483.17,1449.51
2787,941,35,4,18.87,75.48
2788,941,66,1,384.26,384.26
2789,941,31,1,214.73,214.73
2790,942,31,5,214.73,1073.65
2791,942,40,1,144.16,144.16
2792,942,73,5,487.67,2438.35
2793,942,45,2,444.26,888.52
2794,943,25,5,144.29,721.45
2795,943,31,2,214.73,429.46
2796,943,72,4,152.08,608.32
2797,944,28,3,87.71,263.13
2798,944,33,4,329.42,1317.68
2799,944,37,2,463.79,927.58
2800,944,18,2,423.15,846.3
2801,945,59,5,330.91,1654.55
2802,945,27,1,345.01,345.01
2803,946,69,4,414.94,1659.76
2804,946,60,1,358.88,358.88
2805,946,41,1,314.73,314.73
2806,946,64,3,325.29,975.87
2807,947,48,4,391.48,1565.92
2808,947,85,1,448.65,448.65
2809,947,29,4,122.88,491.52
2810,947,8,5,30.66,153.3
2811,948,98,1,140.33,140.33
2812,948,70,5,303.87,1519.35
2813,948,76,4,273.1,1092.4
2814,948,85,2,448.65,897.3
2815,948,65,2,72.5,145
2816,949,75,4,33.9,135.6
2817,949,99,5,107.85,539.25
2818,949,47,3,218.62,655.86
2819,949,9,1,133.05,133.05
2820,950,60,5,358.88,1794.4
2821,950,34,5,59.14,295.7
2822,950,13,4,234.45,937.8
2823,950,16,3,465.73,1397.19
2824,950,71,4,77.6,310.4
2825,951,38,1,11.87,11.87
2826,951,18,3,423.15,1269.45
2827,951,91,1,196.31,196.31
2828,951,31,4,214.73,858.92
2829,952,62,1,144.69,144.69
2830,952,8,5,30.66,153.3
2831,952,45,3,444.26,1332.78
2832,952,18,2,423.15,846.3
2833,952,19,5,280.77,1403.85
2834,953,10,5,402.34,2011.7
2835,953,69,4,414.94,1659.76
2836,954,91,2,196.31,392.62
2837,954,35,5,18.87,94.35
2838,954,88,3,275.64,826.92
2839,955,71,2,77.6,155.2
2840,955,27,4,345.01,1380.04
2841,955,100,2,38.05,76.1
2842,956,50,2,360.67,721.34
2843,957,14,1,472.64,472.64
2844,957,42,3,10.28,30.84
2845,957,5,1,142.14,142.14
2846,957,54,2,375.27,750.54
2847,958,78,4,279.16,1116.64
2848,958,71,5,77.6,388
2849,958,59,3,330.91,992.73
2850,958,100,4,38.05,152.2
2851,958,73,3,487.67,1463.01
2852,959,34,5,59.14,295.7
2853,959,9,1,133.05,133.05
2854,960,59,5,330.91,1654.55
2855,960,79,4,34.53,138.12
2856,960,100,3,38.05,114.15
2857,961,75,2,33.9,67.8
2858,962,10,5,402.34,2011.7
2859,962,37,4,463.79,1855.16
2860,962,48,5,391.48,1957.4
2861,962,4,1,117.56,117.56
2862,963,78,3,279.16,837.48
2863,964,6,5,121.04,605.2
2864,965,11,5,147.32,736.6
2865,965,59,5,330.91,1654.55
2866,966,43,5,250.15,1250.75
2867,967,76,1,273.1,273.1
2868,967,36,2,74.4,148.8
2869,967,84,3,397.33,1191.99
2870,967,33,1,329.42,329.42
2871,967,41,1,314.73,314.73
2872,968,69,4,414.94,1659.76
2873,968,27,4,345.01,1380.04
2874,968,7,2,402.41,804.82
2875,968,91,5,196.31,981.55
2876,969,5,3,142.14,426.42
2877,969,53,5,120.42,602.1
2878,970,79,5,34.53,172.65
2879,970,6,4,121.04,484.16
2880,970,79,3,34.53,103.59
2881,971,37,1,463.79,463.79
2882,972,70,4,303.87,1215.48
2883,972,2,2,243.6,487.2
2884,973,61,5,135.79,678.95
2885,973,87,5,476.96,2384.8
2886,973,34,2,59.14,118.28
2887,974,36,3,74.4,223.2
2888,974,62,3,144.69,434.07
2889,974,65,5,72.5,362.5
2890,974,65,1,72.5,72.5
2891,975,58,2,433.93,867.86
2892,975,28,2,87.71,175.42
2893,976,77,2,112.25,224.5
2894,976,54,2,375.27,750.54
2895,976,35,4,18.87,75.48
2896,976,88,1,275.64,275.64
2897,977,44,4,71.57,286.28
2898,977,48,3,391.48,1174.44
2899,977,72,3,152.08,456.24
2900,977,39,1,461.01,461.01
2901,977,25,1,144.29,144.29
2902,978,98,1,140.33,140.33
2903,978,65,4,72.5,290
2904,978,43,5,250.15,1250.75
2905,979,65,2,72.5,145
2906,979,13,2,234.45,468.9
2907,979,52,5,403.26,2016.3
2908,979,87,1,476.96,476.96
2909,980,70,3,303.87,911.61
2910,980,33,4,329.42,1317.68
2911,980,64,4,325.29,1301.16
2912,981,78,4,279.16,1116.64
2913,981,46,5,446.64,2233.2
2914,981,53,5,120.42,602.1
2915,981,21,4,488.47,1953.88
2916,981,30,1,70.69,70.69
2917,982,93,3,266.65,799.95
2918,983,68,5,100.19,500.95
2919,983,94,4,41.72,166.88
2920,984,44,3,71.57,214.71
2921,984,68,4,100.19,400.76
2922,985,42,2,10.28,20.56
2923,985,34,1,59.14,59.14
2924,985,32,5,260.99,1304.95
2925,986,55,2,205.95,411.9
2926,986,29,5,122.88,614.4
2927,986,17,5,480.38,2401.9
2928,986,23,3,272.6,817.8
2929,986,34,4,59.14,236.56
2930,987,16,4,465.73,1862.92
2931,987,88,2,275.64,551.28
2932,988,17,2,480.38,960.76
2933,989,25,2,144.29,288.58
2934,989,7,3,402.41,1207.23
2935,989,3,3,321.8,965.4
2936,989,46,5,446.64,2233.2
2937,989,49,2,388.97,777.94
2938,990,83,5,130.62,653.1
2939,990,45,5,444.26,2221.3
2940,990,62,1,144.69,144.69
2941,991,64,5,325.29,1626.45
2942,992,66,2,384.26,768.52
2943,992,9,1,133.05,133.05
2944,992,66,1,384.26,384.26
2945,992,32,5,260.99,1304.95
2946,993,71,3,77.6,232.8
2947,993,1,5,483.17,2415.85
2948,993,51,4,101.56,406.24
2949,993,32,1,260.99,260.99
2950,993,84,5,397.33,1986.65
2951,994,8,5,30.66,153.3
2952,994,39,1,461.01,461.01
2953,994,54,2,375.27,750.54
2954,995,94,5,41.72,208.6
2955,996,80,4,165.82,663.28
2956,996,52,4,403.26,1613.04
2957,996,51,3,101.56,304.68
2958,997,38,4,11.87,47.48
2959,997,81,2,499.89,999.78
2960,997,39,2,461.01,922.02
2961,997,79,4,34.53,138.12
2962,998,3,1,321.8,321.8
2963,998,96,5,130.71,653.55
2964,998,32,1,260.99,260.99
2965,998,78,4,279.16,1116.64
2966,999,7,3,402.41,1207.23
2967,1000,59,2,330.91,661.82
2968,1000,22,3,202.6,607.8
2969,1000,44,3,71.57,214.71
2970,1001,40,3,144.16,432.48
2971,1002,82,3,71.64,214.92
2972,1002,28,5,87.71,438.55
2973,1002,46,1,446.64,446.64
2974,1003,92,4,34.18,136.72
2975,1003,26,1,313.45,313.45
2976,1003,84,5,397.33,1986.65
2977,1003,79,2,34.53,69.06
2978,1004,48,2,391.48,782.96
2979,1004,70,5,303.87,1519.35
2980,1005,9,4,133.05,532.2
2981,1005,73,3,487.67,1463.01
2982,1005,3,1,321.8,321.8
2983,1005,90,3,157.77,473.31
2984,1005,29,4,122.88,491.52
2985,1006,78,1,279.16,279.16
2986,1007,31,1,214.73,214.73
2987,1007,47,4,218.62,874.48
2988,1007,42,4,10.28,41.12
2989,1008,64,3,325.29,975.87
2990,1009,93,3,266.65,799.95
2991,1009,28,3,87.71,263.13
2992,1009,30,1,70.69,70.69
2993,1010,12,2,235.36,470.72
2994,1010,44,2,71.57,143.14
2995,1011,51,4,101.56,406.24
2996,1011,63,1,229.68,229.68
2997,1011,60,5,358.88,1794.4
2998,1012,13,1,234.45,234.45
2999,1012,18,3,423.15,1269.45
3000,1012,60,4,358.88,1435.52
3001,1012,52,1,403.26,403.26
3002,1013,9,3,133.05,399.15
3003,1014,89,5,63.06,315.3
3004,1014,8,1,30.66,30.66
3005,1014,51,2,101.56,203.12
3006,1014,61,1,135.79,135.79
3007,1015,25,1,144.29,144.29
3008,1015,14,1,472.64,472.64
3009,1016,17,3,480.38,1441.14
3010,1016,13,1,234.45,234.45
3011,1017,46,5,446.64,2233.2
3012,1018,96,3,130.71,392.13
3013,1018,15,5,371.75,1858.75
3014,1018,48,2,391.48,782.96
3015,1018,42,2,10.28,20.56
3016,1019,28,2,87.71,175.42
3017,1019,68,1,100.19,100.19
3018,1019,14,5,472.64,2363.2
3019,1019,50,3,360.67,1082.01
3020,1019,31,5,214.73,1073.65
3021,1020,73,4,487.67,1950.68
3022,1021,20,4,181.13,724.52
3023,1022,32,1,260.99,260.99
3024,1023,9,2,133.05,266.1
3025,1023,86,2,450.1,900.2
3026,1023,83,4,130.62,522.48
3027,1023,58,1,433.93,433.93
3028,1023,34,2,59.14,118.28
3029,1024,42,3,10.28,30.84
3030,1024,47,2,218.62,437.24
3031,1024,5,5,142.14,710.7
3032,1024,9,5,133.05,665.25
3033,1024,86,2,450.1,900.2
3034,1025,8,1,30.66,30.66
3035,1025,88,1,275.64,275.64
3036,1025,30,5,70.69,353.45
3037,1025,44,1,71.57,71.57
3038,1026,52,1,403.26,403.26
3039,1026,42,5,10.28,51.4
3040,1026,15,5,371.75,1858.75
3041,1026,21,4,488.47,1953.88
3042,1027,77,5,112.25,561.25
3043,1028,38,2,11.87,23.74
3044,1028,76,1,273.1,273.1
3045,1028,79,4,34.53,138.12
3046,1029,24,4,217.84,871.36
3047,1029,54,3,375.27,1125.81
3048,1029,27,1,345.01,345.01
3049,1030,53,3,120.42,361.26
3050,1030,7,4,402.41,1609.64
3051,1031,35,3,18.87,56.61
3052,1032,41,4,314.73,1258.92
3053,1032,86,1,450.1,450.1
3054,1033,8,2,30.66,61.32
3055,1033,98,2,140.33,280.66
3056,1034,85,5,448.65,2243.25
3057,1035,31,3,214.73,644.19
3058,1035,14,1,472.64,472.64
3059,1035,40,4,144.16,576.64
3060,1035,69,1,414.94,414.94
3061,1036,15,2,371.75,743.5
3062,1036,75,1,33.9,33.9
3063,1036,74,3,325.4,976.2
3064,1036,16,1,465.73,465.73
3065,1036,29,1,122.88,122.88
3066,1037,53,1,120.42,120.42
3067,1037,60,3,358.88,1076.64
3068,1038,2,5,243.6,1218
3069,1039,27,4,345.01,1380.04
3070,1039,82,4,71.64,286.56
3071,1039,76,3,273.1,819.3
3072,1039,60,2,358.88,717.76
3073,1039,49,2,388.97,777.94
3074,1040,77,3,112.25,336.75
3075,1040,18,3,423.15,1269.45
3076,1040,12,1,235.36,235.36
3077,1040,100,2,38.05,76.1
3078,1041,79,2,34.53,69.06
3079,1041,46,1,446.64,446.64
3080,1041,56,3,180.06,540.18
3081,1041,8,4,30.66,122.64
3082,1041,26,1,313.45,313.45
3083,1042,94,1,41.72,41.72
3084,1042,62,5,144.69,723.45
3085,1042,48,4,391.48,1565.92
3086,1042,99,1,107.85,107.85
3087,1042,20,1,181.13,181.13
3088,1043,44,1,71.57,71.57
3089,1044,6,3,121.04,363.12
3090,1045,25,5,144.29,721.45
3091,1045,12,4,235.36,941.44
3092,1045,49,2,388.97,777.94
3093,1045,95,4,442.92,1771.68
3094,1046,35,5,18.87,94.35
3095,1047,19,4,280.77,1123.08
3096,1047,28,4,87.71,350.84
3097,1048,24,3,217.84,653.52
3098,1048,16,3,465.73,1397.19
3099,1048,69,4,414.94,1659.76
3100,1049,52,4,403.26,1613.04
3101,1049,45,1,444.26,444.26
3102,1049,23,1,272.6,272.6
3103,1049,34,2,59.14,118.28
3104,1049,87,4,476.96,1907.84
3105,1050,53,4,120.42,481.68
3106,1051,44,2,71.57,143.14
3107,1051,76,5,273.1,1365.5
3108,1052,95,4,442.92,1771.68
3109,1052,57,4,55.2,220.8
3110,1052,45,4,444.26,1777.04
3111,1053,92,2,34.18,68.36
3112,1053,15,4,371.75,1487
3113,1053,66,2,384.26,768.52
3114,1053,21,5,488.47,2442.35
3115,1054,100,5,38.05,190.25
3116,1054,81,4,499.89,1999.56
3117,1054,45,5,444.26,2221.3
3118,1054,4,3,117.56,352.68
3119,1055,1,4,483.17,1932.68
3120,1055,67,5,146.48,732.4
3121,1056,50,3,360.67,1082.01
3122,1057,89,1,63.06,63.06
3123,1057,45,4,444.26,1777.04
3124,1058,53,1,120.42,120.42
3125,1058,30,3,70.69,212.07
3126,1058,6,1,121.04,121.04
3127,1058,84,1,397.33,397.33
3128,1058,35,5,18.87,94.35
3129,1059,48,2,391.48,782.96
3130,1060,76,2,273.1,546.2
3131,1060,100,2,38.05,76.1
3132,1060,76,2,273.1,546.2
3133,1060,9,4,133.05,532.2
3134,1061,70,4,303.87,1215.48
3135,1061,63,5,229.68,1148.4
3136,1061,50,2,360.67,721.34
3137,1062,17,1,480.38,480.38
3138,1062,45,5,444.26,2221.3
3139,1062,93,2,266.65,533.3
3140,1062,53,2,120.42,240.84
3141,1062,47,5,218.62,1093.1
3142,1063,45,1,444.26,444.26
3143,1063,66,3,384.26,1152.78
3144,1063,8,1,30.66,30.66
3145,1064,20,2,181.13,362.26
3146,1064,48,2,391.48,782.96
3147,1064,7,2,402.41,804.82
3148,1064,81,2,499.89,999.78
3149,1064,77,1,112.25,112.25
3150,1065,71,1,77.6,77.6
3151,1065,30,1,70.69,70.69
3152,1066,18,4,423.15,1692.6
3153,1066,24,2,217.84,435.68
3154,1067,74,3,325.4,976.2
3155,1067,17,3,480.38,1441.14
3156,1067,4,4,117.56,470.24
3157,1068,90,4,157.77,631.08
3158,1068,52,2,403.26,806.52
3159,1068,10,1,402.34,402.34
3160,1068,67,1,146.48,146.48
3161,1068,39,3,461.01,1383.03
3162,1069,33,3,329.42,988.26
3163,1069,72,4,152.08,608.32
3164,1069,51,3,101.56,304.68
3165,1070,55,5,205.95,1029.75
3166,1071,74,2,325.4,650.8
3167,1071,69,3,414.94,1244.82
3168,1071,46,3,446.64,1339.92
3169,1071,48,2,391.48,782.96
3170,1072,52,5,403.26,2016.3
3171,1072,93,2,266.65,533.3
3172,1072,16,4,465.73,1862.92
3173,1072,22,3,202.6,607.8
3174,1073,31,5,214.73,1073.65
3175,1073,86,5,450.1,2250.5
3176,1073,16,5,465.73,2328.65
3177,1074,46,5,446.64,2233.2
3178,1074,46,5,446.64,2233.2
3179,1074,67,5,146.48,732.4
3180,1074,77,5,112.25,561.25
3181,1075,5,1,142.14,142.14
3182,1075,82,1,71.64,71.64
3183,1075,20,1,181.13,181.13
3184,1075,47,5,218.62,1093.1
3185,1075,29,5,122.88,614.4
3186,1076,13,2,234.45,468.9
3187,1077,33,2,329.42,658.84
3188,1078,11,4,147.32,589.28
3189,1078,89,3,63.06,189.18
3190,1079,37,1,463.79,463.79
3191,1079,96,2,130.71,261.42
3192,1079,86,2,450.1,900.2
3193,1079,76,4,273.1,1092.4
3194,1080,2,4,243.6,974.4
3195,1080,53,5,120.42,602.1
3196,1080,76,1,273.1,273.1
3197,1080,30,1,70.69,70.69
3198,1081,79,4,34.53,138.12
3199,1081,16,4,465.73,1862.92
3200,1081,1,5,483.17,2415.85
3201,1081,18,1,423.15,423.15
3202,1082,52,3,403.26,1209.78
3203,1082,21,5,488.47,2442.35
3204,1083,21,1,488.47,488.47
3205,1083,21,5,488.47,2442.35
3206,1084,47,1,218.62,218.62
3207,1084,37,4,463.79,1855.16
3208,1084,58,1,433.93,433.93
3209,1084,65,1,72.5,72.5
3210,1085,88,1,275.64,275.64
3211,1085,5,2,142.14,284.28
3212,1085,96,5,130.71,653.55
3213,1086,87,3,476.96,1430.88
3214,1086,6,2,121.04,242.08
3215,1087,70,5,303.87,1519.35
3216,1088,70,5,303.87,1519.35
3217,1088,97,3,425.33,1275.99
3218,1088,6,1,121.04,121.04
3219,1088,13,2,234.45,468.9
3220,1088,32,3,260.99,782.97
3221,1089,43,3,250.15,750.45
3222,1089,11,2,147.32,294.64
3223,1089,23,2,272.6,545.2
3224,1089,75,3,33.9,101.7
3225,1090,23,2,272.6,545.2
3226,1091,86,5,450.1,2250.5
3227,1091,82,3,71.64,214.92
3228,1092,42,1,10.28,10.28
3229,1092,24,1,217.84,217.84
3230,1092,55,3,205.95,617.85
3231,1092,14,1,472.64,472.64
3232,1093,26,3,313.45,940.35
3233,1094,3,4,321.8,1287.2
3234,1094,43,4,250.15,1000.6
3235,1094,42,5,10.28,51.4
3236,1094,31,1,214.73,214.73
3237,1094,58,3,433.93,1301.79
3238,1095,8,4,30.66,122.64
3239,1095,26,2,313.45,626.9
3240,1096,4,3,117.56,352.68
3241,1096,68,2,100.19,200.38
3242,1096,52,4,403.26,1613.04
3243,1096,61,5,135.79,678.95
3244,1096,31,5,214.73,1073.65
3245,1097,40,3,144.16,432.48
3246,1097,68,4,100.19,400.76
3247,1097,96,5,130.71,653.55
3248,1097,97,5,425.33,2126.65
3249,1098,4,2,117.56,235.12
3250,1098,27,4,345.01,1380.04
3251,1098,70,3,303.87,911.61
3252,1098,94,3,41.72,125.16
3253,1098,17,2,480.38,960.76
3254,1099,15,1,371.75,371.75
3255,1099,99,3,107.85,323.55
3256,1099,1,1,483.17,483.17
3257,1100,100,5,38.05,190.25
3258,1100,36,5,74.4,372
3259,1101,17,5,480.38,2401.9
3260,1101,83,5,130.62,653.1
3261,1102,90,4,157.77,631.08
3262,1102,38,1,11.87,11.87
3263,1102,88,4,275.64,1102.56
3264,1103,53,5,120.42,602.1
3265,1104,70,2,303.87,607.74
3266,1104,43,5,250.15,1250.75
3267,1104,17,1,480.38,480.38
3268,1104,65,4,72.5,290
3269,1105,17,2,480.38,960.76
3270,1105,98,3,140.33,420.99
3271,1105,40,2,144.16,288.32
3272,1105,98,4,140.33,561.32
3273,1105,54,2,375.27,750.54
3274,1106,32,1,260.99,260.99
3275,1106,10,2,402.34,804.68
3276,1106,49,2,388.97,777.94
3277,1106,44,1,71.57,71.57
3278,1106,50,5,360.67,1803.35
3279,1107,19,3,280.77,842.31
3280,1108,93,4,266.65,1066.6
3281,1108,3,1,321.8,321.8
3282,1108,44,4,71.57,286.28
3283,1109,82,5,71.64,358.2
3284,1110,78,3,279.16,837.48
3285,1110,29,3,122.88,368.64
3286,1110,91,4,196.31,785.24
3287,1111,61,1,135.79,135.79
3288,1111,57,3,55.2,165.6
3289,1111,5,2,142.14,284.28
3290,1111,62,3,144.69,434.07
3291,1111,80,1,165.82,165.82
3292,1112,69,3,414.94,1244.82
3293,1113,94,4,41.72,166.88
3294,1113,24,4,217.84,871.36
3295,1113,10,2,402.34,804.68
3296,1114,16,2,465.73,931.46
3297,1114,40,5,144.16,720.8
3298,1114,96,1,130.71,130.71
3299,1114,39,2,461.01,922.02
3300,1114,87,5,476.96,2384.8
3301,1115,18,3,423.15,1269.45
3302,1115,2,5,243.6,1218
3303,1115,72,3,152.08,456.24
3304,1115,90,5,157.77,788.85
3305,1115,93,3,266.65,799.95
3306,1116,6,5,121.04,605.2
3307,1116,45,1,444.26,444.26
3308,1116,45,1,444.26,444.26
3309,1116,2,1,243.6,243.6
3310,1116,94,3,41.72,125.16
3311,1117,7,1,402.41,402.41
3312,1117,81,3,499.89,1499.67
3313,1117,55,4,205.95,823.8
3314,1117,61,1,135.79,135.79
3315,1117,12,3,235.36,706.08
3316,1118,33,2,329.42,658.84
3317,1119,47,5,218.62,1093.1
3318,1120,4,5,117.56,587.8
3319,1120,52,2,403.26,806.52
3320,1121,41,3,314.73,944.19
3321,1121,27,5,345.01,1725.05
3322,1122,85,3,448.65,1345.95
3323,1123,65,3,72.5,217.5
3324,1123,7,4,402.41,1609.64
3325,1124,19,5,280.77,1403.85
3326,1124,5,1,142.14,142.14
3327,1124,87,3,476.96,1430.88
3328,1124,33,5,329.42,1647.1
3329,1125,17,3,480.38,1441.14
3330,1125,52,4,403.26,1613.04
3331,1126,3,5,321.8,1609
3332,1126,79,3,34.53,103.59
3333,1126,95,4,442.92,1771.68
3334,1126,99,2,107.85,215.7
3335,1127,4,3,117.56,352.68
3336,1127,88,4,275.64,1102.56
3337,1127,44,5,71.57,357.85
3338,1128,86,5,450.1,2250.5
3339,1128,96,4,130.71,522.84
3340,1128,54,4,375.27,1501.08
3341,1128,21,1,488.47,488.47
3342,1128,79,3,34.53,103.59
3343,1129,86,1,450.1,450.1
3344,1130,2,1,243.6,243.6
3345,1130,67,4,146.48,585.92
3346,1130,71,3,77.6,232.8
3347,1130,74,1,325.4,325.4
3348,1130,65,2,72.5,145
3349,1131,93,1,266.65,266.65
3350,1131,4,4,117.56,470.24
3351,1131,98,1,140.33,140.33
3352,1131,24,5,217.84,1089.2
3353,1131,69,5,414.94,2074.7
3354,1132,4,3,117.56,352.68
3355,1132,39,3,461.01,1383.03
3356,1132,17,1,480.38,480.38
3357,1133,90,1,157.77,157.77
3358,1133,5,5,142.14,710.7
3359,1133,8,2,30.66,61.32
3360,1134,77,3,112.25,336.75
3361,1134,44,3,71.57,214.71
3362,1134,67,5,146.48,732.4
3363,1134,10,2,402.34,804.68
3364,1135,29,4,122.88,491.52
3365,1135,62,4,144.69,578.76
3366,1135,63,1,229.68,229.68
3367,1135,40,2,144.16,288.32
3368,1136,67,2,146.48,292.96
3369,1136,66,5,384.26,1921.3
3370,1136,87,1,476.96,476.96
3371,1137,58,3,433.93,1301.79
3372,1138,35,2,18.87,37.74
3373,1138,81,2,499.89,999.78
3374,1138,81,5,499.89,2499.45
3375,1138,67,1,146.48,146.48
3376,1139,67,3,146.48,439.44
3377,1139,82,1,71.64,71.64
3378,1140,67,4,146.48,585.92
3379,1141,79,1,34.53,34.53
3380,1142,11,4,147.32,589.28
3381,1142,68,2,100.19,200.38
3382,1142,69,5,414.94,2074.7
3383,1142,100,1,38.05,38.05
3384,1142,45,1,444.26,444.26
3385,1143,73,3,487.67,1463.01
3386,1144,71,2,77.6,155.2
3387,1144,64,4,325.29,1301.16
3388,1144,77,4,112.25,449
3389,1145,35,4,18.87,75.48
3390,1146,96,2,130.71,261.42
3391,1146,56,5,180.06,900.3
3392,1146,91,5,196.31,981.55
3393,1146,14,2,472.64,945.28
3394,1147,36,1,74.4,74.4
3395,1147,32,4,260.99,1043.96
3396,1147,98,2,140.33,280.66
3397,1148,53,3,120.42,361.26
3398,1148,39,2,461.01,922.02
3399,1148,23,5,272.6,1363
3400,1148,30,3,70.69,212.07
3401,1148,71,5,77.6,388
3402,1149,27,5,345.01,1725.05
3403,1149,89,3,63.06,189.18
3404,1149,42,1,10.28,10.28
3405,1150,14,1,472.64,472.64
3406,1150,19,4,280.77,1123.08
3407,1150,21,4,488.47,1953.88
3408,1151,37,3,463.79,1391.37
3409,1151,13,5,234.45,1172.25
3410,1152,28,3,87.71,263.13
3411,1152,79,4,34.53,138.12
3412,1153,21,5,488.47,2442.35
3413,1153,21,5,488.47,2442.35
3414,1153,10,4,402.34,1609.36
3415,1153,80,2,165.82,331.64
3416,1154,94,5,41.72,208.6
3417,1154,89,1,63.06,63.06
3418,1155,87,1,476.96,476.96
3419,1155,87,5,476.96,2384.8
3420,1155,94,5,41.72,208.6
3421,1156,93,4,266.65,1066.6
3422,1156,9,1,133.05,133.05
3423,1156,44,2,71.57,143.14
3424,1156,77,4,112.25,449
3425,1156,78,1,279.16,279.16
3426,1157,62,4,144.69,578.76
3427,1157,72,5,152.08,760.4
3428,1157,58,5,433.93,2169.65
3429,1158,34,2,59.14,118.28
3430,1158,82,3,71.64,214.92
3431,1159,70,3,303.87,911.61
3432,1160,60,3,358.88,1076.64
3433,1160,55,2,205.95,411.9
3434,1160,3,5,321.8,1609
3435,1160,79,5,34.53,172.65
3436,1161,58,3,433.93,1301.79
3437,1161,30,2,70.69,141.38
3438,1161,29,2,122.88,245.76
3439,1162,72,1,152.08,152.08
3440,1162,22,4,202.6,810.4
3441,1163,66,3,384.26,1152.78
3442,1163,35,4,18.87,75.48
3443,1163,43,4,250.15,1000.6
3444,1164,90,4,157.77,631.08
3445,1164,17,1,480.38,480.38
3446,1164,51,4,101.56,406.24
3447,1165,95,5,442.92,2214.6
3448,1166,15,1,371.75,371.75
3449,1166,4,2,117.56,235.12
3450,1166,90,2,157.77,315.54
3451,1166,65,5,72.5,362.5
3452,1167,23,3,272.6,817.8
3453,1167,69,5,414.94,2074.7
3454,1167,18,2,423.15,846.3
3455,1167,71,3,77.6,232.8
3456,1167,62,3,144.69,434.07
3457,1168,3,1,321.8,321.8
3458,1169,58,3,433.93,1301.79
3459,1169,69,2,414.94,829.88
3460,1169,14,3,472.64,1417.92
3461,1169,70,4,303.87,1215.48
3462,1169,94,4,41.72,166.88
3463,1170,28,1,87.71,87.71
3464,1170,70,3,303.87,911.61
3465,1170,41,4,314.73,1258.92
3466,1170,40,3,144.16,432.48
3467,1171,16,3,465.73,1397.19
3468,1171,48,3,391.48,1174.44
3469,1172,75,2,33.9,67.8
3470,1172,34,2,59.14,118.28
3471,1172,11,1,147.32,147.32
3472,1173,20,4,181.13,724.52
3473,1174,61,5,135.79,678.95
3474,1175,74,5,325.4,1627
3475,1175,27,4,345.01,1380.04
3476,1175,37,5,463.79,2318.95
3477,1176,50,2,360.67,721.34
3478,1176,44,4,71.57,286.28
3479,1177,54,3,375.27,1125.81
3480,1177,7,1,402.41,402.41
3481,1178,90,1,157.77,157.77
3482,1178,98,3,140.33,420.99
3483,1179,6,5,121.04,605.2
3484,1180,31,5,214.73,1073.65
3485,1180,17,1,480.38,480.38
3486,1180,72,2,152.08,304.16
3487,1181,34,1,59.14,59.14
3488,1181,91,2,196.31,392.62
3489,1181,91,5,196.31,981.55
3490,1182,8,2,30.66,61.32
3491,1182,83,5,130.62,653.1
3492,1182,22,2,202.6,405.2
3493,1183,58,3,433.93,1301.79
3494,1184,63,4,229.68,918.72
3495,1184,100,5,38.05,190.25
3496,1184,41,5,314.73,1573.65
3497,1184,28,4,87.71,350.84
3498,1185,7,3,402.41,1207.23
3499,1185,20,4,181.13,724.52
3500,1185,94,4,41.72,166.88
3501,1185,87,5,476.96,2384.8
3502,1186,54,2,375.27,750.54
3503,1186,46,4,446.64,1786.56
3504,1186,14,2,472.64,945.28
3505,1186,36,1,74.4,74.4
3506,1186,14,2,472.64,945.28
3507,1187,100,2,38.05,76.1
3508,1187,35,2,18.87,37.74
3509,1188,87,4,476.96,1907.84
3510,1188,70,5,303.87,1519.35
3511,1188,41,4,314.73,1258.92
3512,1188,73,1,487.67,487.67
3513,1188,54,5,375.27,1876.35
3514,1189,33,5,329.42,1647.1
3515,1189,24,2,217.84,435.68
3516,1189,87,3,476.96,1430.88
3517,1189,49,1,388.97,388.97
3518,1190,34,1,59.14,59.14
3519,1190,82,5,71.64,358.2
3520,1190,93,1,266.65,266.65
3521,1190,83,5,130.62,653.1
3522,1191,1,5,483.17,2415.85
3523,1191,5,2,142.14,284.28
3524,1191,42,4,10.28,41.12
3525,1191,35,4,18.87,75.48
3526,1191,7,1,402.41,402.41
3527,1192,14,1,472.64,472.64
3528,1192,94,5,41.72,208.6
3529,1192,59,1,330.91,330.91
3530,1192,50,5,360.67,1803.35
3531,1192,11,4,147.32,589.28
3532,1193,27,5,345.01,1725.05
3533,1193,61,4,135.79,543.16
3534,1193,48,3,391.48,1174.44
3535,1194,70,2,303.87,607.74
3536,1194,98,4,140.33,561.32
3537,1194,8,2,30.66,61.32
3538,1195,95,2,442.92,885.84
3539,1195,69,1,414.94,414.94
3540,1195,71,2,77.6,155.2
3541,1195,3,4,321.8,1287.2
3542,1196,48,3,391.48,1174.44
3543,1196,33,5,329.42,1647.1
3544,1196,27,1,345.01,345.01
3545,1196,53,5,120.42,602.1
3546,1197,5,2,142.14,284.28
3547,1198,25,2,144.29,288.58
3548,1198,84,2,397.33,794.66
3549,1199,3,3,321.8,965.4
3550,1199,25,3,144.29,432.87
3551,1199,42,4,10.28,41.12
3552,1199,6,1,121.04,121.04
3553,1199,43,5,250.15,1250.75
3554,1200,28,5,87.71,438.55
3555,1200,21,2,488.47,976.94
3556,1200,49,3,388.97,1166.91
3557,1201,39,3,461.01,1383.03
3558,1201,5,3,142.14,426.42
3559,1201,82,5,71.64,358.2
3560,1201,37,4,463.79,1855.16
3561,1202,1,4,483.17,1932.68
3562,1202,94,5,41.72,208.6
3563,1203,44,1,71.57,71.57
3564,1203,9,1,133.05,133.05
3565,1203,56,4,180.06,720.24
3566,1203,24,5,217.84,1089.2
3567,1204,59,5,330.91,1654.55
3568,1204,25,3,144.29,432.87
3569,1204,31,4,214.73,858.92
3570,1204,52,2,403.26,806.52
3571,1204,24,1,217.84,217.84
3572,1205,4,2,117.56,235.12
3573,1205,42,4,10.28,41.12
3574,1205,22,5,202.6,1013
3575,1205,52,3,403.26,1209.78
3576,1206,65,5,72.5,362.5
3577,1206,67,1,146.48,146.48
3578,1206,50,1,360.67,360.67
3579,1206,55,2,205.95,411.9
3580,1207,86,4,450.1,1800.4
3581,1207,37,4,463.79,1855.16
3582,1207,58,2,433.93,867.86
3583,1207,11,2,147.32,294.64
3584,1207,91,4,196.31,785.24
3585,1208,79,4,34.53,138.12
3586,1209,43,5,250.15,1250.75
3587,1209,63,1,229.68,229.68
3588,1210,52,5,403.26,2016.3
3589,1210,5,4,142.14,568.56
3590,1210,7,3,402.41,1207.23
3591,1210,18,1,423.15,423.15
3592,1211,64,3,325.29,975.87
3593,1212,60,1,358.88,358.88
3594,1212,12,2,235.36,470.72
3595,1213,66,4,384.26,1537.04
3596,1213,1,1,483.17,483.17
3597,1213,88,1,275.64,275.64
3598,1213,58,5,433.93,2169.65
3599,1213,46,4,446.64,1786.56
3600,1214,9,1,133.05,133.05
3601,1214,49,3,388.97,1166.91
3602,1214,48,5,391.48,1957.4
3603,1214,33,1,329.42,329.42
3604,1215,64,3,325.29,975.87
3605,1216,73,4,487.67,1950.68
3606,1216,20,4,181.13,724.52
3607,1216,38,5,11.87,59.35
3608,1217,40,2,144.16,288.32
3609,1217,69,3,414.94,1244.82
3610,1218,58,1,433.93,433.93
3611,1218,58,4,433.93,1735.72
3612,1219,35,3,18.87,56.61
3613,1220,10,2,402.34,804.68
3614,1220,3,5,321.8,1609
3615,1220,75,5,33.9,169.5
3616,1221,11,5,147.32,736.6
3617,1221,13,5,234.45,1172.25
3618,1222,5,3,142.14,426.42
3619,1222,65,5,72.5,362.5
3620,1222,3,5,321.8,1609
3621,1223,65,3,72.5,217.5
3622,1224,49,3,388.97,1166.91
3623,1224,44,1,71.57,71.57
3624,1225,92,1,34.18,34.18
3625,1225,85,2,448.65,897.3
3626,1225,62,5,144.69,723.45
3627,1225,11,5,147.32,736.6
3628,1226,31,2,214.73,429.46
3629,1226,3,2,321.8,643.6
3630,1226,85,2,448.65,897.3
3631,1227,51,1,101.56,101.56
3632,1227,39,3,461.01,1383.03
3633,1228,73,2,487.67,975.34
3634,1229,27,3,345.01,1035.03
3635,1229,31,3,214.73,644.19
3636,1230,32,4,260.99,1043.96
3637,1230,25,2,144.29,288.58
3638,1230,88,3,275.64,826.92
3639,1231,50,1,360.67,360.67
3640,1231,4,3,117.56,352.68
3641,1232,8,1,30.66,30.66
3642,1232,7,3,402.41,1207.23
3643,1233,47,5,218.62,1093.1
3644,1233,21,2,488.47,976.94
3645,1233,54,5,375.27,1876.35
3646,1233,15,2,371.75,743.5
3647,1234,31,5,214.73,1073.65
3648,1235,46,5,446.64,2233.2
3649,1235,98,3,140.33,420.99
3650,1235,99,1,107.85,107.85
3651,1235,46,2,446.64,893.28
3652,1235,20,3,181.13,543.39
3653,1236,38,4,11.87,47.48
3654,1236,63,5,229.68,1148.4
3655,1236,93,1,266.65,266.65
3656,1236,36,4,74.4,297.6
3657,1237,61,5,135.79,678.95
3658,1237,40,5,144.16,720.8
3659,1237,50,4,360.67,1442.68
3660,1237,31,1,214.73,214.73
3661,1238,33,1,329.42,329.42
3662,1238,75,3,33.9,101.7
3663,1239,94,3,41.72,125.16
3664,1239,44,1,71.57,71.57
3665,1239,67,4,146.48,585.92
3666,1239,93,1,266.65,266.65
3667,1239,94,5,41.72,208.6
3668,1240,31,3,214.73,644.19
3669,1240,96,5,130.71,653.55
3670,1240,72,1,152.08,152.08
3671,1240,66,5,384.26,1921.3
3672,1240,59,4,330.91,1323.64
3673,1241,21,2,488.47,976.94
3674,1241,1,3,483.17,1449.51
3675,1241,100,5,38.05,190.25
3676,1242,21,2,488.47,976.94
3677,1242,26,2,313.45,626.9
3678,1243,15,2,371.75,743.5
3679,1243,57,5,55.2,276
3680,1243,34,4,59.14,236.56
3681,1243,50,5,360.67,1803.35
3682,1244,15,3,371.75,1115.25
3683,1244,65,1,72.5,72.5
3684,1245,83,1,130.62,130.62
3685,1245,36,4,74.4,297.6
3686,1246,15,4,371.75,1487
3687,1247,65,5,72.5,362.5
3688,1248,46,5,446.64,2233.2
3689,1248,7,1,402.41,402.41
3690,1248,77,2,112.25,224.5
3691,1248,100,5,38.05,190.25
3692,1249,41,5,314.73,1573.65
3693,1249,51,1,101.56,101.56
3694,1249,56,2,180.06,360.12
3695,1249,81,2,499.89,999.78
3696,1249,21,2,488.47,976.94
3697,1250,85,3,448.65,1345.95
3698,1250,90,3,157.77,473.31
3699,1250,2,3,243.6,730.8
3700,1250,92,2,34.18,68.36
3701,1251,81,5,499.89,2499.45
3702,1251,34,4,59.14,236.56
3703,1251,92,4,34.18,136.72
3704,1251,81,3,499.89,1499.67
3705,1252,44,4,71.57,286.28
3706,1252,8,1,30.66,30.66
3707,1252,14,1,472.64,472.64
3708,1253,29,4,122.88,491.52
3709,1253,96,4,130.71,522.84
3710,1253,83,2,130.62,261.24
3711,1253,24,4,217.84,871.36
3712,1254,96,1,130.71,130.71
3713,1254,14,4,472.64,1890.56
3714,1255,17,5,480.38,2401.9
3715,1255,86,5,450.1,2250.5
3716,1255,13,1,234.45,234.45
3717,1255,60,1,358.88,358.88
3718,1256,84,2,397.33,794.66
3719,1256,63,4,229.68,918.72
3720,1256,64,3,325.29,975.87
3721,1257,42,3,10.28,30.84
3722,1258,85,1,448.65,448.65
3723,1258,73,4,487.67,1950.68
3724,1258,43,1,250.15,250.15
3725,1259,64,1,325.29,325.29
3726,1259,17,5,480.38,2401.9
3727,1259,24,4,217.84,871.36
3728,1259,30,2,70.69,141.38
3729,1259,52,2,403.26,806.52
3730,1260,42,2,10.28,20.56
3731,1260,46,2,446.64,893.28
3732,1260,25,1,144.29,144.29
3733,1261,98,1,140.33,140.33
3734,1261,69,4,414.94,1659.76
3735,1261,50,2,360.67,721.34
3736,1261,52,2,403.26,806.52
3737,1262,38,5,11.87,59.35
3738,1263,63,3,229.68,689.04
3739,1264,90,4,157.77,631.08
3740,1264,83,5,130.62,653.1
3741,1264,90,5,157.77,788.85
3742,1265,50,3,360.67,1082.01
3743,1266,86,5,450.1,2250.5
3744,1267,1,1,483.17,483.17
3745,1267,38,2,11.87,23.74
3746,1267,62,2,144.69,289.38
3747,1268,54,2,375.27,750.54
3748,1268,71,5,77.6,388
3749,1269,64,2,325.29,650.58
3750,1270,12,2,235.36,470.72
3751,1270,51,5,101.56,507.8
3752,1270,87,4,476.96,1907.84
3753,1271,92,1,34.18,34.18
3754,1271,49,5,388.97,1944.85
3755,1271,67,5,146.48,732.4
3756,1271,97,3,425.33,1275.99
3757,1272,2,3,243.6,730.8
3758,1272,61,3,135.79,407.37
3759,1272,62,1,144.69,144.69
3760,1273,23,2,272.6,545.2
3761,1273,77,4,112.25,449
3762,1273,5,4,142.14,568.56
3763,1274,7,4,402.41,1609.64
3764,1274,12,5,235.36,1176.8
3765,1274,50,1,360.67,360.67
3766,1274,2,1,243.6,243.6
3767,1275,63,2,229.68,459.36
3768,1275,73,1,487.67,487.67
3769,1275,36,4,74.4,297.6
3770,1275,40,4,144.16,576.64
3771,1275,67,5,146.48,732.4
3772,1276,35,1,18.87,18.87
3773,1276,46,5,446.64,2233.2
3774,1276,60,1,358.88,358.88
3775,1276,93,2,266.65,533.3
3776,1277,13,5,234.45,1172.25
3777,1277,45,5,444.26,2221.3
3778,1277,76,2,273.1,546.2
3779,1277,24,1,217.84,217.84
3780,1278,24,5,217.84,1089.2
3781,1278,52,3,403.26,1209.78
3782,1278,78,5,279.16,1395.8
3783,1278,88,4,275.64,1102.56
3784,1278,47,2,218.62,437.24
3785,1279,90,4,157.77,631.08
3786,1279,33,5,329.42,1647.1
3787,1279,8,4,30.66,122.64
3788,1279,42,5,10.28,51.4
3789,1279,23,3,272.6,817.8
3790,1280,10,5,402.34,2011.7
3791,1281,33,1,329.42,329.42
3792,1281,80,1,165.82,165.82
3793,1281,68,1,100.19,100.19
3794,1282,75,5,33.9,169.5
3795,1282,63,1,229.68,229.68
3796,1283,75,5,33.9,169.5
3797,1283,76,3,273.1,819.3
3798,1284,77,2,112.25,224.5
3799,1284,92,2,34.18,68.36
3800,1284,72,5,152.08,760.4
3801,1284,86,5,450.1,2250.5
3802,1284,39,5,461.01,2305.05
3803,1285,13,1,234.45,234.45
3804,1285,78,1,279.16,279.16
3805,1286,45,5,444.26,2221.3
3806,1287,31,1,214.73,214.73
3807,1287,37,1,463.79,463.79
3808,1287,83,5,130.62,653.1
3809,1288,11,1,147.32,147.32
3810,1289,76,1,273.1,273.1
3811,1289,23,4,272.6,1090.4
3812,1289,88,5,275.64,1378.2
3813,1290,93,3,266.65,799.95
3814,1290,18,3,423.15,1269.45
3815,1291,18,4,423.15,1692.6
3816,1292,93,3,266.65,799.95
3817,1293,59,3,330.91,992.73
3818,1293,46,1,446.64,446.64
3819,1293,43,3,250.15,750.45
3820,1293,68,4,100.19,400.76
3821,1293,78,3,279.16,837.48
3822,1294,71,2,77.6,155.2
3823,1295,75,1,33.9,33.9
3824,1296,99,2,107.85,215.7
3825,1296,85,3,448.65,1345.95
3826,1296,19,5,280.77,1403.85
3827,1296,88,1,275.64,275.64
3828,1296,74,4,325.4,1301.6
3829,1297,99,1,107.85,107.85
3830,1297,5,2,142.14,284.28
3831,1297,73,3,487.67,1463.01
3832,1297,94,2,41.72,83.44
3833,1297,63,2,229.68,459.36
3834,1298,38,1,11.87,11.87
3835,1298,39,2,461.01,922.02
3836,1298,77,5,112.25,561.25
3837,1298,97,2,425.33,850.66
3838,1299,49,5,388.97,1944.85
3839,1300,29,4,122.88,491.52
3840,1300,14,3,472.64,1417.92
3841,1300,23,1,272.6,272.6
3842,1300,88,3,275.64,826.92
3843,1301,17,3,480.38,1441.14
3844,1301,89,1,63.06,63.06
3845,1301,66,3,384.26,1152.78
3846,1301,43,2,250.15,500.3
3847,1302,89,3,63.06,189.18
3848,1302,57,1,55.2,55.2
3849,1302,53,5,120.42,602.1
3850,1302,82,1,71.64,71.64
3851,1303,67,1,146.48,146.48
3852,1303,12,1,235.36,235.36
3853,1303,14,1,472.64,472.64
3854,1304,8,1,30.66,30.66
3855,1304,93,2,266.65,533.3
3856,1304,78,1,279.16,279.16
3857,1304,94,1,41.72,41.72
3858,1305,67,4,146.48,585.92
3859,1306,31,1,214.73,214.73
3860,1306,43,2,250.15,500.3
3861,1307,72,5,152.08,760.4
3862,1307,57,2,55.2,110.4
3863,1307,14,5,472.64,2363.2
3864,1307,83,3,130.62,391.86
3865,1307,59,1,330.91,330.91
3866,1308,38,2,11.87,23.74
3867,1308,97,4,425.33,1701.32
3868,1308,59,1,330.91,330.91
3869,1308,22,1,202.6,202.6
3870,1308,51,1,101.56,101.56
3871,1309,46,4,446.64,1786.56
3872,1309,29,2,122.88,245.76
3873,1309,98,4,140.33,561.32
3874,1309,90,4,157.77,631.08
3875,1310,16,5,465.73,2328.65
3876,1310,35,1,18.87,18.87
3877,1310,12,5,235.36,1176.8
3878,1310,24,2,217.84,435.68
3879,1310,58,2,433.93,867.86
3880,1311,14,1,472.64,472.64
3881,1311,48,5,391.48,1957.4
3882,1311,4,4,117.56,470.24
3883,1312,59,4,330.91,1323.64
3884,1312,82,1,71.64,71.64
3885,1312,99,3,107.85,323.55
3886,1312,29,5,122.88,614.4
3887,1312,38,3,11.87,35.61
3888,1313,3,2,321.8,643.6
3889,1313,10,5,402.34,2011.7
3890,1313,67,4,146.48,585.92
3891,1314,27,2,345.01,690.02
3892,1314,89,1,63.06,63.06
3893,1314,43,2,250.15,500.3
3894,1314,7,1,402.41,402.41
3895,1315,47,5,218.62,1093.1
3896,1315,96,1,130.71,130.71
3897,1315,44,4,71.57,286.28
3898,1315,95,5,442.92,2214.6
3899,1316,91,2,196.31,392.62
3900,1316,14,1,472.64,472.64
3901,1316,94,3,41.72,125.16
3902,1317,66,5,384.26,1921.3
3903,1317,46,4,446.64,1786.56
3904,1317,38,5,11.87,59.35
3905,1317,85,2,448.65,897.3
3906,1318,41,5,314.73,1573.65
3907,1318,90,1,157.77,157.77
3908,1318,7,1,402.41,402.41
3909,1319,26,1,313.45,313.45
3910,1320,55,2,205.95,411.9
3911,1321,92,3,34.18,102.54
3912,1321,24,5,217.84,1089.2
3913,1321,24,1,217.84,217.84
3914,1322,49,3,388.97,1166.91
3915,1322,2,2,243.6,487.2
3916,1322,39,3,461.01,1383.03
3917,1322,23,1,272.6,272.6
3918,1322,2,1,243.6,243.6
3919,1323,69,5,414.94,2074.7
3920,1323,90,3,157.77,473.31
3921,1323,38,1,11.87,11.87
3922,1324,81,4,499.89,1999.56
3923,1324,5,1,142.14,142.14
3924,1324,68,1,100.19,100.19
3925,1324,85,2,448.65,897.3
3926,1324,88,4,275.64,1102.56
3927,1325,4,2,117.56,235.12
3928,1325,6,4,121.04,484.16
3929,1326,67,3,146.48,439.44
3930,1326,38,1,11.87,11.87
3931,1326,52,4,403.26,1613.04
3932,1326,39,1,461.01,461.01
3933,1326,6,1,121.04,121.04
3934,1327,98,3,140.33,420.99
3935,1327,11,2,147.32,294.64
3936,1328,86,5,450.1,2250.5
3937,1328,48,3,391.48,1174.44
3938,1329,54,3,375.27,1125.81
3939,1329,89,5,63.06,315.3
3940,1329,84,5,397.33,1986.65
3941,1329,84,2,397.33,794.66
3942,1329,92,5,34.18,170.9
3943,1330,37,3,463.79,1391.37
3944,1330,22,3,202.6,607.8
3945,1331,60,5,358.88,1794.4
3946,1331,56,3,180.06,540.18
3947,1331,89,2,63.06,126.12
3948,1332,78,5,279.16,1395.8
3949,1332,28,1,87.71,87.71
3950,1333,93,2,266.65,533.3
3951,1333,4,1,117.56,117.56
3952,1333,28,5,87.71,438.55
3953,1334,50,2,360.67,721.34
3954,1334,78,4,279.16,1116.64
3955,1334,63,2,229.68,459.36
3956,1334,11,3,147.32,441.96
3957,1334,34,3,59.14,177.42
3958,1335,43,3,250.15,750.45
3959,1335,34,5,59.14,295.7
3960,1335,61,4,135.79,543.16
3961,1335,17,3,480.38,1441.14
3962,1335,5,4,142.14,568.56
3963,1336,30,3,70.69,212.07
3964,1336,7,5,402.41,2012.05
3965,1336,62,2,144.69,289.38
3966,1336,13,3,234.45,703.35
3967,1336,87,2,476.96,953.92
3968,1337,26,4,313.45,1253.8
3969,1337,80,1,165.82,165.82
3970,1337,56,2,180.06,360.12
3971,1337,33,3,329.42,988.26
3972,1337,5,5,142.14,710.7
3973,1338,53,4,120.42,481.68
3974,1339,75,3,33.9,101.7
3975,1339,24,4,217.84,871.36
3976,1340,61,5,135.79,678.95
3977,1340,46,1,446.64,446.64
3978,1340,22,5,202.6,1013
3979,1341,13,5,234.45,1172.25
3980,1341,59,4,330.91,1323.64
3981,1341,12,3,235.36,706.08
3982,1342,18,1,423.15,423.15
3983,1342,92,5,34.18,170.9
3984,1342,54,3,375.27,1125.81
3985,1342,32,3,260.99,782.97
3986,1343,28,2,87.71,175.42
3987,1344,10,1,402.34,402.34
3988,1344,28,5,87.71,438.55
3989,1344,38,4,11.87,47.48
3990,1344,81,1,499.89,499.89
3991,1344,60,4,358.88,1435.52
3992,1345,44,3,71.57,214.71
3993,1345,41,5,314.73,1573.65
3994,1345,55,2,205.95,411.9
3995,1346,83,5,130.62,653.1
3996,1346,57,1,55.2,55.2
3997,1347,66,2,384.26,768.52
3998,1347,29,4,122.88,491.52
3999,1348,59,2,330.91,661.82
4000,1349,25,3,144.29,432.87
4001,1349,84,2,397.33,794.66
4002,1349,35,2,18.87,37.74
4003,1349,90,2,157.77,315.54
4004,1350,99,2,107.85,215.7
4005,1350,82,5,71.64,358.2
4006,1350,12,3,235.36,706.08
4007,1351,19,3,280.77,842.31
4008,1351,30,5,70.69,353.45
4009,1351,13,1,234.45,234.45
4010,1351,89,1,63.06,63.06
4011,1352,48,1,391.48,391.48
4012,1352,27,3,345.01,1035.03
4013,1352,83,2,130.62,261.24
4014,1353,44,5,71.57,357.85
4015,1353,35,4,18.87,75.48
4016,1353,79,3,34.53,103.59
4017,1353,80,3,165.82,497.46
4018,1354,5,2,142.14,284.28
4019,1355,53,4,120.42,481.68
4020,1356,36,4,74.4,297.6
4021,1356,70,4,303.87,1215.48
4022,1356,68,5,100.19,500.95
4023,1357,54,1,375.27,375.27
4024,1357,19,5,280.77,1403.85
4025,1357,92,4,34.18,136.72
4026,1357,49,1,388.97,388.97
4027,1358,3,4,321.8,1287.2
4028,1358,66,4,384.26,1537.04
4029,1359,2,1,243.6,243.6
4030,1359,51,3,101.56,304.68
4031,1359,3,2,321.8,643.6
4032,1359,97,1,425.33,425.33
4033,1359,62,3,144.69,434.07
4034,1360,66,2,384.26,768.52
4035,1360,88,5,275.64,1378.2
4036,1360,42,1,10.28,10.28
4037,1360,96,2,130.71,261.42
4038,1360,67,3,146.48,439.44
4039,1361,74,3,325.4,976.2
4040,1361,31,3,214.73,644.19
4041,1361,89,2,63.06,126.12
4042,1361,7,3,402.41,1207.23
4043,1361,99,5,107.85,539.25
4044,1362,55,4,205.95,823.8
4045,1362,77,4,112.25,449
4046,1362,61,5,135.79,678.95
4047,1362,17,1,480.38,480.38
4048,1362,93,3,266.65,799.95
4049,1363,1,2,483.17,966.34
4050,1363,56,4,180.06,720.24
4051,1363,89,4,63.06,252.24
4052,1363,39,1,461.01,461.01
4053,1364,74,1,325.4,325.4
4054,1364,6,3,121.04,363.12
4055,1364,71,3,77.6,232.8
4056,1364,90,3,157.77,473.31
4057,1365,21,3,488.47,1465.41
4058,1365,27,2,345.01,690.02
4059,1366,71,4,77.6,310.4
4060,1366,96,2,130.71,261.42
4061,1366,18,4,423.15,1692.6
4062,1366,91,2,196.31,392.62
4063,1367,37,4,463.79,1855.16
4064,1367,5,3,142.14,426.42
4065,1368,86,3,450.1,1350.3
4066,1368,79,1,34.53,34.53
4067,1368,88,2,275.64,551.28
4068,1368,67,5,146.48,732.4
4069,1368,44,5,71.57,357.85
4070,1369,22,3,202.6,607.8
4071,1370,68,1,100.19,100.19
4072,1370,49,3,388.97,1166.91
4073,1370,26,5,313.45,1567.25
4074,1370,2,2,243.6,487.2
4075,1370,8,4,30.66,122.64
4076,1371,73,5,487.67,2438.35
4077,1371,56,3,180.06,540.18
4078,1372,48,4,391.48,1565.92
4079,1372,95,5,442.92,2214.6
4080,1372,61,1,135.79,135.79
4081,1373,63,3,229.68,689.04
4082,1373,77,5,112.25,561.25
4083,1373,78,4,279.16,1116.64
4084,1374,17,3,480.38,1441.14
4085,1374,27,1,345.01,345.01
4086,1375,63,3,229.68,689.04
4087,1375,86,2,450.1,900.2
4088,1375,34,5,59.14,295.7
4089,1376,39,5,461.01,2305.05
4090,1376,95,3,442.92,1328.76
4091,1376,44,4,71.57,286.28
4092,1376,98,1,140.33,140.33
4093,1376,85,3,448.65,1345.95
4094,1377,29,5,122.88,614.4
4095,1378,99,5,107.85,539.25
4096,1379,61,4,135.79,543.16
4097,1379,5,5,142.14,710.7
4098,1379,87,2,476.96,953.92
4099,1380,92,4,34.18,136.72
4100,1380,3,4,321.8,1287.2
4101,1380,68,4,100.19,400.76
4102,1380,20,2,181.13,362.26
4103,1380,93,3,266.65,799.95
4104,1381,23,4,272.6,1090.4
4105,1381,100,3,38.05,114.15
4106,1381,28,5,87.71,438.55
4107,1381,73,2,487.67,975.34
4108,1381,68,3,100.19,300.57
4109,1382,86,5,450.1,2250.5
4110,1383,5,2,142.14,284.28
4111,1383,20,1,181.13,181.13
4112,1383,86,2,450.1,900.2
4113,1383,11,2,147.32,294.64
4114,1383,52,5,403.26,2016.3
4115,1384,13,4,234.45,937.8
4116,1384,33,4,329.42,1317.68
4117,1384,42,5,10.28,51.4
4118,1384,45,5,444.26,2221.3
4119,1384,27,1,345.01,345.01
4120,1385,74,5,325.4,1627
4121,1386,3,1,321.8,321.8
4122,1386,74,3,325.4,976.2
4123,1386,28,2,87.71,175.42
4124,1386,68,2,100.19,200.38
4125,1386,100,1,38.05,38.05
4126,1387,60,3,358.88,1076.64
4127,1387,31,1,214.73,214.73
4128,1387,91,4,196.31,785.24
4129,1388,1,4,483.17,1932.68
4130,1389,6,5,121.04,605.2
4131,1390,77,4,112.25,449
4132,1390,11,1,147.32,147.32
4133,1390,55,4,205.95,823.8
4134,1391,76,2,273.1,546.2
4135,1391,99,3,107.85,323.55
4136,1392,8,2,30.66,61.32
4137,1392,52,4,403.26,1613.04
4138,1392,9,3,133.05,399.15
4139,1392,5,1,142.14,142.14
4140,1392,6,4,121.04,484.16
4141,1393,6,3,121.04,363.12
4142,1393,41,5,314.73,1573.65
4143,1394,22,5,202.6,1013
4144,1395,83,5,130.62,653.1
4145,1395,66,5,384.26,1921.3
4146,1395,1,2,483.17,966.34
4147,1395,29,4,122.88,491.52
4148,1395,75,3,33.9,101.7
4149,1396,70,5,303.87,1519.35
4150,1396,11,4,147.32,589.28
4151,1396,22,3,202.6,607.8
4152,1396,83,1,130.62,130.62
4153,1397,66,4,384.26,1537.04
4154,1398,47,2,218.62,437.24
4155,1398,64,1,325.29,325.29
4156,1399,98,2,140.33,280.66
4157,1399,27,4,345.01,1380.04
4158,1399,37,5,463.79,2318.95
4159,1399,18,3,423.15,1269.45
4160,1400,51,4,101.56,406.24
4161,1400,47,4,218.62,874.48
4162,1400,40,1,144.16,144.16
4163,1400,58,2,433.93,867.86
4164,1400,81,5,499.89,2499.45
4165,1401,8,3,30.66,91.98
4166,1401,57,2,55.2,110.4
4167,1401,46,3,446.64,1339.92
4168,1402,16,3,465.73,1397.19
4169,1402,10,5,402.34,2011.7
4170,1403,66,2,384.26,768.52
4171,1403,31,3,214.73,644.19
4172,1403,60,1,358.88,358.88
4173,1404,31,5,214.73,1073.65
4174,1404,95,4,442.92,1771.68
4175,1405,41,1,314.73,314.73
4176,1405,51,4,101.56,406.24
4177,1405,17,4,480.38,1921.52
4178,1405,64,3,325.29,975.87
4179,1405,72,3,152.08,456.24
4180,1406,97,2,425.33,850.66
4181,1406,59,2,330.91,661.82
4182,1406,94,1,41.72,41.72
4183,1406,51,4,101.56,406.24
4184,1406,60,5,358.88,1794.4
4185,1407,24,1,217.84,217.84
4186,1407,14,3,472.64,1417.92
4187,1407,31,3,214.73,644.19
4188,1407,4,5,117.56,587.8
4189,1407,14,4,472.64,1890.56
4190,1408,61,1,135.79,135.79
4191,1409,60,1,358.88,358.88
4192,1409,47,2,218.62,437.24
4193,1409,93,2,266.65,533.3
4194,1410,36,1,74.4,74.4
4195,1410,13,3,234.45,703.35
4196,1410,36,5,74.4,372
4197,1411,98,2,140.33,280.66
4198,1411,53,3,120.42,361.26
4199,1411,75,1,33.9,33.9
4200,1412,38,2,11.87,23.74
4201,1412,68,3,100.19,300.57
4202,1412,4,3,117.56,352.68
4203,1413,66,5,384.26,1921.3
4204,1414,92,4,34.18,136.72
4205,1414,94,2,41.72,83.44
4206,1414,48,2,391.48,782.96
4207,1414,60,2,358.88,717.76
4208,1415,45,2,444.26,888.52
4209,1415,68,5,100.19,500.95
4210,1415,86,3,450.1,1350.3
4211,1415,29,2,122.88,245.76
4212,1416,33,2,329.42,658.84
4213,1416,8,3,30.66,91.98
4214,1416,26,4,313.45,1253.8
4215,1416,100,1,38.05,38.05
4216,1416,41,1,314.73,314.73
4217,1417,70,2,303.87,607.74
4218,1417,49,5,388.97,1944.85
4219,1418,2,4,243.6,974.4
4220,1419,96,5,130.71,653.55
4221,1419,38,5,11.87,59.35
4222,1419,77,2,112.25,224.5
4223,1420,76,2,273.1,546.2
4224,1421,55,1,205.95,205.95
4225,1421,26,5,313.45,1567.25
4226,1421,8,3,30.66,91.98
4227,1422,31,2,214.73,429.46
4228,1422,83,1,130.62,130.62
4229,1422,99,5,107.85,539.25
4230,1422,7,2,402.41,804.82
4231,1422,33,2,329.42,658.84
4232,1423,24,5,217.84,1089.2
4233,1423,57,1,55.2,55.2
4234,1423,67,5,146.48,732.4
4235,1423,24,5,217.84,1089.2
4236,1423,43,5,250.15,1250.75
4237,1424,77,1,112.25,112.25
4238,1424,41,2,314.73,629.46
4239,1424,22,4,202.6,810.4
4240,1424,62,4,144.69,578.76
4241,1424,13,3,234.45,703.35
4242,1425,55,4,205.95,823.8
4243,1425,64,2,325.29,650.58
4244,1425,44,4,71.57,286.28
4245,1426,5,1,142.14,142.14
4246,1426,50,4,360.67,1442.68
4247,1426,92,4,34.18,136.72
4248,1426,32,3,260.99,782.97
4249,1426,74,1,325.4,325.4
4250,1427,80,4,165.82,663.28
4251,1427,4,2,117.56,235.12
4252,1428,7,3,402.41,1207.23
4253,1428,66,2,384.26,768.52
4254,1428,54,1,375.27,375.27
4255,1429,61,4,135.79,543.16
4256,1429,85,2,448.65,897.3
4257,1429,1,1,483.17,483.17
4258,1429,14,2,472.64,945.28
4259,1430,82,5,71.64,358.2
4260,1430,36,3,74.4,223.2
4261,1430,38,5,11.87,59.35
4262,1430,21,1,488.47,488.47
4263,1431,38,4,11.87,47.48
4264,1431,76,1,273.1,273.1
4265,1431,11,2,147.32,294.64
4266,1431,73,3,487.67,1463.01
4267,1431,60,2,358.88,717.76
4268,1432,2,1,243.6,243.6
4269,1433,40,4,144.16,576.64
4270,1433,8,1,30.66,30.66
4271,1433,62,2,144.69,289.38
4272,1433,63,4,229.68,918.72
4273,1433,40,2,144.16,288.32
4274,1434,99,3,107.85,323.55
4275,1434,8,5,30.66,153.3
4276,1434,97,3,425.33,1275.99
4277,1434,3,2,321.8,643.6
4278,1434,37,1,463.79,463.79
4279,1435,7,2,402.41,804.82
4280,1435,44,1,71.57,71.57
4281,1435,80,2,165.82,331.64
4282,1435,6,1,121.04,121.04
4283,1435,72,5,152.08,760.4
4284,1436,15,4,371.75,1487
4285,1436,81,2,499.89,999.78
4286,1436,88,3,275.64,826.92
4287,1437,34,2,59.14,118.28
4288,1437,78,5,279.16,1395.8
4289,1437,64,1,325.29,325.29
4290,1437,91,4,196.31,785.24
4291,1437,73,1,487.67,487.67
4292,1438,33,1,329.42,329.42
4293,1438,65,5,72.5,362.5
4294,1438,29,4,122.88,491.52
4295,1438,8,2,30.66,61.32
4296,1438,57,3,55.2,165.6
4297,1439,1,2,483.17,966.34
4298,1439,91,4,196.31,785.24
4299,1439,52,1,403.26,403.26
4300,1439,80,5,165.82,829.1
4301,1440,89,2,63.06,126.12
4302,1440,46,1,446.64,446.64
4303,1440,20,4,181.13,724.52
4304,1441,75,1,33.9,33.9
4305,1442,15,2,371.75,743.5
4306,1442,92,4,34.18,136.72
4307,1442,42,4,10.28,41.12
4308,1442,79,3,34.53,103.59
4309,1442,68,2,100.19,200.38
4310,1443,85,3,448.65,1345.95
4311,1444,90,1,157.77,157.77
4312,1444,35,3,18.87,56.61
4313,1444,43,1,250.15,250.15
4314,1445,2,2,243.6,487.2
4315,1445,64,2,325.29,650.58
4316,1445,75,2,33.9,67.8
4317,1445,49,2,388.97,777.94
4318,1446,4,2,117.56,235.12
4319,1446,70,2,303.87,607.74
4320,1447,5,5,142.14,710.7
4321,1448,44,1,71.57,71.57
4322,1448,45,4,444.26,1777.04
4323,1448,71,2,77.6,155.2
4324,1449,19,4,280.77,1123.08
4325,1449,30,4,70.69,282.76
4326,1450,26,1,313.45,313.45
4327,1450,55,1,205.95,205.95
4328,1450,17,1,480.38,480.38
4329,1450,99,4,107.85,431.4
4330,1450,66,5,384.26,1921.3
4331,1451,79,2,34.53,69.06
4332,1451,86,5,450.1,2250.5
4333,1451,27,1,345.01,345.01
4334,1452,47,3,218.62,655.86
4335,1452,23,4,272.6,1090.4
4336,1452,26,5,313.45,1567.25
4337,1453,60,4,358.88,1435.52
4338,1453,8,4,30.66,122.64
4339,1453,10,2,402.34,804.68
4340,1453,90,2,157.77,315.54
4341,1453,15,1,371.75,371.75
4342,1454,28,4,87.71,350.84
4343,1454,1,3,483.17,1449.51
4344,1455,99,2,107.85,215.7
4345,1455,84,4,397.33,1589.32
4346,1455,50,1,360.67,360.67
4347,1456,82,4,71.64,286.56
4348,1457,62,5,144.69,723.45
4349,1457,97,1,425.33,425.33
4350,1458,10,4,402.34,1609.36
4351,1458,35,3,18.87,56.61
4352,1459,3,2,321.8,643.6
4353,1460,57,5,55.2,276
4354,1461,93,1,266.65,266.65
4355,1461,91,5,196.31,981.55
4356,1462,46,3,446.64,1339.92
4357,1462,6,3,121.04,363.12
4358,1463,55,2,205.95,411.9
4359,1463,43,3,250.15,750.45
4360,1463,98,1,140.33,140.33
4361,1464,11,1,147.32,147.32
4362,1464,42,1,10.28,10.28
4363,1464,36,3,74.4,223.2
4364,1465,92,1,34.18,34.18
4365,1466,3,2,321.8,643.6
4366,1466,43,1,250.15,250.15
4367,1467,82,2,71.64,143.28
4368,1468,68,4,100.19,400.76
4369,1468,48,2,391.48,782.96
4370,1468,37,2,463.79,927.58
4371,1468,65,3,72.5,217.5
4372,1468,31,2,214.73,429.46
4373,1469,32,1,260.99,260.99
4374,1469,10,5,402.34,2011.7
4375,1469,76,2,273.1,546.2
4376,1470,13,4,234.45,937.8
4377,1471,68,1,100.19,100.19
4378,1471,18,5,423.15,2115.75
4379,1471,18,3,423.15,1269.45
4380,1471,11,5,147.32,736.6
4381,1471,17,3,480.38,1441.14
4382,1472,93,3,266.65,799.95
4383,1472,60,2,358.88,717.76
4384,1472,83,3,130.62,391.86
4385,1472,21,4,488.47,1953.88
4386,1472,97,5,425.33,2126.65
4387,1473,35,4,18.87,75.48
4388,1473,94,2,41.72,83.44
4389,1473,9,2,133.05,266.1
4390,1473,31,3,214.73,644.19
4391,1474,10,4,402.34,1609.36
4392,1474,10,2,402.34,804.68
4393,1474,37,3,463.79,1391.37
4394,1475,74,2,325.4,650.8
4395,1475,87,2,476.96,953.92
4396,1475,100,4,38.05,152.2
4397,1475,32,1,260.99,260.99
4398,1476,55,5,205.95,1029.75
4399,1476,24,2,217.84,435.68
4400,1476,75,3,33.9,101.7
4401,1476,15,3,371.75,1115.25
4402,1477,12,1,235.36,235.36
4403,1477,96,2,130.71,261.42
4404,1477,66,3,384.26,1152.78
4405,1478,74,3,325.4,976.2
4406,1478,76,2,273.1,546.2
4407,1478,87,1,476.96,476.96
4408,1478,72,1,152.08,152.08
4409,1478,65,2,72.5,145
4410,1479,58,4,433.93,1735.72
4411,1479,85,2,448.65,897.3
4412,1479,45,2,444.26,888.52
4413,1479,87,1,476.96,476.96
4414,1479,71,3,77.6,232.8
4415,1480,82,4,71.64,286.56
4416,1481,58,5,433.93,2169.65
4417,1482,59,4,330.91,1323.64
4418,1482,17,5,480.38,2401.9
4419,1482,9,2,133.05,266.1
4420,1482,47,3,218.62,655.86
4421,1483,37,3,463.79,1391.37
4422,1484,1,5,483.17,2415.85
4423,1484,3,3,321.8,965.4
4424,1485,39,2,461.01,922.02
4425,1486,39,4,461.01,1844.04
4426,1487,77,3,112.25,336.75
4427,1488,66,2,384.26,768.52
4428,1488,84,1,397.33,397.33
4429,1488,33,5,329.42,1647.1
4430,1488,49,1,388.97,388.97
4431,1489,85,2,448.65,897.3
4432,1489,53,4,120.42,481.68
4433,1489,57,4,55.2,220.8
4434,1489,87,2,476.96,953.92
4435,1489,25,5,144.29,721.45
4436,1490,51,5,101.56,507.8
4437,1490,26,5,313.45,1567.25
4438,1490,56,3,180.06,540.18
4439,1490,74,2,325.4,650.8
4440,1491,55,2,205.95,411.9
4441,1491,82,4,71.64,286.56
4442,1491,44,3,71.57,214.71
4443,1492,100,3,38.05,114.15
4444,1493,23,4,272.6,1090.4
4445,1493,2,2,243.6,487.2
4446,1493,75,1,33.9,33.9
4447,1493,10,4,402.34,1609.36
4448,1494,30,4,70.69,282.76
4449,1494,97,4,425.33,1701.32
4450,1494,21,3,488.47,1465.41
4451,1494,57,5,55.2,276
4452,1494,33,1,329.42,329.42
4453,1495,11,4,147.32,589.28
4454,1495,65,4,72.5,290
4455,1495,46,2,446.64,893.28
4456,1496,15,4,371.75,1487
4457,1496,34,4,59.14,236.56
4458,1496,42,5,10.28,51.4
4459,1497,97,3,425.33,1275.99
4460,1497,96,3,130.71,392.13
4461,1497,50,2,360.67,721.34
4462,1497,100,4,38.05,152.2
4463,1498,5,4,142.14,568.56
4464,1498,22,1,202.6,202.6
4465,1498,35,3,18.87,56.61
4466,1498,46,5,446.64,2233.2
4467,1498,20,3,181.13,543.39
4468,1499,22,2,202.6,405.2
4469,1499,43,1,250.15,250.15
4470,1499,51,3,101.56,304.68
4471,1499,23,4,272.6,1090.4
4472,1499,9,5,133.05,665.25
4473,1500,58,1,433.93,433.93
4474,1500,32,5,260.99,1304.95
4475,1500,11,3,147.32,441.96
4476,1500,56,4,180.06,720.24
4477,1500,85,3,448.65,1345.95
4478,1501,81,5,499.89,2499.45
4479,1501,90,5,157.77,788.85
4480,1501,93,3,266.65,799.95
4481,1501,52,2,403.26,806.52
4482,1501,10,4,402.34,1609.36
4483,1502,88,3,275.64,826.92
4484,1503,4,3,117.56,352.68
4485,1504,50,5,360.67,1803.35
4486,1504,15,4,371.75,1487
4487,1504,30,4,70.69,282.76
4488,1504,16,5,465.73,2328.65
4489,1505,11,3,147.32,441.96
4490,1505,58,2,433.93,867.86
4491,1505,8,1,30.66,30.66
4492,1506,55,2,205.95,411.9
4493,1507,43,1,250.15,250.15
4494,1507,36,2,74.4,148.8
4495,1507,68,5,100.19,500.95
4496,1507,62,2,144.69,289.38
4497,1507,57,4,55.2,220.8
4498,1508,74,4,325.4,1301.6
4499,1508,38,5,11.87,59.35
4500,1508,8,4,30.66,122.64
4501,1509,27,4,345.01,1380.04
4502,1509,5,4,142.14,568.56
4503,1509,87,1,476.96,476.96
4504,1509,61,3,135.79,407.37
4505,1510,58,4,433.93,1735.72
4506,1510,86,1,450.1,450.1
4507,1511,28,2,87.71,175.42
4508,1511,49,3,388.97,1166.91
4509,1512,7,3,402.41,1207.23
4510,1512,61,1,135.79,135.79
4511,1512,9,3,133.05,399.15
4512,1512,54,1,375.27,375.27
4513,1513,90,1,157.77,157.77
4514,1514,46,1,446.64,446.64
4515,1514,67,5,146.48,732.4
4516,1515,96,1,130.71,130.71
4517,1516,5,3,142.14,426.42
4518,1517,83,1,130.62,130.62
4519,1517,37,2,463.79,927.58
4520,1518,11,3,147.32,441.96
4521,1518,20,3,181.13,543.39
4522,1518,70,4,303.87,1215.48
4523,1518,84,1,397.33,397.33
4524,1519,15,5,371.75,1858.75
4525,1520,29,2,122.88,245.76
4526,1520,68,2,100.19,200.38
4527,1521,65,5,72.5,362.5
4528,1521,20,5,181.13,905.65
4529,1521,35,4,18.87,75.48
4530,1521,34,2,59.14,118.28
4531,1522,49,4,388.97,1555.88
4532,1523,49,1,388.97,388.97
4533,1523,79,1,34.53,34.53
4534,1523,96,3,130.71,392.13
4535,1523,83,5,130.62,653.1
4536,1524,88,4,275.64,1102.56
4537,1524,99,3,107.85,323.55
4538,1524,63,2,229.68,459.36
4539,1524,11,4,147.32,589.28
4540,1524,47,1,218.62,218.62
4541,1525,39,3,461.01,1383.03
4542,1525,94,4,41.72,166.88
4543,1525,76,4,273.1,1092.4
4544,1525,80,2,165.82,331.64
4545,1525,32,3,260.99,782.97
4546,1526,27,5,345.01,1725.05
4547,1526,23,1,272.6,272.6
4548,1527,8,1,30.66,30.66
4549,1528,99,4,107.85,431.4
4550,1528,84,3,397.33,1191.99
4551,1528,29,5,122.88,614.4
4552,1529,1,1,483.17,483.17
4553,1530,51,2,101.56,203.12
4554,1530,44,3,71.57,214.71
4555,1530,82,2,71.64,143.28
4556,1531,71,3,77.6,232.8
4557,1531,37,3,463.79,1391.37
4558,1532,72,1,152.08,152.08
4559,1532,34,1,59.14,59.14
4560,1532,7,3,402.41,1207.23
4561,1532,89,3,63.06,189.18
4562,1533,97,5,425.33,2126.65
4563,1534,82,4,71.64,286.56
4564,1534,77,2,112.25,224.5
4565,1535,38,3,11.87,35.61
4566,1536,79,4,34.53,138.12
4567,1536,58,2,433.93,867.86
4568,1536,18,3,423.15,1269.45
4569,1536,94,2,41.72,83.44
4570,1536,10,2,402.34,804.68
4571,1537,89,1,63.06,63.06
4572,1537,25,1,144.29,144.29
4573,1537,45,3,444.26,1332.78
4574,1537,19,5,280.77,1403.85
4575,1537,45,2,444.26,888.52
4576,1538,55,5,205.95,1029.75
4577,1538,5,5,142.14,710.7
4578,1538,78,1,279.16,279.16
4579,1538,83,2,130.62,261.24
4580,1538,44,1,71.57,71.57
4581,1539,49,3,388.97,1166.91
4582,1539,56,2,180.06,360.12
4583,1540,23,2,272.6,545.2
4584,1541,2,4,243.6,974.4
4585,1541,86,1,450.1,450.1
4586,1542,12,5,235.36,1176.8
4587,1542,68,3,100.19,300.57
4588,1542,47,1,218.62,218.62
4589,1542,88,2,275.64,551.28
4590,1542,2,1,243.6,243.6
4591,1543,90,5,157.77,788.85
4592,1543,43,2,250.15,500.3
4593,1543,1,3,483.17,1449.51
4594,1543,99,3,107.85,323.55
4595,1544,80,4,165.82,663.28
4596,1545,11,3,147.32,441.96
4597,1545,61,3,135.79,407.37
4598,1545,28,2,87.71,175.42
4599,1545,99,3,107.85,323.55
4600,1545,67,3,146.48,439.44
4601,1546,95,3,442.92,1328.76
4602,1546,37,3,463.79,1391.37
4603,1547,88,4,275.64,1102.56
4604,1547,88,5,275.64,1378.2
4605,1547,84,1,397.33,397.33
4606,1548,4,1,117.56,117.56
4607,1548,3,2,321.8,643.6
4608,1548,64,4,325.29,1301.16
4609,1549,77,1,112.25,112.25
4610,1550,51,2,101.56,203.12
4611,1550,28,3,87.71,263.13
4612,1551,65,5,72.5,362.5
4613,1552,22,4,202.6,810.4
4614,1553,91,1,196.31,196.31
4615,1553,85,2,448.65,897.3
4616,1553,88,1,275.64,275.64
4617,1554,26,5,313.45,1567.25
4618,1554,20,3,181.13,543.39
4619,1555,21,1,488.47,488.47
4620,1555,65,5,72.5,362.5
4621,1555,20,5,181.13,905.65
4622,1555,52,2,403.26,806.52
4623,1555,62,1,144.69,144.69
4624,1556,64,3,325.29,975.87
4625,1556,65,2,72.5,145
4626,1557,4,1,117.56,117.56
4627,1557,41,5,314.73,1573.65
4628,1557,31,3,214.73,644.19
4629,1557,27,4,345.01,1380.04
4630,1557,9,3,133.05,399.15
4631,1558,60,3,358.88,1076.64
4632,1559,12,3,235.36,706.08
4633,1560,76,5,273.1,1365.5
4634,1560,58,3,433.93,1301.79
4635,1561,69,3,414.94,1244.82
4636,1561,69,4,414.94,1659.76
4637,1561,23,3,272.6,817.8
4638,1561,63,1,229.68,229.68
4639,1562,77,3,112.25,336.75
4640,1563,97,3,425.33,1275.99
4641,1564,35,5,18.87,94.35
4642,1564,10,4,402.34,1609.36
4643,1564,15,2,371.75,743.5
4644,1564,11,4,147.32,589.28
4645,1564,79,3,34.53,103.59
4646,1565,98,2,140.33,280.66
4647,1565,93,1,266.65,266.65
4648,1565,24,2,217.84,435.68
4649,1565,67,4,146.48,585.92
4650,1566,96,1,130.71,130.71
4651,1566,40,1,144.16,144.16
4652,1567,69,5,414.94,2074.7
4653,1567,49,3,388.97,1166.91
4654,1567,59,4,330.91,1323.64
4655,1567,99,4,107.85,431.4
4656,1567,78,3,279.16,837.48
4657,1568,83,3,130.62,391.86
4658,1568,9,5,133.05,665.25
4659,1568,51,5,101.56,507.8
4660,1569,34,1,59.14,59.14
4661,1569,47,4,218.62,874.48
4662,1569,81,2,499.89,999.78
4663,1569,78,4,279.16,1116.64
4664,1569,85,3,448.65,1345.95
4665,1570,56,1,180.06,180.06
4666,1570,2,4,243.6,974.4
4667,1570,92,5,34.18,170.9
4668,1570,96,2,130.71,261.42
4669,1571,82,5,71.64,358.2
4670,1571,9,3,133.05,399.15
4671,1571,32,3,260.99,782.97
4672,1571,5,3,142.14,426.42
4673,1571,30,1,70.69,70.69
4674,1572,3,5,321.8,1609
4675,1573,98,3,140.33,420.99
4676,1573,94,5,41.72,208.6
4677,1574,72,4,152.08,608.32
4678,1574,22,2,202.6,405.2
4679,1574,35,4,18.87,75.48
4680,1574,58,5,433.93,2169.65
4681,1575,93,4,266.65,1066.6
4682,1575,48,5,391.48,1957.4
4683,1575,75,1,33.9,33.9
4684,1576,26,5,313.45,1567.25
4685,1576,67,3,146.48,439.44
4686,1576,100,4,38.05,152.2
4687,1576,61,5,135.79,678.95
4688,1576,42,5,10.28,51.4
4689,1577,77,1,112.25,112.25
4690,1577,89,1,63.06,63.06
4691,1577,68,2,100.19,200.38
4692,1577,76,2,273.1,546.2
4693,1578,51,3,101.56,304.68
4694,1578,21,2,488.47,976.94
4695,1578,56,2,180.06,360.12
4696,1578,61,2,135.79,271.58
4697,1579,71,3,77.6,232.8
4698,1579,48,4,391.48,1565.92
4699,1580,44,5,71.57,357.85
4700,1580,88,5,275.64,1378.2
4701,1580,62,4,144.69,578.76
4702,1581,6,5,121.04,605.2
4703,1581,14,1,472.64,472.64
4704,1581,53,3,120.42,361.26
4705,1582,35,1,18.87,18.87
4706,1583,53,1,120.42,120.42
4707,1583,30,3,70.69,212.07
4708,1584,32,2,260.99,521.98
4709,1584,21,3,488.47,1465.41
4710,1584,16,4,465.73,1862.92
4711,1585,50,2,360.67,721.34
4712,1585,3,3,321.8,965.4
4713,1586,51,4,101.56,406.24
4714,1587,65,3,72.5,217.5
4715,1587,45,2,444.26,888.52
4716,1587,36,1,74.4,74.4
4717,1587,34,3,59.14,177.42
4718,1587,58,5,433.93,2169.65
4719,1588,46,4,446.64,1786.56
4720,1588,26,1,313.45,313.45
4721,1588,76,3,273.1,819.3
4722,1588,56,3,180.06,540.18
4723,1589,57,1,55.2,55.2
4724,1589,15,3,371.75,1115.25
4725,1589,66,3,384.26,1152.78
4726,1590,1,4,483.17,1932.68
4727,1590,78,4,279.16,1116.64
4728,1590,22,4,202.6,810.4
4729,1590,12,1,235.36,235.36
4730,1590,75,5,33.9,169.5
4731,1591,37,4,463.79,1855.16
4732,1591,37,5,463.79,2318.95
4733,1591,87,3,476.96,1430.88
4734,1592,64,5,325.29,1626.45
4735,1592,69,3,414.94,1244.82
4736,1592,1,5,483.17,2415.85
4737,1593,70,1,303.87,303.87
4738,1593,11,3,147.32,441.96
4739,1593,82,3,71.64,214.92
4740,1593,70,3,303.87,911.61
4741,1593,11,2,147.32,294.64
4742,1594,70,3,303.87,911.61
4743,1594,75,4,33.9,135.6
4744,1595,41,1,314.73,314.73
4745,1595,30,5,70.69,353.45
4746,1595,5,4,142.14,568.56
4747,1595,20,4,181.13,724.52
4748,1596,47,5,218.62,1093.1
4749,1597,1,1,483.17,483.17
4750,1597,51,5,101.56,507.8
4751,1597,48,2,391.48,782.96
4752,1597,32,5,260.99,1304.95
4753,1598,73,2,487.67,975.34
4754,1598,74,5,325.4,1627
4755,1598,46,5,446.64,2233.2
4756,1599,13,3,234.45,703.35
4757,1599,96,1,130.71,130.71
4758,1599,56,2,180.06,360.12
4759,1599,29,2,122.88,245.76
4760,1600,91,2,196.31,392.62
4761,1601,64,3,325.29,975.87
4762,1602,70,2,303.87,607.74
4763,1603,1,5,483.17,2415.85
4764,1604,68,2,100.19,200.38
4765,1605,71,5,77.6,388
4766,1606,63,2,229.68,459.36
4767,1607,70,3,303.87,911.61
4768,1607,95,3,442.92,1328.76
4769,1607,43,3,250.15,750.45
4770,1608,71,3,77.6,232.8
4771,1608,47,1,218.62,218.62
4772,1609,3,2,321.8,643.6
4773,1610,6,2,121.04,242.08
4774,1610,78,2,279.16,558.32
4775,1611,46,1,446.64,446.64
4776,1611,42,5,10.28,51.4
4777,1611,62,4,144.69,578.76
4778,1611,34,5,59.14,295.7
4779,1612,7,1,402.41,402.41
4780,1612,85,2,448.65,897.3
4781,1612,75,4,33.9,135.6
4782,1613,66,4,384.26,1537.04
4783,1613,24,5,217.84,1089.2
4784,1614,94,2,41.72,83.44
4785,1615,60,5,358.88,1794.4
4786,1615,15,3,371.75,1115.25
4787,1615,85,3,448.65,1345.95
4788,1616,41,4,314.73,1258.92
4789,1616,93,3,266.65,799.95
4790,1617,6,2,121.04,242.08
4791,1618,95,1,442.92,442.92
4792,1619,88,1,275.64,275.64
4793,1619,31,1,214.73,214.73
4794,1619,62,3,144.69,434.07
4795,1619,39,2,461.01,922.02
4796,1619,53,2,120.42,240.84
4797,1620,71,4,77.6,310.4
4798,1621,87,5,476.96,2384.8
4799,1622,6,1,121.04,121.04
4800,1622,89,3,63.06,189.18
4801,1622,40,3,144.16,432.48
4802,1622,8,2,30.66,61.32
4803,1622,73,1,487.67,487.67
4804,1623,36,5,74.4,372
4805,1623,60,4,358.88,1435.52
4806,1623,33,1,329.42,329.42
4807,1624,17,2,480.38,960.76
4808,1625,20,5,181.13,905.65
4809,1626,100,4,38.05,152.2
4810,1627,20,4,181.13,724.52
4811,1627,90,3,157.77,473.31
4812,1627,35,3,18.87,56.61
4813,1627,40,3,144.16,432.48
4814,1627,28,4,87.71,350.84
4815,1628,91,4,196.31,785.24
4816,1628,17,3,480.38,1441.14
4817,1628,44,1,71.57,71.57
4818,1628,53,4,120.42,481.68
4819,1628,55,5,205.95,1029.75
4820,1629,20,4,181.13,724.52
4821,1630,95,2,442.92,885.84
4822,1630,19,4,280.77,1123.08
4823,1631,8,1,30.66,30.66
4824,1631,3,3,321.8,965.4
4825,1632,92,2,34.18,68.36
4826,1632,14,5,472.64,2363.2
4827,1632,29,5,122.88,614.4
4828,1632,6,5,121.04,605.2
4829,1633,7,2,402.41,804.82
4830,1633,90,5,157.77,788.85
4831,1634,24,1,217.84,217.84
4832,1634,36,1,74.4,74.4
4833,1634,8,1,30.66,30.66
4834,1634,20,2,181.13,362.26
4835,1634,34,1,59.14,59.14
4836,1635,94,2,41.72,83.44
4837,1635,71,5,77.6,388
4838,1635,81,4,499.89,1999.56
4839,1635,19,2,280.77,561.54
4840,1636,62,2,144.69,289.38
4841,1636,71,4,77.6,310.4
4842,1636,42,4,10.28,41.12
4843,1636,46,5,446.64,2233.2
4844,1636,100,3,38.05,114.15
4845,1637,1,4,483.17,1932.68
4846,1637,20,5,181.13,905.65
4847,1637,45,5,444.26,2221.3
4848,1637,10,5,402.34,2011.7
4849,1638,45,4,444.26,1777.04
4850,1638,6,5,121.04,605.2
4851,1638,42,5,10.28,51.4
4852,1639,80,5,165.82,829.1
4853,1640,22,1,202.6,202.6
4854,1640,16,2,465.73,931.46
4855,1641,84,5,397.33,1986.65
4856,1641,18,1,423.15,423.15
4857,1641,92,2,34.18,68.36
4858,1641,1,2,483.17,966.34
4859,1641,56,5,180.06,900.3
4860,1642,63,5,229.68,1148.4
4861,1642,31,2,214.73,429.46
4862,1642,28,5,87.71,438.55
4863,1642,64,5,325.29,1626.45
4864,1642,36,1,74.4,74.4
4865,1643,53,1,120.42,120.42
4866,1643,69,2,414.94,829.88
4867,1643,82,3,71.64,214.92
4868,1643,8,2,30.66,61.32
4869,1644,81,1,499.89,499.89
4870,1644,51,3,101.56,304.68
4871,1644,98,4,140.33,561.32
4872,1644,49,4,388.97,1555.88
4873,1644,1,3,483.17,1449.51
4874,1645,63,1,229.68,229.68
4875,1645,12,3,235.36,706.08
4876,1645,72,1,152.08,152.08
4877,1646,54,3,375.27,1125.81
4878,1646,38,1,11.87,11.87
4879,1646,32,3,260.99,782.97
4880,1646,100,4,38.05,152.2
4881,1647,8,2,30.66,61.32
4882,1647,28,4,87.71,350.84
4883,1648,37,4,463.79,1855.16
4884,1648,77,4,112.25,449
4885,1648,36,4,74.4,297.6
4886,1648,1,3,483.17,1449.51
4887,1649,83,5,130.62,653.1
4888,1650,39,1,461.01,461.01
4889,1651,22,5,202.6,1013
4890,1651,62,4,144.69,578.76
4891,1652,16,3,465.73,1397.19
4892,1652,81,4,499.89,1999.56
4893,1653,82,3,71.64,214.92
4894,1653,54,3,375.27,1125.81
4895,1653,26,1,313.45,313.45
4896,1654,43,1,250.15,250.15
4897,1655,83,3,130.62,391.86
4898,1655,32,5,260.99,1304.95
4899,1655,54,3,375.27,1125.81
4900,1656,68,4,100.19,400.76
4901,1656,5,2,142.14,284.28
4902,1656,59,3,330.91,992.73
4903,1657,44,5,71.57,357.85
4904,1658,13,2,234.45,468.9
4905,1658,67,2,146.48,292.96
4906,1658,87,5,476.96,2384.8
4907,1658,72,5,152.08,760.4
4908,1658,62,5,144.69,723.45
4909,1659,14,1,472.64,472.64
4910,1659,17,4,480.38,1921.52
4911,1659,88,2,275.64,551.28
4912,1659,24,4,217.84,871.36
4913,1659,32,4,260.99,1043.96
4914,1660,91,1,196.31,196.31
4915,1660,82,4,71.64,286.56
4916,1661,64,2,325.29,650.58
4917,1661,20,5,181.13,905.65
4918,1661,83,3,130.62,391.86
4919,1661,85,4,448.65,1794.6
4920,1661,67,1,146.48,146.48
4921,1662,50,1,360.67,360.67
4922,1662,85,4,448.65,1794.6
4923,1662,59,2,330.91,661.82
4924,1662,34,2,59.14,118.28
4925,1663,26,4,313.45,1253.8
4926,1663,58,2,433.93,867.86
4927,1663,92,4,34.18,136.72
4928,1663,34,3,59.14,177.42
4929,1663,26,5,313.45,1567.25
4930,1664,35,5,18.87,94.35
4931,1664,40,3,144.16,432.48
4932,1665,49,5,388.97,1944.85
4933,1665,38,5,11.87,59.35
4934,1666,29,4,122.88,491.52
4935,1666,32,4,260.99,1043.96
4936,1666,58,5,433.93,2169.65
4937,1666,42,2,10.28,20.56
4938,1666,20,5,181.13,905.65
4939,1667,53,3,120.42,361.26
4940,1667,20,1,181.13,181.13
4941,1667,28,4,87.71,350.84
4942,1667,65,5,72.5,362.5
4943,1667,68,5,100.19,500.95
4944,1668,70,1,303.87,303.87
4945,1668,42,2,10.28,20.56
4946,1668,13,3,234.45,703.35
4947,1668,9,4,133.05,532.2
4948,1669,45,1,444.26,444.26
4949,1669,10,2,402.34,804.68
4950,1669,52,2,403.26,806.52
4951,1669,67,2,146.48,292.96
4952,1670,99,3,107.85,323.55
4953,1670,26,2,313.45,626.9
4954,1671,53,5,120.42,602.1
4955,1672,93,1,266.65,266.65
4956,1673,89,2,63.06,126.12
4957,1673,42,4,10.28,41.12
4958,1674,38,4,11.87,47.48
4959,1675,56,4,180.06,720.24
4960,1675,68,5,100.19,500.95
4961,1675,57,5,55.2,276
4962,1676,16,5,465.73,2328.65
4963,1677,58,5,433.93,2169.65
4964,1678,13,1,234.45,234.45
4965,1679,53,2,120.42,240.84
4966,1679,81,1,499.89,499.89
4967,1679,25,3,144.29,432.87
4968,1679,57,2,55.2,110.4
4969,1680,1,3,483.17,1449.51
4970,1680,2,5,243.6,1218
4971,1681,23,2,272.6,545.2
4972,1681,34,2,59.14,118.28
4973,1681,3,1,321.8,321.8
4974,1681,60,1,358.88,358.88
4975,1681,60,5,358.88,1794.4
4976,1682,93,1,266.65,266.65
4977,1682,75,4,33.9,135.6
4978,1683,49,5,388.97,1944.85
4979,1683,70,2,303.87,607.74
4980,1683,84,2,397.33,794.66
4981,1683,10,4,402.34,1609.36
4982,1684,2,4,243.6,974.4
4983,1684,17,2,480.38,960.76
4984,1684,86,2,450.1,900.2
4985,1684,93,5,266.65,1333.25
4986,1685,90,5,157.77,788.85
4987,1685,70,5,303.87,1519.35
4988,1685,54,1,375.27,375.27
4989,1686,83,2,130.62,261.24
4990,1686,27,5,345.01,1725.05
4991,1686,92,5,34.18,170.9
4992,1687,98,4,140.33,561.32
4993,1687,49,4,388.97,1555.88
4994,1687,58,1,433.93,433.93
4995,1687,84,3,397.33,1191.99
4996,1688,13,2,234.45,468.9
4997,1689,24,3,217.84,653.52
4998,1690,53,3,120.42,361.26
4999,1690,30,5,70.69,353.45
5000,1690,42,4,10.28,41.12
5001,1690,64,4,325.29,1301.16
5002,1690,24,2,217.84,435.68
5003,1691,57,5,55.2,276
5004,1692,15,5,371.75,1858.75
5005,1693,13,5,234.45,1172.25
5006,1693,46,3,446.64,1339.92
5007,1694,36,4,74.4,297.6
5008,1694,29,1,122.88,122.88
5009,1694,37,4,463.79,1855.16
5010,1694,63,2,229.68,459.36
5011,1694,20,5,181.13,905.65
5012,1695,72,2,152.08,304.16
5013,1696,2,4,243.6,974.4
5014,1696,4,5,117.56,587.8
5015,1697,57,2,55.2,110.4
5016,1698,9,3,133.05,399.15
5017,1699,73,2,487.67,975.34
5018,1699,89,5,63.06,315.3
5019,1699,67,1,146.48,146.48
5020,1699,13,2,234.45,468.9
5021,1699,24,5,217.84,1089.2
5022,1700,44,2,71.57,143.14
5023,1700,53,3,120.42,361.26
5024,1700,38,1,11.87,11.87
5025,1700,63,1,229.68,229.68
5026,1700,25,3,144.29,432.87
5027,1701,81,4,499.89,1999.56
5028,1702,32,1,260.99,260.99
5029,1703,24,2,217.84,435.68
5030,1703,94,4,41.72,166.88
5031,1703,88,2,275.64,551.28
5032,1703,3,5,321.8,1609
5033,1704,90,4,157.77,631.08
5034,1704,83,2,130.62,261.24
5035,1704,86,5,450.1,2250.5
5036,1704,15,1,371.75,371.75
5037,1705,8,2,30.66,61.32
5038,1705,66,4,384.26,1537.04
5039,1706,4,4,117.56,470.24
5040,1707,27,1,345.01,345.01
5041,1707,31,3,214.73,644.19
5042,1708,82,4,71.64,286.56
5043,1708,62,2,144.69,289.38
5044,1709,44,5,71.57,357.85
5045,1709,88,1,275.64,275.64
5046,1709,21,4,488.47,1953.88
5047,1709,98,5,140.33,701.65
5048,1709,85,3,448.65,1345.95
5049,1710,87,5,476.96,2384.8
5050,1710,10,1,402.34,402.34
5051,1710,64,4,325.29,1301.16
5052,1710,96,1,130.71,130.71
5053,1711,96,2,130.71,261.42
5054,1711,59,5,330.91,1654.55
5055,1711,61,2,135.79,271.58
5056,1712,57,4,55.2,220.8
5057,1713,43,3,250.15,750.45
5058,1713,14,4,472.64,1890.56
5059,1713,99,1,107.85,107.85
5060,1713,2,2,243.6,487.2
5061,1713,32,2,260.99,521.98
5062,1714,23,3,272.6,817.8
5063,1714,44,3,71.57,214.71
5064,1715,44,3,71.57,214.71
5065,1715,85,4,448.65,1794.6
5066,1716,81,5,499.89,2499.45
5067,1716,10,2,402.34,804.68
5068,1716,53,5,120.42,602.1
5069,1716,59,4,330.91,1323.64
5070,1716,26,1,313.45,313.45
5071,1717,63,5,229.68,1148.4
5072,1717,68,3,100.19,300.57
5073,1717,59,2,330.91,661.82
5074,1717,89,4,63.06,252.24
5075,1717,24,1,217.84,217.84
5076,1718,92,1,34.18,34.18
5077,1718,14,4,472.64,1890.56
5078,1718,59,1,330.91,330.91
5079,1718,70,5,303.87,1519.35
5080,1719,50,4,360.67,1442.68
5081,1720,52,5,403.26,2016.3
5082,1720,58,5,433.93,2169.65
5083,1720,69,2,414.94,829.88
5084,1720,16,5,465.73,2328.65
5085,1721,46,5,446.64,2233.2
5086,1721,72,4,152.08,608.32
5087,1721,7,3,402.41,1207.23
5088,1721,4,4,117.56,470.24
5089,1722,48,4,391.48,1565.92
5090,1723,44,5,71.57,357.85
5091,1723,66,4,384.26,1537.04
5092,1723,23,1,272.6,272.6
5093,1723,71,1,77.6,77.6
5094,1723,55,1,205.95,205.95
5095,1724,87,3,476.96,1430.88
5096,1725,29,3,122.88,368.64
5097,1725,46,3,446.64,1339.92
5098,1725,94,1,41.72,41.72
5099,1725,50,1,360.67,360.67
5100,1725,43,3,250.15,750.45
5101,1726,83,1,130.62,130.62
5102,1726,45,5,444.26,2221.3
5103,1726,77,2,112.25,224.5
5104,1726,29,1,122.88,122.88
5105,1727,82,2,71.64,143.28
5106,1727,83,2,130.62,261.24
5107,1727,71,1,77.6,77.6
5108,1727,87,2,476.96,953.92
5109,1728,62,4,144.69,578.76
5110,1728,29,5,122.88,614.4
5111,1729,17,1,480.38,480.38
5112,1729,88,2,275.64,551.28
5113,1730,8,4,30.66,122.64
5114,1730,2,4,243.6,974.4
5115,1730,22,2,202.6,405.2
5116,1731,95,3,442.92,1328.76
5117,1731,24,5,217.84,1089.2
5118,1731,66,4,384.26,1537.04
5119,1731,6,2,121.04,242.08
5120,1731,71,5,77.6,388
5121,1732,31,2,214.73,429.46
5122,1732,54,1,375.27,375.27
5123,1733,12,3,235.36,706.08
5124,1733,45,2,444.26,888.52
5125,1733,92,2,34.18,68.36
5126,1733,15,4,371.75,1487
5127,1733,39,2,461.01,922.02
5128,1734,48,4,391.48,1565.92
5129,1734,27,1,345.01,345.01
5130,1734,26,1,313.45,313.45
5131,1735,20,3,181.13,543.39
5132,1735,100,4,38.05,152.2
5133,1735,59,2,330.91,661.82
5134,1736,64,4,325.29,1301.16
5135,1736,17,1,480.38,480.38
5136,1736,31,1,214.73,214.73
5137,1736,63,4,229.68,918.72
5138,1736,29,5,122.88,614.4
5139,1737,51,2,101.56,203.12
5140,1737,68,5,100.19,500.95
5141,1737,88,4,275.64,1102.56
5142,1737,43,3,250.15,750.45
5143,1737,46,3,446.64,1339.92
5144,1738,31,1,214.73,214.73
5145,1739,42,5,10.28,51.4
5146,1739,42,5,10.28,51.4
5147,1740,7,2,402.41,804.82
5148,1740,33,4,329.42,1317.68
5149,1740,6,2,121.04,242.08
5150,1740,27,3,345.01,1035.03
5151,1740,92,4,34.18,136.72
5152,1741,57,3,55.2,165.6
5153,1741,12,1,235.36,235.36
5154,1741,88,4,275.64,1102.56
5155,1741,96,5,130.71,653.55
5156,1742,92,2,34.18,68.36
5157,1742,28,2,87.71,175.42
5158,1742,1,4,483.17,1932.68
5159,1742,8,3,30.66,91.98
5160,1742,57,3,55.2,165.6
5161,1743,64,1,325.29,325.29
5162,1743,2,3,243.6,730.8
5163,1743,23,1,272.6,272.6
5164,1743,64,2,325.29,650.58
5165,1743,72,4,152.08,608.32
5166,1744,74,5,325.4,1627
5167,1744,45,2,444.26,888.52
5168,1744,70,5,303.87,1519.35
5169,1744,45,1,444.26,444.26
5170,1744,85,2,448.65,897.3
5171,1745,84,3,397.33,1191.99
5172,1745,28,5,87.71,438.55
5173,1745,48,3,391.48,1174.44
5174,1746,23,3,272.6,817.8
5175,1747,7,1,402.41,402.41
5176,1747,18,3,423.15,1269.45
5177,1747,93,2,266.65,533.3
5178,1747,73,1,487.67,487.67
5179,1748,2,3,243.6,730.8
5180,1748,77,5,112.25,561.25
5181,1748,40,4,144.16,576.64
5182,1748,5,3,142.14,426.42
5183,1749,35,1,18.87,18.87
5184,1749,72,1,152.08,152.08
5185,1749,47,4,218.62,874.48
5186,1750,4,2,117.56,235.12
5187,1751,67,2,146.48,292.96
5188,1751,54,1,375.27,375.27
5189,1751,58,2,433.93,867.86
5190,1751,96,2,130.71,261.42
5191,1751,60,3,358.88,1076.64
5192,1752,24,3,217.84,653.52
5193,1752,46,1,446.64,446.64
5194,1752,71,3,77.6,232.8
5195,1753,67,5,146.48,732.4
5196,1753,26,4,313.45,1253.8
5197,1754,36,4,74.4,297.6
5198,1754,25,4,144.29,577.16
5199,1754,11,3,147.32,441.96
5200,1755,82,5,71.64,358.2
5201,1755,52,3,403.26,1209.78
5202,1755,33,5,329.42,1647.1
5203,1755,22,4,202.6,810.4
5204,1755,46,2,446.64,893.28
5205,1756,10,1,402.34,402.34
5206,1756,83,3,130.62,391.86
5207,1756,94,5,41.72,208.6
5208,1756,84,2,397.33,794.66
5209,1757,77,5,112.25,561.25
5210,1757,52,1,403.26,403.26
5211,1757,75,4,33.9,135.6
5212,1757,7,2,402.41,804.82
5213,1758,44,5,71.57,357.85
5214,1758,94,5,41.72,208.6
5215,1759,18,2,423.15,846.3
5216,1759,21,3,488.47,1465.41
5217,1760,97,4,425.33,1701.32
5218,1760,81,2,499.89,999.78
5219,1760,16,4,465.73,1862.92
5220,1761,84,3,397.33,1191.99
5221,1761,70,4,303.87,1215.48
5222,1761,66,3,384.26,1152.78
5223,1762,100,2,38.05,76.1
5224,1762,85,5,448.65,2243.25
5225,1762,100,5,38.05,190.25
5226,1762,16,5,465.73,2328.65
5227,1763,5,1,142.14,142.14
5228,1764,84,1,397.33,397.33
5229,1764,57,3,55.2,165.6
5230,1764,69,2,414.94,829.88
5231,1764,20,1,181.13,181.13
5232,1765,37,4,463.79,1855.16
5233,1765,53,1,120.42,120.42
5234,1765,7,1,402.41,402.41
5235,1765,68,1,100.19,100.19
5236,1766,63,4,229.68,918.72
5237,1766,57,1,55.2,55.2
5238,1766,11,5,147.32,736.6
5239,1766,51,2,101.56,203.12
5240,1766,89,1,63.06,63.06
5241,1767,52,5,403.26,2016.3
5242,1767,47,1,218.62,218.62
5243,1768,73,2,487.67,975.34
5244,1768,77,4,112.25,449
5245,1769,28,2,87.71,175.42
5246,1769,57,2,55.2,110.4
5247,1769,87,5,476.96,2384.8
5248,1769,35,5,18.87,94.35
5249,1769,21,1,488.47,488.47
5250,1770,27,4,345.01,1380.04
5251,1770,1,3,483.17,1449.51
5252,1770,10,3,402.34,1207.02
5253,1771,64,5,325.29,1626.45
5254,1771,98,3,140.33,420.99
5255,1771,24,1,217.84,217.84
5256,1771,56,3,180.06,540.18
5257,1771,38,2,11.87,23.74
5258,1772,92,4,34.18,136.72
5259,1772,31,3,214.73,644.19
5260,1772,61,1,135.79,135.79
5261,1773,56,3,180.06,540.18
5262,1773,17,1,480.38,480.38
5263,1773,43,2,250.15,500.3
5264,1773,12,3,235.36,706.08
5265,1774,7,5,402.41,2012.05
5266,1775,42,1,10.28,10.28
5267,1775,44,2,71.57,143.14
5268,1776,33,3,329.42,988.26
5269,1776,83,2,130.62,261.24
5270,1776,2,3,243.6,730.8
5271,1776,17,2,480.38,960.76
5272,1777,35,1,18.87,18.87
5273,1778,10,1,402.34,402.34
5274,1778,32,3,260.99,782.97
5275,1778,51,5,101.56,507.8
5276,1778,71,2,77.6,155.2
5277,1779,45,1,444.26,444.26
5278,1779,93,3,266.65,799.95
5279,1779,21,5,488.47,2442.35
5280,1780,36,1,74.4,74.4
5281,1781,82,1,71.64,71.64
5282,1781,78,1,279.16,279.16
5283,1781,11,2,147.32,294.64
5284,1781,67,4,146.48,585.92
5285,1781,64,3,325.29,975.87
5286,1782,35,4,18.87,75.48
5287,1783,23,3,272.6,817.8
5288,1783,88,3,275.64,826.92
5289,1783,71,3,77.6,232.8
5290,1783,66,4,384.26,1537.04
5291,1783,7,5,402.41,2012.05
5292,1784,6,1,121.04,121.04
5293,1784,41,1,314.73,314.73
5294,1785,87,4,476.96,1907.84
5295,1785,62,1,144.69,144.69
5296,1785,20,1,181.13,181.13
5297,1785,76,5,273.1,1365.5
5298,1786,26,2,313.45,626.9
5299,1786,32,5,260.99,1304.95
5300,1786,69,3,414.94,1244.82
5301,1786,51,3,101.56,304.68
5302,1787,69,4,414.94,1659.76
5303,1787,44,2,71.57,143.14
5304,1787,35,5,18.87,94.35
5305,1787,11,2,147.32,294.64
5306,1787,64,1,325.29,325.29
5307,1788,16,1,465.73,465.73
5308,1788,35,5,18.87,94.35
5309,1788,36,4,74.4,297.6
5310,1788,56,1,180.06,180.06
5311,1789,61,2,135.79,271.58
5312,1789,7,5,402.41,2012.05
5313,1789,46,5,446.64,2233.2
5314,1790,63,1,229.68,229.68
5315,1790,34,3,59.14,177.42
5316,1790,14,4,472.64,1890.56
5317,1791,49,4,388.97,1555.88
5318,1791,67,1,146.48,146.48
5319,1791,36,2,74.4,148.8
5320,1792,43,3,250.15,750.45
5321,1792,50,5,360.67,1803.35
5322,1793,94,5,41.72,208.6
5323,1793,91,5,196.31,981.55
5324,1794,58,3,433.93,1301.79
5325,1794,60,4,358.88,1435.52
5326,1794,43,3,250.15,750.45
5327,1794,8,2,30.66,61.32
5328,1795,100,5,38.05,190.25
5329,1795,57,2,55.2,110.4
5330,1796,18,5,423.15,2115.75
5331,1796,5,4,142.14,568.56
5332,1796,79,4,34.53,138.12
5333,1796,67,3,146.48,439.44
5334,1797,89,5,63.06,315.3
5335,1798,95,4,442.92,1771.68
5336,1799,6,5,121.04,605.2
5337,1799,33,3,329.42,988.26
5338,1799,28,4,87.71,350.84
5339,1800,19,3,280.77,842.31
5340,1800,13,5,234.45,1172.25
5341,1800,69,2,414.94,829.88
5342,1800,15,5,371.75,1858.75
5343,1801,15,4,371.75,1487
5344,1801,90,1,157.77,157.77
5345,1801,35,2,18.87,37.74
5346,1801,16,4,465.73,1862.92
5347,1801,50,4,360.67,1442.68
5348,1802,84,5,397.33,1986.65
5349,1802,88,4,275.64,1102.56
5350,1802,96,4,130.71,522.84
5351,1802,79,3,34.53,103.59
5352,1802,78,5,279.16,1395.8
5353,1803,63,2,229.68,459.36
5354,1803,34,2,59.14,118.28
5355,1804,29,5,122.88,614.4
5356,1804,41,5,314.73,1573.65
5357,1805,10,4,402.34,1609.36
5358,1806,92,5,34.18,170.9
5359,1806,40,1,144.16,144.16
5360,1807,47,4,218.62,874.48
5361,1808,8,2,30.66,61.32
5362,1809,73,5,487.67,2438.35
5363,1809,14,2,472.64,945.28
5364,1809,23,2,272.6,545.2
5365,1810,44,5,71.57,357.85
5366,1810,11,1,147.32,147.32
5367,1811,47,2,218.62,437.24
5368,1811,8,5,30.66,153.3
5369,1812,61,4,135.79,543.16
5370,1812,84,5,397.33,1986.65
5371,1812,77,4,112.25,449
5372,1812,34,2,59.14,118.28
5373,1812,97,2,425.33,850.66
5374,1813,22,4,202.6,810.4
5375,1814,24,2,217.84,435.68
5376,1814,19,4,280.77,1123.08
5377,1814,37,4,463.79,1855.16
5378,1815,16,3,465.73,1397.19
5379,1815,24,5,217.84,1089.2
5380,1816,18,1,423.15,423.15
5381,1817,39,5,461.01,2305.05
5382,1818,40,2,144.16,288.32
5383,1818,45,4,444.26,1777.04
5384,1818,77,2,112.25,224.5
5385,1819,89,2,63.06,126.12
5386,1820,70,5,303.87,1519.35
5387,1820,50,4,360.67,1442.68
5388,1820,96,1,130.71,130.71
5389,1820,32,4,260.99,1043.96
5390,1820,89,4,63.06,252.24
5391,1821,100,1,38.05,38.05
5392,1822,41,1,314.73,314.73
5393,1822,51,3,101.56,304.68
5394,1822,38,5,11.87,59.35
5395,1823,93,2,266.65,533.3
5396,1823,24,2,217.84,435.68
5397,1823,89,1,63.06,63.06
5398,1823,20,5,181.13,905.65
5399,1823,86,1,450.1,450.1
5400,1824,51,5,101.56,507.8
5401,1824,23,3,272.6,817.8
5402,1824,17,3,480.38,1441.14
5403,1825,61,3,135.79,407.37
5404,1825,100,5,38.05,190.25
5405,1825,82,5,71.64,358.2
5406,1825,63,1,229.68,229.68
5407,1825,49,1,388.97,388.97
5408,1826,77,1,112.25,112.25
5409,1826,66,3,384.26,1152.78
5410,1826,76,3,273.1,819.3
5411,1826,83,3,130.62,391.86
5412,1827,68,5,100.19,500.95
5413,1827,86,1,450.1,450.1
5414,1828,96,2,130.71,261.42
5415,1828,72,3,152.08,456.24
5416,1828,35,1,18.87,18.87
5417,1828,96,2,130.71,261.42
5418,1829,55,5,205.95,1029.75
5419,1830,25,4,144.29,577.16
5420,1830,7,2,402.41,804.82
5421,1830,89,5,63.06,315.3
5422,1831,91,5,196.31,981.55
5423,1831,80,5,165.82,829.1
5424,1831,31,4,214.73,858.92
5425,1831,39,5,461.01,2305.05
5426,1832,6,1,121.04,121.04
5427,1832,57,5,55.2,276
5428,1832,100,5,38.05,190.25
5429,1833,86,1,450.1,450.1
5430,1833,77,1,112.25,112.25
5431,1833,52,3,403.26,1209.78
5432,1834,24,2,217.84,435.68
5433,1834,12,1,235.36,235.36
5434,1834,64,5,325.29,1626.45
5435,1834,27,1,345.01,345.01
5436,1834,58,3,433.93,1301.79
5437,1835,33,2,329.42,658.84
5438,1835,83,4,130.62,522.48
5439,1836,87,1,476.96,476.96
5440,1836,78,1,279.16,279.16
5441,1836,78,4,279.16,1116.64
5442,1836,68,1,100.19,100.19
5443,1837,34,2,59.14,118.28
5444,1837,42,1,10.28,10.28
5445,1837,22,2,202.6,405.2
5446,1837,89,5,63.06,315.3
5447,1838,75,2,33.9,67.8
5448,1838,73,5,487.67,2438.35
5449,1838,5,4,142.14,568.56
5450,1838,50,2,360.67,721.34
5451,1839,23,1,272.6,272.6
5452,1840,71,3,77.6,232.8
5453,1841,53,5,120.42,602.1
5454,1841,18,1,423.15,423.15
5455,1841,34,4,59.14,236.56
5456,1841,28,5,87.71,438.55
5457,1841,45,4,444.26,1777.04
5458,1842,6,3,121.04,363.12
5459,1842,34,3,59.14,177.42
5460,1842,66,3,384.26,1152.78
5461,1843,16,4,465.73,1862.92
5462,1844,58,4,433.93,1735.72
5463,1844,96,1,130.71,130.71
5464,1844,26,3,313.45,940.35
5465,1845,28,3,87.71,263.13
5466,1846,32,1,260.99,260.99
5467,1846,53,4,120.42,481.68
5468,1847,11,2,147.32,294.64
5469,1847,39,3,461.01,1383.03
5470,1847,35,3,18.87,56.61
5471,1847,8,1,30.66,30.66
5472,1847,96,4,130.71,522.84
5473,1848,30,1,70.69,70.69
5474,1848,84,1,397.33,397.33
5475,1848,24,4,217.84,871.36
5476,1849,100,5,38.05,190.25
5477,1849,31,5,214.73,1073.65
5478,1849,4,4,117.56,470.24
5479,1849,20,4,181.13,724.52
5480,1850,39,5,461.01,2305.05
5481,1850,33,4,329.42,1317.68
5482,1850,83,5,130.62,653.1
5483,1850,38,4,11.87,47.48
5484,1851,1,4,483.17,1932.68
5485,1851,89,1,63.06,63.06
5486,1851,45,5,444.26,2221.3
5487,1851,16,1,465.73,465.73
5488,1851,45,5,444.26,2221.3
5489,1852,46,5,446.64,2233.2
5490,1852,39,1,461.01,461.01
5491,1852,81,2,499.89,999.78
5492,1852,12,2,235.36,470.72
5493,1852,65,4,72.5,290
5494,1853,5,5,142.14,710.7
5495,1853,41,5,314.73,1573.65
5496,1854,2,5,243.6,1218
5497,1854,8,3,30.66,91.98
5498,1855,52,1,403.26,403.26
5499,1855,28,2,87.71,175.42
5500,1855,35,4,18.87,75.48
5501,1855,41,4,314.73,1258.92
5502,1856,62,5,144.69,723.45
5503,1857,51,2,101.56,203.12
5504,1857,20,3,181.13,543.39
5505,1858,67,3,146.48,439.44
5506,1859,90,2,157.77,315.54
5507,1859,85,2,448.65,897.3
5508,1859,86,4,450.1,1800.4
5509,1859,63,5,229.68,1148.4
5510,1859,45,5,444.26,2221.3
5511,1860,8,2,30.66,61.32
5512,1860,22,2,202.6,405.2
5513,1861,74,5,325.4,1627
5514,1861,10,3,402.34,1207.02
5515,1862,58,2,433.93,867.86
5516,1863,23,2,272.6,545.2
5517,1863,61,1,135.79,135.79
5518,1863,7,4,402.41,1609.64
5519,1863,99,5,107.85,539.25
5520,1863,79,2,34.53,69.06
5521,1864,81,3,499.89,1499.67
5522,1864,17,1,480.38,480.38
5523,1865,70,2,303.87,607.74
5524,1866,96,2,130.71,261.42
5525,1866,60,5,358.88,1794.4
5526,1866,78,3,279.16,837.48
5527,1866,79,1,34.53,34.53
5528,1866,72,5,152.08,760.4
5529,1867,87,4,476.96,1907.84
5530,1867,94,1,41.72,41.72
5531,1867,18,5,423.15,2115.75
5532,1868,44,2,71.57,143.14
5533,1868,10,5,402.34,2011.7
5534,1868,1,5,483.17,2415.85
5535,1869,97,4,425.33,1701.32
5536,1870,28,4,87.71,350.84
5537,1870,84,5,397.33,1986.65
5538,1870,91,5,196.31,981.55
5539,1870,96,5,130.71,653.55
5540,1870,47,2,218.62,437.24
5541,1871,74,3,325.4,976.2
5542,1871,92,4,34.18,136.72
5543,1871,20,4,181.13,724.52
5544,1871,35,2,18.87,37.74
5545,1872,20,4,181.13,724.52
5546,1872,19,1,280.77,280.77
5547,1872,41,2,314.73,629.46
5548,1873,18,1,423.15,423.15
5549,1873,75,4,33.9,135.6
5550,1873,83,3,130.62,391.86
5551,1873,65,5,72.5,362.5
5552,1874,59,1,330.91,330.91
5553,1874,96,2,130.71,261.42
5554,1874,20,2,181.13,362.26
5555,1875,27,3,345.01,1035.03
5556,1875,92,4,34.18,136.72
5557,1875,90,5,157.77,788.85
5558,1875,84,5,397.33,1986.65
5559,1876,64,4,325.29,1301.16
5560,1876,87,1,476.96,476.96
5561,1876,88,5,275.64,1378.2
5562,1876,97,3,425.33,1275.99
5563,1876,15,3,371.75,1115.25
5564,1877,97,3,425.33,1275.99
5565,1877,70,3,303.87,911.61
5566,1877,88,2,275.64,551.28
5567,1877,68,5,100.19,500.95
5568,1878,25,5,144.29,721.45
5569,1878,59,2,330.91,661.82
5570,1878,89,4,63.06,252.24
5571,1878,18,2,423.15,846.3
5572,1878,71,2,77.6,155.2
5573,1879,25,2,144.29,288.58
5574,1879,11,5,147.32,736.6
5575,1879,81,4,499.89,1999.56
5576,1879,30,1,70.69,70.69
5577,1880,13,4,234.45,937.8
5578,1880,94,5,41.72,208.6
5579,1880,34,5,59.14,295.7
5580,1881,25,1,144.29,144.29
5581,1881,76,2,273.1,546.2
5582,1881,46,3,446.64,1339.92
5583,1881,19,1,280.77,280.77
5584,1882,88,4,275.64,1102.56
5585,1883,13,5,234.45,1172.25
5586,1883,38,3,11.87,35.61
5587,1883,87,1,476.96,476.96
5588,1884,41,3,314.73,944.19
5589,1884,23,1,272.6,272.6
5590,1885,94,5,41.72,208.6
5591,1885,1,2,483.17,966.34
5592,1885,22,2,202.6,405.2
5593,1885,39,2,461.01,922.02
5594,1886,86,2,450.1,900.2
5595,1886,59,5,330.91,1654.55
5596,1886,11,3,147.32,441.96
5597,1887,93,1,266.65,266.65
5598,1888,42,1,10.28,10.28
5599,1888,43,1,250.15,250.15
5600,1889,12,1,235.36,235.36
5601,1889,33,1,329.42,329.42
5602,1889,58,1,433.93,433.93
5603,1890,27,5,345.01,1725.05
5604,1891,40,1,144.16,144.16
5605,1891,87,3,476.96,1430.88
5606,1892,70,3,303.87,911.61
5607,1892,67,1,146.48,146.48
5608,1892,2,1,243.6,243.6
5609,1892,35,4,18.87,75.48
5610,1892,39,2,461.01,922.02
5611,1893,58,4,433.93,1735.72
5612,1893,91,5,196.31,981.55
5613,1893,42,4,10.28,41.12
5614,1894,89,1,63.06,63.06
5615,1894,92,4,34.18,136.72
5616,1894,77,5,112.25,561.25
5617,1895,54,1,375.27,375.27
5618,1895,89,1,63.06,63.06
5619,1896,22,3,202.6,607.8
5620,1897,33,5,329.42,1647.1
5621,1897,88,3,275.64,826.92
5622,1897,39,1,461.01,461.01
5623,1897,56,5,180.06,900.3
5624,1897,52,1,403.26,403.26
5625,1898,42,4,10.28,41.12
5626,1898,67,1,146.48,146.48
5627,1899,73,3,487.67,1463.01
5628,1899,45,4,444.26,1777.04
5629,1899,76,5,273.1,1365.5
5630,1899,42,1,10.28,10.28
5631,1899,53,4,120.42,481.68
5632,1900,11,3,147.32,441.96
5633,1900,56,5,180.06,900.3
5634,1900,27,1,345.01,345.01
5635,1900,69,3,414.94,1244.82
5636,1901,6,4,121.04,484.16
5637,1901,97,3,425.33,1275.99
5638,1902,16,2,465.73,931.46
5639,1902,3,5,321.8,1609
5640,1902,87,2,476.96,953.92
5641,1902,55,2,205.95,411.9
5642,1902,63,2,229.68,459.36
5643,1903,48,5,391.48,1957.4
5644,1903,66,2,384.26,768.52
5645,1903,3,3,321.8,965.4
5646,1903,54,2,375.27,750.54
5647,1903,4,2,117.56,235.12
5648,1904,77,2,112.25,224.5
5649,1904,54,5,375.27,1876.35
5650,1905,34,3,59.14,177.42
5651,1905,12,4,235.36,941.44
5652,1905,12,4,235.36,941.44
5653,1906,92,5,34.18,170.9
5654,1906,36,2,74.4,148.8
5655,1906,37,2,463.79,927.58
5656,1906,100,5,38.05,190.25
5657,1907,21,5,488.47,2442.35
5658,1907,8,5,30.66,153.3
5659,1907,80,1,165.82,165.82
5660,1908,11,4,147.32,589.28
5661,1909,34,4,59.14,236.56
5662,1909,84,5,397.33,1986.65
5663,1910,54,1,375.27,375.27
5664,1910,33,5,329.42,1647.1
5665,1910,26,5,313.45,1567.25
5666,1911,71,1,77.6,77.6
5667,1911,89,1,63.06,63.06
5668,1911,83,4,130.62,522.48
5669,1911,6,3,121.04,363.12
5670,1911,22,3,202.6,607.8
5671,1912,69,5,414.94,2074.7
5672,1912,65,5,72.5,362.5
5673,1912,82,3,71.64,214.92
5674,1912,22,1,202.6,202.6
5675,1913,68,3,100.19,300.57
5676,1913,91,4,196.31,785.24
5677,1914,82,4,71.64,286.56
5678,1914,6,2,121.04,242.08
5679,1915,24,2,217.84,435.68
5680,1915,88,3,275.64,826.92
5681,1916,20,3,181.13,543.39
5682,1916,72,2,152.08,304.16
5683,1917,53,1,120.42,120.42
5684,1917,44,3,71.57,214.71
5685,1918,25,4,144.29,577.16
5686,1918,80,2,165.82,331.64
5687,1918,26,3,313.45,940.35
5688,1918,59,3,330.91,992.73
5689,1918,74,1,325.4,325.4
5690,1919,50,1,360.67,360.67
5691,1920,69,1,414.94,414.94
5692,1921,68,3,100.19,300.57
5693,1922,47,3,218.62,655.86
5694,1923,44,2,71.57,143.14
5695,1924,79,5,34.53,172.65
5696,1924,58,5,433.93,2169.65
5697,1924,52,3,403.26,1209.78
5698,1924,92,4,34.18,136.72
5699,1925,41,5,314.73,1573.65
5700,1925,63,2,229.68,459.36
5701,1926,38,2,11.87,23.74
5702,1926,26,1,313.45,313.45
5703,1926,72,1,152.08,152.08
5704,1927,41,1,314.73,314.73
5705,1927,43,1,250.15,250.15
5706,1928,93,5,266.65,1333.25
5707,1928,86,2,450.1,900.2
5708,1928,70,2,303.87,607.74
5709,1928,29,3,122.88,368.64
5710,1928,91,1,196.31,196.31
5711,1929,65,1,72.5,72.5
5712,1929,2,1,243.6,243.6
5713,1930,60,2,358.88,717.76
5714,1930,77,3,112.25,336.75
5715,1930,93,5,266.65,1333.25
5716,1930,1,3,483.17,1449.51
5717,1931,14,4,472.64,1890.56
5718,1931,2,3,243.6,730.8
5719,1931,57,5,55.2,276
5720,1931,59,4,330.91,1323.64
5721,1932,26,3,313.45,940.35
5722,1932,59,3,330.91,992.73
5723,1933,12,4,235.36,941.44
5724,1933,14,2,472.64,945.28
5725,1933,65,3,72.5,217.5
5726,1933,53,3,120.42,361.26
5727,1934,1,1,483.17,483.17
5728,1934,11,5,147.32,736.6
5729,1935,100,2,38.05,76.1
5730,1935,12,2,235.36,470.72
5731,1936,47,4,218.62,874.48
5732,1936,58,4,433.93,1735.72
5733,1937,71,5,77.6,388
5734,1937,80,5,165.82,829.1
5735,1937,81,1,499.89,499.89
5736,1937,92,1,34.18,34.18
5737,1938,95,2,442.92,885.84
5738,1938,90,1,157.77,157.77
5739,1939,18,3,423.15,1269.45
5740,1939,52,5,403.26,2016.3
5741,1939,39,2,461.01,922.02
5742,1940,63,4,229.68,918.72
5743,1940,97,4,425.33,1701.32
5744,1941,50,4,360.67,1442.68
5745,1941,81,4,499.89,1999.56
5746,1941,79,4,34.53,138.12
5747,1942,91,4,196.31,785.24
5748,1942,94,1,41.72,41.72
5749,1942,50,1,360.67,360.67
5750,1942,41,2,314.73,629.46
5751,1942,26,4,313.45,1253.8
5752,1943,50,4,360.67,1442.68
5753,1943,31,2,214.73,429.46
5754,1943,32,2,260.99,521.98
5755,1943,22,5,202.6,1013
5756,1943,20,2,181.13,362.26
5757,1944,38,5,11.87,59.35
5758,1944,46,1,446.64,446.64
5759,1944,16,3,465.73,1397.19
5760,1944,18,2,423.15,846.3
5761,1944,15,2,371.75,743.5
5762,1945,98,3,140.33,420.99
5763,1945,1,2,483.17,966.34
5764,1945,37,5,463.79,2318.95
5765,1946,15,2,371.75,743.5
5766,1946,64,4,325.29,1301.16
5767,1947,93,4,266.65,1066.6
5768,1947,26,4,313.45,1253.8
5769,1947,52,2,403.26,806.52
5770,1947,72,2,152.08,304.16
5771,1947,25,4,144.29,577.16
5772,1948,33,3,329.42,988.26
5773,1948,50,2,360.67,721.34
5774,1948,82,1,71.64,71.64
5775,1948,34,2,59.14,118.28
5776,1949,35,4,18.87,75.48
5777,1949,45,2,444.26,888.52
5778,1949,67,2,146.48,292.96
5779,1949,10,3,402.34,1207.02
5780,1949,87,4,476.96,1907.84
5781,1950,43,4,250.15,1000.6
5782,1950,26,3,313.45,940.35
5783,1950,94,4,41.72,166.88
5784,1950,89,2,63.06,126.12
5785,1951,80,2,165.82,331.64
5786,1951,19,3,280.77,842.31
5787,1951,49,1,388.97,388.97
5788,1951,82,2,71.64,143.28
5789,1952,4,1,117.56,117.56
5790,1952,87,2,476.96,953.92
5791,1952,11,5,147.32,736.6
5792,1953,89,2,63.06,126.12
5793,1953,80,3,165.82,497.46
5794,1954,95,5,442.92,2214.6
5795,1954,32,2,260.99,521.98
5796,1954,100,2,38.05,76.1
5797,1955,67,2,146.48,292.96
5798,1955,31,1,214.73,214.73
5799,1955,86,1,450.1,450.1
5800,1956,4,5,117.56,587.8
5801,1956,100,4,38.05,152.2
5802,1956,39,4,461.01,1844.04
5803,1956,10,3,402.34,1207.02
5804,1956,75,4,33.9,135.6
5805,1957,77,4,112.25,449
5806,1958,64,5,325.29,1626.45
5807,1958,19,5,280.77,1403.85
5808,1958,51,3,101.56,304.68
5809,1958,48,1,391.48,391.48
5810,1959,42,3,10.28,30.84
5811,1959,97,3,425.33,1275.99
5812,1959,74,3,325.4,976.2
5813,1960,86,3,450.1,1350.3
5814,1960,62,3,144.69,434.07
5815,1960,17,1,480.38,480.38
5816,1960,84,3,397.33,1191.99
5817,1961,39,3,461.01,1383.03
5818,1961,1,5,483.17,2415.85
5819,1961,81,3,499.89,1499.67
5820,1961,60,3,358.88,1076.64
5821,1962,47,3,218.62,655.86
5822,1963,21,1,488.47,488.47
5823,1964,37,2,463.79,927.58
5824,1965,89,4,63.06,252.24
5825,1965,24,4,217.84,871.36
5826,1965,52,3,403.26,1209.78
5827,1965,19,1,280.77,280.77
5828,1966,65,3,72.5,217.5
5829,1966,20,2,181.13,362.26
5830,1967,37,2,463.79,927.58
5831,1967,19,3,280.77,842.31
5832,1967,59,5,330.91,1654.55
5833,1967,41,1,314.73,314.73
5834,1967,11,4,147.32,589.28
5835,1968,3,4,321.8,1287.2
5836,1969,33,3,329.42,988.26
5837,1969,35,5,18.87,94.35
5838,1970,29,1,122.88,122.88
5839,1970,63,1,229.68,229.68
5840,1970,56,4,180.06,720.24
5841,1970,98,3,140.33,420.99
5842,1970,40,5,144.16,720.8
5843,1971,2,3,243.6,730.8
5844,1972,68,1,100.19,100.19
5845,1972,15,3,371.75,1115.25
5846,1972,71,4,77.6,310.4
5847,1972,10,4,402.34,1609.36
5848,1972,49,3,388.97,1166.91
5849,1973,69,4,414.94,1659.76
5850,1973,61,3,135.79,407.37
5851,1974,47,1,218.62,218.62
5852,1974,28,1,87.71,87.71
5853,1974,11,2,147.32,294.64
5854,1975,49,1,388.97,388.97
5855,1976,58,2,433.93,867.86
5856,1977,10,1,402.34,402.34
5857,1977,71,2,77.6,155.2
5858,1977,55,3,205.95,617.85
5859,1977,66,1,384.26,384.26
5860,1978,40,1,144.16,144.16
5861,1978,37,5,463.79,2318.95
5862,1978,59,5,330.91,1654.55
5863,1979,14,4,472.64,1890.56
5864,1979,81,5,499.89,2499.45
5865,1979,41,1,314.73,314.73
5866,1979,53,5,120.42,602.1
5867,1980,73,1,487.67,487.67
5868,1980,94,4,41.72,166.88
5869,1980,15,4,371.75,1487
5870,1980,69,1,414.94,414.94
5871,1981,18,1,423.15,423.15
5872,1981,3,2,321.8,643.6
5873,1982,42,2,10.28,20.56
5874,1982,38,3,11.87,35.61
5875,1982,37,3,463.79,1391.37
5876,1983,65,5,72.5,362.5
5877,1983,55,2,205.95,411.9
5878,1983,68,4,100.19,400.76
5879,1984,6,5,121.04,605.2
5880,1984,51,3,101.56,304.68
5881,1985,78,1,279.16,279.16
5882,1985,3,2,321.8,643.6
5883,1985,44,1,71.57,71.57
5884,1985,94,2,41.72,83.44
5885,1985,51,5,101.56,507.8
5886,1986,59,3,330.91,992.73
5887,1987,5,1,142.14,142.14
5888,1987,44,1,71.57,71.57
5889,1987,33,3,329.42,988.26
5890,1987,86,1,450.1,450.1
5891,1988,86,1,450.1,450.1
5892,1988,99,5,107.85,539.25
5893,1988,81,2,499.89,999.78
5894,1988,48,3,391.48,1174.44
5895,1989,19,3,280.77,842.31
5896,1990,81,3,499.89,1499.67
5897,1990,37,5,463.79,2318.95
5898,1991,8,5,30.66,153.3
5899,1992,60,5,358.88,1794.4
5900,1992,53,1,120.42,120.42
5901,1992,65,3,72.5,217.5
5902,1992,15,1,371.75,371.75
5903,1992,2,3,243.6,730.8
5904,1993,28,1,87.71,87.71
5905,1993,25,4,144.29,577.16
5906,1993,99,5,107.85,539.25
5907,1993,61,3,135.79,407.37
5908,1993,33,1,329.42,329.42
5909,1994,22,1,202.6,202.6
5910,1994,7,2,402.41,804.82
5911,1994,42,1,10.28,10.28
5912,1994,2,3,243.6,730.8
5913,1994,65,2,72.5,145
5914,1995,78,1,279.16,279.16
5915,1996,28,3,87.71,263.13
5916,1996,83,1,130.62,130.62
5917,1996,13,4,234.45,937.8
5918,1996,90,5,157.77,788.85
5919,1997,64,1,325.29,325.29
5920,1998,97,5,425.33,2126.65
5921,1998,1,2,483.17,966.34
5922,1998,48,2,391.48,782.96
5923,1999,18,1,423.15,423.15
5924,2000,50,3,360.67,1082.01
5925,2000,2,4,243.6,974.4
5926,2000,97,2,425.33,850.66
5927,2000,96,4,130.71,522.84
5928,2000,7,3,402.41,1207.23
5929,2001,50,4,360.67,1442.68
5930,2001,7,1,402.41,402.41
5931,2001,53,5,120.42,602.1
5932,2001,80,1,165.82,165.82
5933,2002,60,1,358.88,358.88
5934,2002,42,5,10.28,51.4
5935,2002,99,3,107.85,323.55
5936,2002,65,4,72.5,290
5937,2002,51,4,101.56,406.24
5938,2003,46,4,446.64,1786.56
5939,2003,24,4,217.84,871.36
5940,2004,48,1,391.48,391.48
5941,2005,24,2,217.84,435.68
5942,2005,36,4,74.4,297.6
5943,2006,74,1,325.4,325.4
5944,2007,61,1,135.79,135.79
5945,2007,6,3,121.04,363.12
5946,2007,78,5,279.16,1395.8
5947,2007,3,2,321.8,643.6
5948,2008,28,2,87.71,175.42
5949,2009,4,5,117.56,587.8
5950,2009,16,2,465.73,931.46
5951,2009,32,4,260.99,1043.96
5952,2010,87,1,476.96,476.96
5953,2010,52,1,403.26,403.26
5954,2010,53,2,120.42,240.84
5955,2010,52,1,403.26,403.26
5956,2010,82,2,71.64,143.28
5957,2011,24,4,217.84,871.36
5958,2011,60,1,358.88,358.88
5959,2011,27,1,345.01,345.01
5960,2011,86,2,450.1,900.2
5961,2012,69,5,414.94,2074.7
5962,2013,76,2,273.1,546.2
5963,2013,22,2,202.6,405.2
5964,2014,98,1,140.33,140.33
5965,2014,51,3,101.56,304.68
5966,2015,3,3,321.8,965.4
5967,2015,93,1,266.65,266.65
5968,2015,42,1,10.28,10.28
5969,2015,33,4,329.42,1317.68
5970,2016,74,1,325.4,325.4
5971,2016,9,4,133.05,532.2
5972,2016,55,2,205.95,411.9
5973,2016,88,5,275.64,1378.2
5974,2017,82,3,71.64,214.92
5975,2017,73,3,487.67,1463.01
5976,2017,69,4,414.94,1659.76
5977,2017,22,1,202.6,202.6
5978,2018,56,4,180.06,720.24
5979,2018,40,1,144.16,144.16
5980,2018,15,2,371.75,743.5
5981,2018,43,3,250.15,750.45
5982,2018,12,4,235.36,941.44
5983,2019,53,1,120.42,120.42
5984,2019,75,1,33.9,33.9
5985,2019,93,4,266.65,1066.6
5986,2019,93,4,266.65,1066.6
5987,2020,94,5,41.72,208.6
5988,2020,44,3,71.57,214.71
5989,2020,99,1,107.85,107.85
5990,2020,63,5,229.68,1148.4
5991,2020,13,4,234.45,937.8
5992,2021,13,3,234.45,703.35
5993,2022,5,2,142.14,284.28
5994,2022,37,3,463.79,1391.37
5995,2022,48,2,391.48,782.96
5996,2022,49,5,388.97,1944.85
5997,2022,75,1,33.9,33.9
5998,2023,92,1,34.18,34.18
5999,2023,68,4,100.19,400.76
6000,2023,9,4,133.05,532.2
6001,2023,2,5,243.6,1218
6002,2024,3,2,321.8,643.6
6003,2024,46,1,446.64,446.64
6004,2024,4,5,117.56,587.8
6005,2025,39,5,461.01,2305.05
6006,2025,37,1,463.79,463.79
6007,2025,79,3,34.53,103.59
6008,2025,73,1,487.67,487.67
6009,2026,69,2,414.94,829.88
6010,2027,68,5,100.19,500.95
6011,2027,36,5,74.4,372
6012,2027,37,3,463.79,1391.37
6013,2027,54,3,375.27,1125.81
6014,2027,57,4,55.2,220.8
6015,2028,39,1,461.01,461.01
6016,2029,30,2,70.69,141.38
6017,2029,20,2,181.13,362.26
6018,2030,66,5,384.26,1921.3
6019,2030,23,3,272.6,817.8
6020,2030,100,5,38.05,190.25
6021,2030,57,2,55.2,110.4
6022,2030,39,1,461.01,461.01
6023,2031,28,4,87.71,350.84
6024,2032,14,1,472.64,472.64
6025,2033,9,4,133.05,532.2
6026,2033,28,2,87.71,175.42
6027,2034,32,1,260.99,260.99
6028,2034,62,2,144.69,289.38
6029,2034,21,3,488.47,1465.41
6030,2034,88,4,275.64,1102.56
6031,2034,55,4,205.95,823.8
6032,2035,26,5,313.45,1567.25
6033,2035,48,1,391.48,391.48
6034,2036,42,3,10.28,30.84
6035,2036,61,5,135.79,678.95
6036,2036,47,2,218.62,437.24
6037,2036,92,4,34.18,136.72
6038,2037,65,1,72.5,72.5
6039,2037,41,3,314.73,944.19
6040,2037,83,2,130.62,261.24
6041,2037,5,4,142.14,568.56
6042,2038,58,1,433.93,433.93
6043,2038,19,4,280.77,1123.08
6044,2038,73,4,487.67,1950.68
6045,2039,68,4,100.19,400.76
6046,2039,66,1,384.26,384.26
6047,2039,4,2,117.56,235.12
6048,2039,89,1,63.06,63.06
6049,2040,39,3,461.01,1383.03
6050,2041,56,5,180.06,900.3
6051,2041,73,4,487.67,1950.68
6052,2041,84,4,397.33,1589.32
6053,2042,22,2,202.6,405.2
6054,2042,3,4,321.8,1287.2
6055,2043,78,3,279.16,837.48
6056,2043,39,2,461.01,922.02
6057,2043,15,1,371.75,371.75
6058,2043,82,5,71.64,358.2
6059,2044,93,2,266.65,533.3
6060,2045,67,4,146.48,585.92
6061,2045,98,5,140.33,701.65
6062,2046,99,1,107.85,107.85
6063,2046,23,5,272.6,1363
6064,2046,34,4,59.14,236.56
6065,2046,39,5,461.01,2305.05
6066,2046,38,4,11.87,47.48
6067,2047,72,5,152.08,760.4
6068,2047,93,5,266.65,1333.25
6069,2047,62,3,144.69,434.07
6070,2047,49,2,388.97,777.94
6071,2047,53,2,120.42,240.84
6072,2048,69,1,414.94,414.94
6073,2048,93,1,266.65,266.65
6074,2049,48,3,391.48,1174.44
6075,2049,22,3,202.6,607.8
6076,2050,95,2,442.92,885.84
6077,2050,2,1,243.6,243.6
6078,2050,93,5,266.65,1333.25
6079,2050,52,5,403.26,2016.3
6080,2051,4,2,117.56,235.12
6081,2051,88,4,275.64,1102.56
6082,2051,80,2,165.82,331.64
6083,2052,78,4,279.16,1116.64
6084,2052,81,2,499.89,999.78
6085,2052,23,2,272.6,545.2
6086,2052,25,2,144.29,288.58
6087,2053,21,2,488.47,976.94
6088,2053,8,5,30.66,153.3
6089,2053,39,5,461.01,2305.05
6090,2054,68,5,100.19,500.95
6091,2054,55,1,205.95,205.95
6092,2055,70,2,303.87,607.74
6093,2055,56,5,180.06,900.3
6094,2055,89,1,63.06,63.06
6095,2056,50,5,360.67,1803.35
6096,2056,51,5,101.56,507.8
6097,2056,52,4,403.26,1613.04
6098,2056,88,5,275.64,1378.2
6099,2057,44,4,71.57,286.28
6100,2057,87,5,476.96,2384.8
6101,2058,22,1,202.6,202.6
6102,2058,18,4,423.15,1692.6
6103,2058,63,3,229.68,689.04
6104,2058,34,5,59.14,295.7
6105,2058,81,2,499.89,999.78
6106,2059,47,4,218.62,874.48
6107,2060,88,5,275.64,1378.2
6108,2061,72,5,152.08,760.4
6109,2061,31,3,214.73,644.19
6110,2061,81,4,499.89,1999.56
6111,2061,97,5,425.33,2126.65
6112,2061,55,3,205.95,617.85
6113,2062,95,1,442.92,442.92
6114,2062,29,4,122.88,491.52
6115,2062,57,4,55.2,220.8
6116,2062,27,3,345.01,1035.03
6117,2063,10,3,402.34,1207.02
6118,2063,19,3,280.77,842.31
6119,2063,54,3,375.27,1125.81
6120,2063,53,2,120.42,240.84
6121,2064,81,1,499.89,499.89
6122,2064,59,4,330.91,1323.64
6123,2064,38,3,11.87,35.61
6124,2065,28,1,87.71,87.71
6125,2066,70,3,303.87,911.61
6126,2066,100,1,38.05,38.05
6127,2067,71,4,77.6,310.4
6128,2067,72,1,152.08,152.08
6129,2068,24,5,217.84,1089.2
6130,2069,53,4,120.42,481.68
6131,2069,31,1,214.73,214.73
6132,2069,10,4,402.34,1609.36
6133,2069,8,3,30.66,91.98
6134,2070,99,3,107.85,323.55
6135,2070,100,2,38.05,76.1
6136,2070,67,1,146.48,146.48
6137,2070,55,1,205.95,205.95
6138,2070,61,1,135.79,135.79
6139,2071,100,3,38.05,114.15
6140,2071,27,5,345.01,1725.05
6141,2071,37,3,463.79,1391.37
6142,2071,73,5,487.67,2438.35
6143,2071,63,4,229.68,918.72
6144,2072,6,2,121.04,242.08
6145,2072,92,4,34.18,136.72
6146,2072,67,3,146.48,439.44
6147,2072,55,2,205.95,411.9
6148,2072,54,5,375.27,1876.35
6149,2073,14,4,472.64,1890.56
6150,2073,12,5,235.36,1176.8
6151,2074,74,4,325.4,1301.6
6152,2074,51,1,101.56,101.56
6153,2074,41,3,314.73,944.19
6154,2074,46,3,446.64,1339.92
6155,2074,30,4,70.69,282.76
6156,2075,97,2,425.33,850.66
6157,2075,39,3,461.01,1383.03
6158,2075,37,4,463.79,1855.16
6159,2075,33,1,329.42,329.42
6160,2076,80,4,165.82,663.28
6161,2076,19,5,280.77,1403.85
6162,2076,48,2,391.48,782.96
6163,2077,12,5,235.36,1176.8
6164,2077,28,5,87.71,438.55
6165,2078,88,4,275.64,1102.56
6166,2079,34,5,59.14,295.7
6167,2079,74,1,325.4,325.4
6168,2080,23,3,272.6,817.8
6169,2080,52,5,403.26,2016.3
6170,2080,21,1,488.47,488.47
6171,2081,93,5,266.65,1333.25
6172,2081,42,2,10.28,20.56
6173,2081,84,2,397.33,794.66
6174,2081,65,5,72.5,362.5
6175,2082,22,5,202.6,1013
6176,2082,50,2,360.67,721.34
6177,2083,53,5,120.42,602.1
6178,2083,4,4,117.56,470.24
6179,2083,50,1,360.67,360.67
6180,2084,20,2,181.13,362.26
6181,2085,3,5,321.8,1609
6182,2086,18,1,423.15,423.15
6183,2087,74,2,325.4,650.8
6184,2088,24,5,217.84,1089.2
6185,2089,43,4,250.15,1000.6
6186,2089,24,5,217.84,1089.2
6187,2089,28,1,87.71,87.71
6188,2089,6,3,121.04,363.12
6189,2090,17,2,480.38,960.76
6190,2090,78,3,279.16,837.48
6191,2090,36,1,74.4,74.4
6192,2090,74,2,325.4,650.8
6193,2091,40,5,144.16,720.8
6194,2092,46,3,446.64,1339.92
6195,2093,18,2,423.15,846.3
6196,2093,18,4,423.15,1692.6
6197,2093,8,2,30.66,61.32
6198,2093,60,3,358.88,1076.64
6199,2093,88,1,275.64,275.64
6200,2094,64,2,325.29,650.58
6201,2095,39,2,461.01,922.02
6202,2095,39,4,461.01,1844.04
6203,2095,34,3,59.14,177.42
6204,2095,48,2,391.48,782.96
6205,2096,68,1,100.19,100.19
6206,2096,17,3,480.38,1441.14
6207,2096,66,2,384.26,768.52
6208,2096,90,5,157.77,788.85
6209,2097,97,4,425.33,1701.32
6210,2097,75,3,33.9,101.7
6211,2097,54,1,375.27,375.27
6212,2098,2,1,243.6,243.6
6213,2099,65,3,72.5,217.5
6214,2099,6,5,121.04,605.2
6215,2100,72,1,152.08,152.08
6216,2100,58,2,433.93,867.86
6217,2100,18,1,423.15,423.15
6218,2100,10,3,402.34,1207.02
6219,2100,96,2,130.71,261.42
6220,2101,9,5,133.05,665.25
6221,2101,96,4,130.71,522.84
6222,2101,61,3,135.79,407.37
6223,2101,87,2,476.96,953.92
6224,2102,88,5,275.64,1378.2
6225,2102,88,2,275.64,551.28
6226,2102,99,4,107.85,431.4
6227,2102,67,1,146.48,146.48
6228,2103,93,2,266.65,533.3
6229,2103,2,1,243.6,243.6
6230,2104,20,2,181.13,362.26
6231,2105,36,5,74.4,372
6232,2105,5,1,142.14,142.14
6233,2105,11,2,147.32,294.64
6234,2105,2,2,243.6,487.2
6235,2106,8,2,30.66,61.32
6236,2106,76,1,273.1,273.1
6237,2106,28,2,87.71,175.42
6238,2107,65,5,72.5,362.5
6239,2107,11,2,147.32,294.64
6240,2107,16,2,465.73,931.46
6241,2108,37,4,463.79,1855.16
6242,2109,59,4,330.91,1323.64
6243,2109,31,5,214.73,1073.65
6244,2109,70,3,303.87,911.61
6245,2109,27,3,345.01,1035.03
6246,2109,72,4,152.08,608.32
6247,2110,79,5,34.53,172.65
6248,2110,60,3,358.88,1076.64
6249,2110,81,1,499.89,499.89
6250,2110,81,5,499.89,2499.45
6251,2110,5,3,142.14,426.42
6252,2111,29,3,122.88,368.64
6253,2111,43,2,250.15,500.3
6254,2111,93,5,266.65,1333.25
6255,2112,32,3,260.99,782.97
6256,2112,12,2,235.36,470.72
6257,2112,65,3,72.5,217.5
6258,2113,57,5,55.2,276
6259,2114,5,5,142.14,710.7
6260,2114,52,2,403.26,806.52
6261,2114,82,4,71.64,286.56
6262,2114,77,3,112.25,336.75
6263,2115,17,2,480.38,960.76
6264,2115,28,4,87.71,350.84
6265,2116,1,5,483.17,2415.85
6266,2116,96,1,130.71,130.71
6267,2116,43,1,250.15,250.15
6268,2116,33,2,329.42,658.84
6269,2116,47,3,218.62,655.86
6270,2117,37,3,463.79,1391.37
6271,2117,90,2,157.77,315.54
6272,2117,87,3,476.96,1430.88
6273,2117,33,3,329.42,988.26
6274,2118,18,1,423.15,423.15
6275,2118,99,3,107.85,323.55
6276,2118,23,1,272.6,272.6
6277,2119,57,4,55.2,220.8
6278,2119,55,2,205.95,411.9
6279,2120,25,4,144.29,577.16
6280,2120,15,4,371.75,1487
6281,2121,2,5,243.6,1218
6282,2122,43,1,250.15,250.15
6283,2123,62,2,144.69,289.38
6284,2123,59,2,330.91,661.82
6285,2123,30,4,70.69,282.76
6286,2123,4,4,117.56,470.24
6287,2124,87,1,476.96,476.96
6288,2124,73,1,487.67,487.67
6289,2125,53,3,120.42,361.26
6290,2125,20,5,181.13,905.65
6291,2125,16,1,465.73,465.73
6292,2125,83,1,130.62,130.62
6293,2125,29,4,122.88,491.52
6294,2126,99,3,107.85,323.55
6295,2127,16,2,465.73,931.46
6296,2127,85,3,448.65,1345.95
6297,2127,1,4,483.17,1932.68
6298,2127,7,2,402.41,804.82
6299,2127,55,2,205.95,411.9
6300,2128,13,5,234.45,1172.25
6301,2128,57,1,55.2,55.2
6302,2128,67,3,146.48,439.44
6303,2129,77,5,112.25,561.25
6304,2129,19,1,280.77,280.77
6305,2129,36,1,74.4,74.4
6306,2129,14,2,472.64,945.28
6307,2129,83,4,130.62,522.48
6308,2130,41,3,314.73,944.19
6309,2130,69,1,414.94,414.94
6310,2131,38,3,11.87,35.61
6311,2131,36,1,74.4,74.4
6312,2131,81,4,499.89,1999.56
6313,2132,37,5,463.79,2318.95
6314,2133,47,1,218.62,218.62
6315,2133,84,4,397.33,1589.32
6316,2133,12,3,235.36,706.08
6317,2133,7,4,402.41,1609.64
6318,2134,29,3,122.88,368.64
6319,2134,11,3,147.32,441.96
6320,2134,17,2,480.38,960.76
6321,2135,26,5,313.45,1567.25
6322,2135,94,4,41.72,166.88
6323,2135,44,1,71.57,71.57
6324,2135,44,3,71.57,214.71
6325,2136,74,4,325.4,1301.6
6326,2136,78,4,279.16,1116.64
6327,2136,83,4,130.62,522.48
6328,2137,96,1,130.71,130.71
6329,2137,53,1,120.42,120.42
6330,2137,87,2,476.96,953.92
6331,2137,42,4,10.28,41.12
6332,2137,43,5,250.15,1250.75
6333,2138,80,1,165.82,165.82
6334,2138,28,4,87.71,350.84
6335,2139,19,5,280.77,1403.85
6336,2139,27,1,345.01,345.01
6337,2139,5,3,142.14,426.42
6338,2139,17,5,480.38,2401.9
6339,2140,35,2,18.87,37.74
6340,2140,20,5,181.13,905.65
6341,2140,1,1,483.17,483.17
6342,2140,27,4,345.01,1380.04
6343,2140,24,1,217.84,217.84
6344,2141,17,3,480.38,1441.14
6345,2141,67,5,146.48,732.4
6346,2141,31,4,214.73,858.92
6347,2141,8,2,30.66,61.32
6348,2141,40,4,144.16,576.64
6349,2142,16,1,465.73,465.73
6350,2142,43,1,250.15,250.15
6351,2142,38,5,11.87,59.35
6352,2142,88,3,275.64,826.92
6353,2142,100,5,38.05,190.25
6354,2143,32,1,260.99,260.99
6355,2144,57,4,55.2,220.8
6356,2145,51,4,101.56,406.24
6357,2146,39,4,461.01,1844.04
6358,2146,32,5,260.99,1304.95
6359,2146,15,2,371.75,743.5
6360,2146,70,3,303.87,911.61
6361,2146,42,3,10.28,30.84
6362,2147,45,4,444.26,1777.04
6363,2148,2,1,243.6,243.6
6364,2148,27,1,345.01,345.01
6365,2148,78,5,279.16,1395.8
6366,2149,58,2,433.93,867.86
6367,2149,100,4,38.05,152.2
6368,2150,78,2,279.16,558.32
6369,2150,32,4,260.99,1043.96
6370,2151,98,5,140.33,701.65
6371,2151,7,2,402.41,804.82
6372,2152,66,4,384.26,1537.04
6373,2152,13,3,234.45,703.35
6374,2152,8,1,30.66,30.66
6375,2153,48,3,391.48,1174.44
6376,2153,40,3,144.16,432.48
6377,2153,89,3,63.06,189.18
6378,2153,96,5,130.71,653.55
6379,2153,69,1,414.94,414.94
6380,2154,81,5,499.89,2499.45
6381,2154,3,4,321.8,1287.2
6382,2154,16,4,465.73,1862.92
6383,2155,61,5,135.79,678.95
6384,2155,26,1,313.45,313.45
6385,2156,80,1,165.82,165.82
6386,2156,31,2,214.73,429.46
6387,2156,66,5,384.26,1921.3
6388,2156,17,5,480.38,2401.9
6389,2157,47,5,218.62,1093.1
6390,2157,49,2,388.97,777.94
6391,2157,99,5,107.85,539.25
6392,2157,68,4,100.19,400.76
6393,2157,30,5,70.69,353.45
6394,2158,6,2,121.04,242.08
6395,2158,56,5,180.06,900.3
6396,2158,9,1,133.05,133.05
6397,2159,76,1,273.1,273.1
6398,2159,62,1,144.69,144.69
6399,2159,42,4,10.28,41.12
6400,2159,31,1,214.73,214.73
6401,2160,24,5,217.84,1089.2
6402,2160,84,3,397.33,1191.99
6403,2160,2,1,243.6,243.6
6404,2161,13,3,234.45,703.35
6405,2161,93,5,266.65,1333.25
6406,2161,15,4,371.75,1487
6407,2161,75,4,33.9,135.6
6408,2162,73,2,487.67,975.34
6409,2162,24,3,217.84,653.52
6410,2162,30,2,70.69,141.38
6411,2162,95,3,442.92,1328.76
6412,2163,45,1,444.26,444.26
6413,2163,31,3,214.73,644.19
6414,2164,85,3,448.65,1345.95
6415,2164,57,3,55.2,165.6
6416,2165,1,2,483.17,966.34
6417,2165,29,4,122.88,491.52
6418,2165,82,4,71.64,286.56
6419,2165,54,2,375.27,750.54
6420,2166,19,5,280.77,1403.85
6421,2167,25,1,144.29,144.29
6422,2167,29,3,122.88,368.64
6423,2168,43,2,250.15,500.3
6424,2169,36,4,74.4,297.6
6425,2169,51,4,101.56,406.24
6426,2170,76,5,273.1,1365.5
6427,2170,1,5,483.17,2415.85
6428,2170,44,2,71.57,143.14
6429,2170,20,5,181.13,905.65
6430,2170,59,1,330.91,330.91
6431,2171,60,5,358.88,1794.4
6432,2171,18,5,423.15,2115.75
6433,2171,52,2,403.26,806.52
6434,2172,84,2,397.33,794.66
6435,2172,28,5,87.71,438.55
6436,2172,19,4,280.77,1123.08
6437,2172,3,4,321.8,1287.2
6438,2172,42,2,10.28,20.56
6439,2173,95,1,442.92,442.92
6440,2173,33,4,329.42,1317.68
6441,2173,99,1,107.85,107.85
6442,2174,34,1,59.14,59.14
6443,2174,23,5,272.6,1363
6444,2175,11,5,147.32,736.6
6445,2175,22,5,202.6,1013
6446,2175,29,4,122.88,491.52
6447,2175,76,1,273.1,273.1
6448,2176,15,3,371.75,1115.25
6449,2176,42,5,10.28,51.4
6450,2176,33,3,329.42,988.26
6451,2176,40,5,144.16,720.8
6452,2177,11,4,147.32,589.28
6453,2177,37,1,463.79,463.79
6454,2177,6,1,121.04,121.04
6455,2178,53,2,120.42,240.84
6456,2179,28,1,87.71,87.71
6457,2179,89,3,63.06,189.18
6458,2180,92,5,34.18,170.9
6459,2181,56,2,180.06,360.12
6460,2181,89,2,63.06,126.12
6461,2181,21,3,488.47,1465.41
6462,2181,85,5,448.65,2243.25
6463,2181,59,1,330.91,330.91
6464,2182,73,2,487.67,975.34
6465,2182,28,3,87.71,263.13
6466,2183,43,5,250.15,1250.75
6467,2184,36,4,74.4,297.6
6468,2184,67,3,146.48,439.44
6469,2185,98,5,140.33,701.65
6470,2185,80,3,165.82,497.46
6471,2185,19,3,280.77,842.31
6472,2186,64,5,325.29,1626.45
6473,2186,43,5,250.15,1250.75
6474,2186,54,5,375.27,1876.35
6475,2186,79,4,34.53,138.12
6476,2187,33,1,329.42,329.42
6477,2187,15,2,371.75,743.5
6478,2187,46,5,446.64,2233.2
6479,2188,60,4,358.88,1435.52
6480,2188,62,3,144.69,434.07
6481,2188,39,4,461.01,1844.04
6482,2188,78,3,279.16,837.48
6483,2188,32,4,260.99,1043.96
6484,2189,79,4,34.53,138.12
6485,2189,96,1,130.71,130.71
6486,2189,28,3,87.71,263.13
6487,2189,29,1,122.88,122.88
6488,2190,82,3,71.64,214.92
6489,2190,48,4,391.48,1565.92
6490,2190,21,3,488.47,1465.41
6491,2190,87,3,476.96,1430.88
6492,2191,66,5,384.26,1921.3
6493,2191,44,1,71.57,71.57
6494,2192,66,4,384.26,1537.04
6495,2192,62,3,144.69,434.07
6496,2192,93,3,266.65,799.95
6497,2192,32,2,260.99,521.98
6498,2192,74,5,325.4,1627
6499,2193,93,4,266.65,1066.6
6500,2193,10,1,402.34,402.34
6501,2193,20,3,181.13,543.39
6502,2193,77,1,112.25,112.25
6503,2193,29,3,122.88,368.64
6504,2194,53,2,120.42,240.84
6505,2194,22,5,202.6,1013
6506,2194,8,3,30.66,91.98
6507,2194,18,2,423.15,846.3
6508,2194,65,3,72.5,217.5
6509,2195,40,3,144.16,432.48
6510,2195,64,4,325.29,1301.16
6511,2196,23,2,272.6,545.2
6512,2196,77,3,112.25,336.75
6513,2196,71,2,77.6,155.2
6514,2196,99,1,107.85,107.85
6515,2197,93,1,266.65,266.65
6516,2198,74,2,325.4,650.8
6517,2198,31,2,214.73,429.46
6518,2198,89,5,63.06,315.3
6519,2199,1,5,483.17,2415.85
6520,2199,96,5,130.71,653.55
6521,2199,36,2,74.4,148.8
6522,2199,67,2,146.48,292.96
6523,2200,49,2,388.97,777.94
6524,2200,10,5,402.34,2011.7
6525,2200,66,3,384.26,1152.78
6526,2200,71,3,77.6,232.8
6527,2200,66,5,384.26,1921.3
6528,2201,99,1,107.85,107.85
6529,2201,61,3,135.79,407.37
6530,2201,19,4,280.77,1123.08
6531,2202,16,1,465.73,465.73
6532,2202,31,5,214.73,1073.65
6533,2202,15,4,371.75,1487
6534,2202,74,3,325.4,976.2
6535,2202,76,3,273.1,819.3
6536,2203,82,3,71.64,214.92
6537,2204,86,1,450.1,450.1
6538,2204,20,2,181.13,362.26
6539,2205,99,4,107.85,431.4
6540,2205,3,2,321.8,643.6
6541,2205,33,4,329.42,1317.68
6542,2205,81,4,499.89,1999.56
6543,2206,80,2,165.82,331.64
6544,2206,69,3,414.94,1244.82
6545,2206,100,1,38.05,38.05
6546,2206,44,2,71.57,143.14
6547,2207,43,4,250.15,1000.6
6548,2207,36,3,74.4,223.2
6549,2207,60,5,358.88,1794.4
6550,2207,62,2,144.69,289.38
6551,2207,74,4,325.4,1301.6
6552,2208,46,3,446.64,1339.92
6553,2208,75,1,33.9,33.9
6554,2208,1,1,483.17,483.17
6555,2209,21,1,488.47,488.47
6556,2209,45,4,444.26,1777.04
6557,2209,55,5,205.95,1029.75
6558,2209,14,2,472.64,945.28
6559,2209,72,1,152.08,152.08
6560,2210,2,2,243.6,487.2
6561,2211,21,3,488.47,1465.41
6562,2211,89,2,63.06,126.12
6563,2211,88,3,275.64,826.92
6564,2212,26,3,313.45,940.35
6565,2212,65,2,72.5,145
6566,2213,98,5,140.33,701.65
6567,2213,10,2,402.34,804.68
6568,2213,49,1,388.97,388.97
6569,2213,90,2,157.77,315.54
6570,2213,62,1,144.69,144.69
6571,2214,23,5,272.6,1363
6572,2215,5,2,142.14,284.28
6573,2216,99,2,107.85,215.7
6574,2217,47,3,218.62,655.86
6575,2218,34,4,59.14,236.56
6576,2218,67,3,146.48,439.44
6577,2218,72,1,152.08,152.08
6578,2219,49,2,388.97,777.94
6579,2219,93,1,266.65,266.65
6580,2219,45,1,444.26,444.26
6581,2219,6,3,121.04,363.12
6582,2219,33,5,329.42,1647.1
6583,2220,99,4,107.85,431.4
6584,2220,92,2,34.18,68.36
6585,2221,13,2,234.45,468.9
6586,2221,100,3,38.05,114.15
6587,2221,61,2,135.79,271.58
6588,2221,34,1,59.14,59.14
6589,2222,71,2,77.6,155.2
6590,2222,25,3,144.29,432.87
6591,2222,65,3,72.5,217.5
6592,2222,41,3,314.73,944.19
6593,2223,46,1,446.64,446.64
6594,2224,46,1,446.64,446.64
6595,2224,8,3,30.66,91.98
6596,2224,74,2,325.4,650.8
6597,2225,81,4,499.89,1999.56
6598,2225,66,1,384.26,384.26
6599,2225,13,2,234.45,468.9
6600,2225,51,3,101.56,304.68
6601,2226,17,4,480.38,1921.52
6602,2227,35,3,18.87,56.61
6603,2228,87,2,476.96,953.92
6604,2228,86,5,450.1,2250.5
6605,2228,87,3,476.96,1430.88
6606,2228,17,1,480.38,480.38
6607,2228,90,4,157.77,631.08
6608,2229,80,4,165.82,663.28
6609,2229,9,5,133.05,665.25
6610,2229,23,1,272.6,272.6
6611,2229,13,5,234.45,1172.25
6612,2230,75,3,33.9,101.7
6613,2231,36,3,74.4,223.2
6614,2231,72,2,152.08,304.16
6615,2232,88,5,275.64,1378.2
6616,2232,66,4,384.26,1537.04
6617,2233,4,4,117.56,470.24
6618,2234,17,3,480.38,1441.14
6619,2235,26,1,313.45,313.45
6620,2235,10,1,402.34,402.34
6621,2236,70,1,303.87,303.87
6622,2236,97,1,425.33,425.33
6623,2236,51,4,101.56,406.24
6624,2237,11,5,147.32,736.6
6625,2237,82,2,71.64,143.28
6626,2238,20,1,181.13,181.13
6627,2238,34,5,59.14,295.7
6628,2238,60,3,358.88,1076.64
6629,2238,51,2,101.56,203.12
6630,2238,60,3,358.88,1076.64
6631,2239,64,4,325.29,1301.16
6632,2239,71,5,77.6,388
6633,2239,68,4,100.19,400.76
6634,2239,48,1,391.48,391.48
6635,2239,2,5,243.6,1218
6636,2240,27,2,345.01,690.02
6637,2241,46,5,446.64,2233.2
6638,2241,91,1,196.31,196.31
6639,2241,49,2,388.97,777.94
6640,2242,1,1,483.17,483.17
6641,2242,100,1,38.05,38.05
6642,2243,61,3,135.79,407.37
6643,2244,16,5,465.73,2328.65
6644,2244,67,4,146.48,585.92
6645,2244,91,4,196.31,785.24
6646,2245,87,3,476.96,1430.88
6647,2245,85,1,448.65,448.65
6648,2245,44,5,71.57,357.85
6649,2245,8,3,30.66,91.98
6650,2246,58,5,433.93,2169.65
6651,2246,66,4,384.26,1537.04
6652,2247,31,3,214.73,644.19
6653,2247,68,4,100.19,400.76
6654,2247,68,4,100.19,400.76
6655,2248,46,4,446.64,1786.56
6656,2248,91,1,196.31,196.31
6657,2248,56,2,180.06,360.12
6658,2248,88,1,275.64,275.64
6659,2249,51,4,101.56,406.24
6660,2249,53,2,120.42,240.84
6661,2249,32,3,260.99,782.97
6662,2249,26,3,313.45,940.35
6663,2249,40,5,144.16,720.8
6664,2250,78,4,279.16,1116.64
6665,2250,53,3,120.42,361.26
6666,2250,27,4,345.01,1380.04
6667,2250,54,5,375.27,1876.35
6668,2251,46,2,446.64,893.28
6669,2251,21,1,488.47,488.47
6670,2251,51,2,101.56,203.12
6671,2252,63,3,229.68,689.04
6672,2252,50,4,360.67,1442.68
6673,2253,8,1,30.66,30.66
6674,2253,99,3,107.85,323.55
6675,2254,55,1,205.95,205.95
6676,2254,40,2,144.16,288.32
6677,2255,46,1,446.64,446.64
6678,2255,22,4,202.6,810.4
6679,2255,30,2,70.69,141.38
6680,2255,78,4,279.16,1116.64
6681,2256,90,3,157.77,473.31
6682,2256,95,1,442.92,442.92
6683,2256,71,2,77.6,155.2
6684,2257,15,3,371.75,1115.25
6685,2257,38,2,11.87,23.74
6686,2257,92,5,34.18,170.9
6687,2258,25,2,144.29,288.58
6688,2258,18,5,423.15,2115.75
6689,2258,31,3,214.73,644.19
6690,2258,28,5,87.71,438.55
6691,2259,50,4,360.67,1442.68
6692,2259,73,3,487.67,1463.01
6693,2259,7,1,402.41,402.41
6694,2259,59,1,330.91,330.91
6695,2259,86,3,450.1,1350.3
6696,2260,23,1,272.6,272.6
6697,2260,2,1,243.6,243.6
6698,2260,62,5,144.69,723.45
6699,2260,48,2,391.48,782.96
6700,2261,11,2,147.32,294.64
6701,2261,30,4,70.69,282.76
6702,2261,16,4,465.73,1862.92
6703,2261,86,1,450.1,450.1
6704,2262,17,1,480.38,480.38
6705,2262,44,3,71.57,214.71
6706,2262,88,1,275.64,275.64
6707,2262,12,1,235.36,235.36
6708,2263,58,4,433.93,1735.72
6709,2263,78,3,279.16,837.48
6710,2263,56,5,180.06,900.3
6711,2263,80,3,165.82,497.46
6712,2263,52,5,403.26,2016.3
6713,2264,27,3,345.01,1035.03
6714,2264,76,1,273.1,273.1
6715,2265,44,3,71.57,214.71
6716,2265,43,4,250.15,1000.6
6717,2265,43,1,250.15,250.15
6718,2266,45,2,444.26,888.52
6719,2267,32,4,260.99,1043.96
6720,2268,5,5,142.14,710.7
6721,2268,79,3,34.53,103.59
6722,2268,65,3,72.5,217.5
6723,2268,18,4,423.15,1692.6
6724,2269,13,5,234.45,1172.25
6725,2269,69,3,414.94,1244.82
6726,2269,74,4,325.4,1301.6
6727,2269,39,5,461.01,2305.05
6728,2270,6,5,121.04,605.2
6729,2270,89,4,63.06,252.24
6730,2270,62,3,144.69,434.07
6731,2271,51,5,101.56,507.8
6732,2271,6,4,121.04,484.16
6733,2271,65,3,72.5,217.5
6734,2271,97,1,425.33,425.33
6735,2271,47,3,218.62,655.86
6736,2272,95,3,442.92,1328.76
6737,2272,100,1,38.05,38.05
6738,2272,77,5,112.25,561.25
6739,2273,3,3,321.8,965.4
6740,2273,41,1,314.73,314.73
6741,2274,89,1,63.06,63.06
6742,2274,1,3,483.17,1449.51
6743,2275,83,3,130.62,391.86
6744,2275,98,5,140.33,701.65
6745,2275,14,5,472.64,2363.2
6746,2276,45,4,444.26,1777.04
6747,2276,89,2,63.06,126.12
6748,2276,71,1,77.6,77.6
6749,2276,19,4,280.77,1123.08
6750,2277,4,4,117.56,470.24
6751,2278,25,4,144.29,577.16
6752,2278,4,3,117.56,352.68
6753,2278,46,5,446.64,2233.2
6754,2278,77,2,112.25,224.5
6755,2278,45,1,444.26,444.26
6756,2279,39,2,461.01,922.02
6757,2279,6,5,121.04,605.2
6758,2279,11,5,147.32,736.6
6759,2279,79,1,34.53,34.53
6760,2279,30,5,70.69,353.45
6761,2280,2,1,243.6,243.6
6762,2280,25,5,144.29,721.45
6763,2280,81,1,499.89,499.89
6764,2280,65,5,72.5,362.5
6765,2281,39,2,461.01,922.02
6766,2281,84,5,397.33,1986.65
6767,2282,71,1,77.6,77.6
6768,2282,54,2,375.27,750.54
6769,2283,63,5,229.68,1148.4
6770,2283,14,1,472.64,472.64
6771,2283,19,1,280.77,280.77
6772,2283,46,4,446.64,1786.56
6773,2283,77,3,112.25,336.75
6774,2284,21,5,488.47,2442.35
6775,2285,46,3,446.64,1339.92
6776,2285,81,4,499.89,1999.56
6777,2285,55,5,205.95,1029.75
6778,2285,67,5,146.48,732.4
6779,2285,10,1,402.34,402.34
6780,2286,48,2,391.48,782.96
6781,2286,79,5,34.53,172.65
6782,2286,17,5,480.38,2401.9
6783,2286,45,5,444.26,2221.3
6784,2286,37,2,463.79,927.58
6785,2287,67,2,146.48,292.96
6786,2287,15,5,371.75,1858.75
6787,2288,97,1,425.33,425.33
6788,2288,33,3,329.42,988.26
6789,2289,39,4,461.01,1844.04
6790,2289,83,3,130.62,391.86
6791,2290,48,1,391.48,391.48
6792,2291,80,4,165.82,663.28
6793,2291,80,4,165.82,663.28
6794,2291,49,3,388.97,1166.91
6795,2291,71,5,77.6,388
6796,2291,91,2,196.31,392.62
6797,2292,67,4,146.48,585.92
6798,2292,33,2,329.42,658.84
6799,2292,88,5,275.64,1378.2
6800,2293,34,3,59.14,177.42
6801,2293,74,3,325.4,976.2
6802,2293,98,1,140.33,140.33
6803,2294,57,1,55.2,55.2
6804,2294,55,1,205.95,205.95
6805,2294,21,4,488.47,1953.88
6806,2294,92,1,34.18,34.18
6807,2294,18,3,423.15,1269.45
6808,2295,32,5,260.99,1304.95
6809,2296,38,4,11.87,47.48
6810,2296,69,5,414.94,2074.7
6811,2296,59,3,330.91,992.73
6812,2296,33,3,329.42,988.26
6813,2297,75,1,33.9,33.9
6814,2297,18,5,423.15,2115.75
6815,2298,33,2,329.42,658.84
6816,2298,33,5,329.42,1647.1
6817,2299,80,4,165.82,663.28
6818,2299,48,1,391.48,391.48
6819,2299,69,2,414.94,829.88
6820,2299,31,1,214.73,214.73
6821,2299,82,5,71.64,358.2
6822,2300,44,2,71.57,143.14
6823,2300,83,2,130.62,261.24
6824,2300,93,1,266.65,266.65
6825,2300,83,5,130.62,653.1
6826,2300,35,3,18.87,56.61
6827,2301,63,5,229.68,1148.4
6828,2301,43,4,250.15,1000.6
6829,2302,52,1,403.26,403.26
6830,2303,73,2,487.67,975.34
6831,2303,71,4,77.6,310.4
6832,2303,13,5,234.45,1172.25
6833,2304,18,5,423.15,2115.75
6834,2304,80,1,165.82,165.82
6835,2304,45,5,444.26,2221.3
6836,2304,3,2,321.8,643.6
6837,2304,60,1,358.88,358.88
6838,2305,10,4,402.34,1609.36
6839,2305,14,2,472.64,945.28
6840,2305,7,3,402.41,1207.23
6841,2305,34,3,59.14,177.42
6842,2305,63,5,229.68,1148.4
6843,2306,4,2,117.56,235.12
6844,2306,62,4,144.69,578.76
6845,2306,25,2,144.29,288.58
6846,2306,57,2,55.2,110.4
6847,2306,24,3,217.84,653.52
6848,2307,15,4,371.75,1487
6849,2307,34,4,59.14,236.56
6850,2307,95,2,442.92,885.84
6851,2308,69,1,414.94,414.94
6852,2309,11,3,147.32,441.96
6853,2309,40,1,144.16,144.16
6854,2309,54,5,375.27,1876.35
6855,2310,93,3,266.65,799.95
6856,2311,89,5,63.06,315.3
6857,2311,77,5,112.25,561.25
6858,2311,69,2,414.94,829.88
6859,2311,50,1,360.67,360.67
6860,2311,34,4,59.14,236.56
6861,2312,91,3,196.31,588.93
6862,2312,99,1,107.85,107.85
6863,2312,63,1,229.68,229.68
6864,2312,64,5,325.29,1626.45
6865,2312,13,5,234.45,1172.25
6866,2313,3,4,321.8,1287.2
6867,2313,30,2,70.69,141.38
6868,2313,85,4,448.65,1794.6
6869,2313,61,3,135.79,407.37
6870,2314,39,1,461.01,461.01
6871,2314,51,1,101.56,101.56
6872,2314,36,5,74.4,372
6873,2315,49,3,388.97,1166.91
6874,2315,58,3,433.93,1301.79
6875,2315,100,2,38.05,76.1
6876,2315,17,5,480.38,2401.9
6877,2316,22,1,202.6,202.6
6878,2316,12,3,235.36,706.08
6879,2316,14,5,472.64,2363.2
6880,2317,65,1,72.5,72.5
6881,2317,44,4,71.57,286.28
6882,2318,66,2,384.26,768.52
6883,2318,29,3,122.88,368.64
6884,2318,67,2,146.48,292.96
6885,2318,44,5,71.57,357.85
6886,2319,15,2,371.75,743.5
6887,2320,50,2,360.67,721.34
6888,2321,11,2,147.32,294.64
6889,2321,83,2,130.62,261.24
6890,2321,89,3,63.06,189.18
6891,2322,9,5,133.05,665.25
6892,2322,92,4,34.18,136.72
6893,2322,63,2,229.68,459.36
6894,2322,35,5,18.87,94.35
6895,2322,96,5,130.71,653.55
6896,2323,89,5,63.06,315.3
6897,2323,87,4,476.96,1907.84
6898,2323,35,4,18.87,75.48
6899,2323,63,1,229.68,229.68
6900,2323,60,5,358.88,1794.4
6901,2324,10,2,402.34,804.68
6902,2324,79,5,34.53,172.65
6903,2325,76,2,273.1,546.2
6904,2325,83,1,130.62,130.62
6905,2325,67,5,146.48,732.4
6906,2325,17,4,480.38,1921.52
6907,2326,85,1,448.65,448.65
6908,2326,37,1,463.79,463.79
6909,2326,3,4,321.8,1287.2
6910,2326,71,1,77.6,77.6
6911,2327,37,2,463.79,927.58
6912,2327,87,5,476.96,2384.8
6913,2327,9,1,133.05,133.05
6914,2327,7,3,402.41,1207.23
6915,2327,30,1,70.69,70.69
6916,2328,9,4,133.05,532.2
6917,2328,62,2,144.69,289.38
6918,2329,10,3,402.34,1207.02
6919,2330,86,5,450.1,2250.5
6920,2331,10,2,402.34,804.68
6921,2332,77,4,112.25,449
6922,2332,62,5,144.69,723.45
6923,2332,16,4,465.73,1862.92
6924,2332,71,2,77.6,155.2
6925,2332,11,4,147.32,589.28
6926,2333,49,2,388.97,777.94
6927,2333,9,1,133.05,133.05
6928,2333,39,5,461.01,2305.05
6929,2333,88,1,275.64,275.64
6930,2334,98,5,140.33,701.65
6931,2334,78,2,279.16,558.32
6932,2334,78,2,279.16,558.32
6933,2334,95,1,442.92,442.92
6934,2335,87,1,476.96,476.96
6935,2335,2,1,243.6,243.6
6936,2336,68,3,100.19,300.57
6937,2336,1,3,483.17,1449.51
6938,2336,18,4,423.15,1692.6
6939,2337,96,4,130.71,522.84
6940,2337,52,3,403.26,1209.78
6941,2337,10,1,402.34,402.34
6942,2337,22,1,202.6,202.6
6943,2338,23,3,272.6,817.8
6944,2339,82,1,71.64,71.64
6945,2339,89,2,63.06,126.12
6946,2339,100,5,38.05,190.25
6947,2339,4,4,117.56,470.24
6948,2340,81,3,499.89,1499.67
6949,2340,69,1,414.94,414.94
6950,2340,18,4,423.15,1692.6
6951,2341,95,3,442.92,1328.76
6952,2341,50,5,360.67,1803.35
6953,2342,23,2,272.6,545.2
6954,2342,86,3,450.1,1350.3
6955,2342,80,5,165.82,829.1
6956,2343,12,3,235.36,706.08
6957,2343,67,4,146.48,585.92
6958,2343,100,2,38.05,76.1
6959,2343,46,1,446.64,446.64
6960,2343,20,3,181.13,543.39
6961,2344,26,4,313.45,1253.8
6962,2344,47,4,218.62,874.48
6963,2344,72,4,152.08,608.32
6964,2345,83,3,130.62,391.86
6965,2345,24,3,217.84,653.52
6966,2345,80,2,165.82,331.64
6967,2345,100,3,38.05,114.15
6968,2346,87,2,476.96,953.92
6969,2346,87,1,476.96,476.96
6970,2346,96,2,130.71,261.42
6971,2346,54,1,375.27,375.27
6972,2346,10,1,402.34,402.34
6973,2347,42,5,10.28,51.4
6974,2347,77,3,112.25,336.75
6975,2347,62,4,144.69,578.76
6976,2348,11,1,147.32,147.32
6977,2348,90,5,157.77,788.85
6978,2348,5,2,142.14,284.28
6979,2348,60,4,358.88,1435.52
6980,2349,23,1,272.6,272.6
6981,2349,5,3,142.14,426.42
6982,2349,16,2,465.73,931.46
6983,2349,78,4,279.16,1116.64
6984,2350,89,4,63.06,252.24
6985,2350,78,3,279.16,837.48
6986,2350,34,4,59.14,236.56
6987,2350,22,5,202.6,1013
6988,2351,96,3,130.71,392.13
6989,2351,80,2,165.82,331.64
6990,2351,26,3,313.45,940.35
6991,2351,67,1,146.48,146.48
6992,2351,64,1,325.29,325.29
6993,2352,84,3,397.33,1191.99
6994,2352,36,1,74.4,74.4
6995,2352,45,5,444.26,2221.3
6996,2353,12,2,235.36,470.72
6997,2353,49,1,388.97,388.97
6998,2353,97,3,425.33,1275.99
6999,2354,16,5,465.73,2328.65
7000,2354,21,1,488.47,488.47
7001,2354,15,4,371.75,1487
7002,2354,100,1,38.05,38.05
7003,2354,11,5,147.32,736.6
7004,2355,70,4,303.87,1215.48
7005,2355,8,4,30.66,122.64
7006,2355,21,4,488.47,1953.88
7007,2356,29,3,122.88,368.64
7008,2356,34,3,59.14,177.42
7009,2356,69,3,414.94,1244.82
7010,2357,88,4,275.64,1102.56
7011,2357,93,4,266.65,1066.6
7012,2357,98,1,140.33,140.33
7013,2357,73,5,487.67,2438.35
7014,2358,49,4,388.97,1555.88
7015,2358,88,4,275.64,1102.56
7016,2358,8,4,30.66,122.64
7017,2358,31,1,214.73,214.73
7018,2358,90,5,157.77,788.85
7019,2359,69,1,414.94,414.94
7020,2360,35,3,18.87,56.61
7021,2360,73,1,487.67,487.67
7022,2360,70,5,303.87,1519.35
7023,2361,88,3,275.64,826.92
7024,2361,70,4,303.87,1215.48
7025,2361,59,2,330.91,661.82
7026,2361,97,5,425.33,2126.65
7027,2362,15,5,371.75,1858.75
7028,2362,61,4,135.79,543.16
7029,2362,39,2,461.01,922.02
7030,2363,16,3,465.73,1397.19
7031,2363,29,2,122.88,245.76
7032,2364,82,5,71.64,358.2
7033,2364,12,4,235.36,941.44
7034,2364,51,3,101.56,304.68
7035,2365,71,3,77.6,232.8
7036,2365,100,2,38.05,76.1
7037,2365,71,3,77.6,232.8
7038,2365,91,1,196.31,196.31
7039,2366,29,3,122.88,368.64
7040,2366,30,3,70.69,212.07
7041,2366,49,4,388.97,1555.88
7042,2367,89,1,63.06,63.06
7043,2367,25,1,144.29,144.29
7044,2367,2,3,243.6,730.8
7045,2367,42,1,10.28,10.28
7046,2367,65,4,72.5,290
7047,2368,71,2,77.6,155.2
7048,2369,24,3,217.84,653.52
7049,2369,80,5,165.82,829.1
7050,2369,19,4,280.77,1123.08
7051,2369,63,2,229.68,459.36
7052,2369,78,1,279.16,279.16
7053,2370,20,3,181.13,543.39
7054,2370,83,5,130.62,653.1
7055,2370,68,1,100.19,100.19
7056,2370,79,4,34.53,138.12
7057,2371,8,3,30.66,91.98
7058,2371,41,5,314.73,1573.65
7059,2371,76,3,273.1,819.3
7060,2372,48,5,391.48,1957.4
7061,2372,81,3,499.89,1499.67
7062,2372,80,2,165.82,331.64
7063,2372,34,1,59.14,59.14
7064,2372,2,4,243.6,974.4
7065,2373,31,2,214.73,429.46
7066,2373,57,2,55.2,110.4
7067,2373,98,5,140.33,701.65
7068,2373,85,2,448.65,897.3
7069,2374,42,2,10.28,20.56
7070,2374,95,2,442.92,885.84
7071,2375,36,4,74.4,297.6
7072,2375,42,2,10.28,20.56
7073,2376,17,3,480.38,1441.14
7074,2376,60,3,358.88,1076.64
7075,2377,73,3,487.67,1463.01
7076,2377,69,5,414.94,2074.7
7077,2377,62,2,144.69,289.38
7078,2377,51,3,101.56,304.68
7079,2378,24,4,217.84,871.36
7080,2378,60,3,358.88,1076.64
7081,2378,44,1,71.57,71.57
7082,2379,55,1,205.95,205.95
7083,2379,8,2,30.66,61.32
7084,2379,67,2,146.48,292.96
7085,2379,52,5,403.26,2016.3
7086,2379,17,1,480.38,480.38
7087,2380,17,3,480.38,1441.14
7088,2380,90,5,157.77,788.85
7089,2380,100,2,38.05,76.1
7090,2381,55,1,205.95,205.95
7091,2381,2,1,243.6,243.6
7092,2381,3,1,321.8,321.8
7093,2381,57,5,55.2,276
7094,2381,7,5,402.41,2012.05
7095,2382,77,5,112.25,561.25
7096,2382,25,3,144.29,432.87
7097,2383,44,3,71.57,214.71
7098,2383,62,1,144.69,144.69
7099,2383,74,5,325.4,1627
7100,2383,10,4,402.34,1609.36
7101,2383,16,3,465.73,1397.19
7102,2384,4,3,117.56,352.68
7103,2384,21,3,488.47,1465.41
7104,2384,39,5,461.01,2305.05
7105,2384,16,1,465.73,465.73
7106,2384,3,5,321.8,1609
7107,2385,34,4,59.14,236.56
7108,2385,10,4,402.34,1609.36
7109,2386,24,4,217.84,871.36
7110,2387,20,1,181.13,181.13
7111,2387,86,4,450.1,1800.4
7112,2387,94,4,41.72,166.88
7113,2388,81,3,499.89,1499.67
7114,2388,94,3,41.72,125.16
7115,2388,83,2,130.62,261.24
7116,2389,47,1,218.62,218.62
7117,2389,12,4,235.36,941.44
7118,2390,96,3,130.71,392.13
7119,2391,93,5,266.65,1333.25
7120,2391,57,2,55.2,110.4
7121,2392,84,1,397.33,397.33
7122,2392,96,1,130.71,130.71
7123,2392,87,2,476.96,953.92
7124,2392,68,3,100.19,300.57
7125,2392,28,3,87.71,263.13
7126,2393,75,1,33.9,33.9
7127,2394,44,2,71.57,143.14
7128,2394,88,5,275.64,1378.2
7129,2394,43,3,250.15,750.45
7130,2394,8,1,30.66,30.66
7131,2395,19,1,280.77,280.77
7132,2395,55,3,205.95,617.85
7133,2395,86,2,450.1,900.2
7134,2395,65,4,72.5,290
7135,2396,100,2,38.05,76.1
7136,2396,86,4,450.1,1800.4
7137,2396,31,3,214.73,644.19
7138,2396,13,5,234.45,1172.25
7139,2396,68,3,100.19,300.57
7140,2397,72,1,152.08,152.08
7141,2397,60,5,358.88,1794.4
7142,2397,27,1,345.01,345.01
7143,2397,83,4,130.62,522.48
7144,2398,47,3,218.62,655.86
7145,2398,82,3,71.64,214.92
7146,2399,57,4,55.2,220.8
7147,2400,37,1,463.79,463.79
7148,2400,54,4,375.27,1501.08
7149,2400,28,3,87.71,263.13
7150,2401,13,2,234.45,468.9
7151,2401,82,5,71.64,358.2
7152,2401,8,2,30.66,61.32
7153,2401,16,3,465.73,1397.19
7154,2401,23,5,272.6,1363
7155,2402,78,4,279.16,1116.64
7156,2403,37,5,463.79,2318.95
7157,2403,15,1,371.75,371.75
7158,2403,73,3,487.67,1463.01
7159,2403,73,2,487.67,975.34
7160,2404,44,1,71.57,71.57
7161,2404,71,5,77.6,388
7162,2404,81,4,499.89,1999.56
7163,2404,98,1,140.33,140.33
7164,2405,81,5,499.89,2499.45
7165,2405,91,1,196.31,196.31
7166,2405,28,2,87.71,175.42
7167,2405,53,2,120.42,240.84
7168,2405,58,5,433.93,2169.65
7169,2406,5,1,142.14,142.14
7170,2406,22,2,202.6,405.2
7171,2406,93,1,266.65,266.65
7172,2406,2,3,243.6,730.8
7173,2406,76,2,273.1,546.2
7174,2407,1,2,483.17,966.34
7175,2407,85,4,448.65,1794.6
7176,2407,10,4,402.34,1609.36
7177,2408,73,5,487.67,2438.35
7178,2409,33,3,329.42,988.26
7179,2409,89,2,63.06,126.12
7180,2409,66,3,384.26,1152.78
7181,2409,35,4,18.87,75.48
7182,2410,2,5,243.6,1218
7183,2411,20,2,181.13,362.26
7184,2411,7,4,402.41,1609.64
7185,2412,25,2,144.29,288.58
7186,2412,50,2,360.67,721.34
7187,2412,9,3,133.05,399.15
7188,2412,78,2,279.16,558.32
7189,2412,22,2,202.6,405.2
7190,2413,12,4,235.36,941.44
7191,2413,42,4,10.28,41.12
7192,2413,43,5,250.15,1250.75
7193,2414,68,5,100.19,500.95
7194,2415,27,4,345.01,1380.04
7195,2415,87,4,476.96,1907.84
7196,2415,35,1,18.87,18.87
7197,2415,54,1,375.27,375.27
7198,2415,65,3,72.5,217.5
7199,2416,44,2,71.57,143.14
7200,2416,37,3,463.79,1391.37
7201,2416,1,1,483.17,483.17
7202,2417,43,3,250.15,750.45
7203,2417,48,2,391.48,782.96
7204,2417,83,1,130.62,130.62
7205,2418,61,3,135.79,407.37
7206,2418,80,3,165.82,497.46
7207,2418,47,4,218.62,874.48
7208,2419,3,2,321.8,643.6
7209,2419,13,2,234.45,468.9
7210,2419,48,2,391.48,782.96
7211,2420,14,2,472.64,945.28
7212,2420,70,1,303.87,303.87
7213,2420,69,5,414.94,2074.7
7214,2420,2,3,243.6,730.8
7215,2420,67,3,146.48,439.44
7216,2421,32,2,260.99,521.98
7217,2421,53,1,120.42,120.42
7218,2421,77,4,112.25,449
7219,2421,64,2,325.29,650.58
7220,2422,18,4,423.15,1692.6
7221,2423,48,5,391.48,1957.4
7222,2423,5,5,142.14,710.7
7223,2423,28,1,87.71,87.71
7224,2423,53,1,120.42,120.42
7225,2423,25,2,144.29,288.58
7226,2424,95,1,442.92,442.92
7227,2424,68,3,100.19,300.57
7228,2424,37,3,463.79,1391.37
7229,2425,42,2,10.28,20.56
7230,2426,47,2,218.62,437.24
7231,2426,51,1,101.56,101.56
7232,2427,80,5,165.82,829.1
7233,2427,44,3,71.57,214.71
7234,2427,30,4,70.69,282.76
7235,2428,4,2,117.56,235.12
7236,2428,100,5,38.05,190.25
7237,2428,89,1,63.06,63.06
7238,2429,44,4,71.57,286.28
7239,2429,61,3,135.79,407.37
7240,2429,19,3,280.77,842.31
7241,2429,53,3,120.42,361.26
7242,2429,84,3,397.33,1191.99
7243,2430,95,5,442.92,2214.6
7244,2431,29,2,122.88,245.76
7245,2431,50,2,360.67,721.34
7246,2431,55,3,205.95,617.85
7247,2431,66,1,384.26,384.26
7248,2432,32,4,260.99,1043.96
7249,2432,72,5,152.08,760.4
7250,2432,24,2,217.84,435.68
7251,2432,15,5,371.75,1858.75
7252,2433,87,4,476.96,1907.84
7253,2434,89,3,63.06,189.18
7254,2434,21,3,488.47,1465.41
7255,2434,87,1,476.96,476.96
7256,2434,94,4,41.72,166.88
7257,2434,18,2,423.15,846.3
7258,2435,34,2,59.14,118.28
7259,2435,20,2,181.13,362.26
7260,2435,98,2,140.33,280.66
7261,2435,27,2,345.01,690.02
7262,2436,10,3,402.34,1207.02
7263,2436,19,3,280.77,842.31
7264,2437,45,5,444.26,2221.3
7265,2438,87,2,476.96,953.92
7266,2439,1,3,483.17,1449.51
7267,2439,34,5,59.14,295.7
7268,2440,71,5,77.6,388
7269,2440,10,4,402.34,1609.36
7270,2440,3,2,321.8,643.6
7271,2440,73,3,487.67,1463.01
7272,2440,82,3,71.64,214.92
7273,2441,54,2,375.27,750.54
7274,2441,5,2,142.14,284.28
7275,2442,57,2,55.2,110.4
7276,2442,91,2,196.31,392.62
7277,2442,4,1,117.56,117.56
7278,2442,58,3,433.93,1301.79
7279,2442,70,4,303.87,1215.48
7280,2443,60,1,358.88,358.88
7281,2443,19,3,280.77,842.31
7282,2443,43,4,250.15,1000.6
7283,2443,91,2,196.31,392.62
7284,2443,74,1,325.4,325.4
7285,2444,12,5,235.36,1176.8
7286,2444,89,4,63.06,252.24
7287,2445,25,3,144.29,432.87
7288,2446,22,3,202.6,607.8
7289,2446,60,5,358.88,1794.4
7290,2447,53,1,120.42,120.42
7291,2447,43,5,250.15,1250.75
7292,2448,56,1,180.06,180.06
7293,2448,14,1,472.64,472.64
7294,2448,85,3,448.65,1345.95
7295,2448,52,3,403.26,1209.78
7296,2448,99,2,107.85,215.7
7297,2449,21,4,488.47,1953.88
7298,2450,5,4,142.14,568.56
7299,2450,88,3,275.64,826.92
7300,2451,56,5,180.06,900.3
7301,2451,17,1,480.38,480.38
7302,2451,44,3,71.57,214.71
7303,2451,73,5,487.67,2438.35
7304,2452,35,3,18.87,56.61
7305,2452,89,2,63.06,126.12
7306,2452,29,4,122.88,491.52
7307,2452,12,1,235.36,235.36
7308,2453,49,2,388.97,777.94
7309,2453,47,4,218.62,874.48
7310,2453,68,3,100.19,300.57
7311,2454,72,1,152.08,152.08
7312,2454,48,2,391.48,782.96
7313,2454,86,1,450.1,450.1
7314,2455,88,4,275.64,1102.56
7315,2455,81,5,499.89,2499.45
7316,2455,72,4,152.08,608.32
7317,2455,7,3,402.41,1207.23
7318,2455,19,3,280.77,842.31
7319,2456,88,5,275.64,1378.2
7320,2456,13,1,234.45,234.45
7321,2456,22,2,202.6,405.2
7322,2456,20,2,181.13,362.26
7323,2457,25,1,144.29,144.29
7324,2457,40,4,144.16,576.64
7325,2457,88,1,275.64,275.64
7326,2457,17,1,480.38,480.38
7327,2458,35,5,18.87,94.35
7328,2458,96,4,130.71,522.84
7329,2459,69,3,414.94,1244.82
7330,2459,39,2,461.01,922.02
7331,2459,98,1,140.33,140.33
7332,2459,53,1,120.42,120.42
7333,2459,93,2,266.65,533.3
7334,2460,33,1,329.42,329.42
7335,2461,26,1,313.45,313.45
7336,2461,54,5,375.27,1876.35
7337,2461,45,1,444.26,444.26
7338,2461,35,3,18.87,56.61
7339,2461,87,1,476.96,476.96
7340,2462,29,4,122.88,491.52
7341,2462,57,1,55.2,55.2
7342,2462,8,1,30.66,30.66
7343,2462,27,5,345.01,1725.05
7344,2463,46,2,446.64,893.28
7345,2463,64,4,325.29,1301.16
7346,2463,97,2,425.33,850.66
7347,2463,59,5,330.91,1654.55
7348,2464,4,4,117.56,470.24
7349,2464,65,4,72.5,290
7350,2464,77,2,112.25,224.5
7351,2464,34,3,59.14,177.42
7352,2464,92,4,34.18,136.72
7353,2465,27,2,345.01,690.02
7354,2465,32,5,260.99,1304.95
7355,2466,7,3,402.41,1207.23
7356,2466,80,1,165.82,165.82
7357,2467,33,5,329.42,1647.1
7358,2467,1,2,483.17,966.34
7359,2468,56,1,180.06,180.06
7360,2468,36,4,74.4,297.6
7361,2468,33,5,329.42,1647.1
7362,2468,77,5,112.25,561.25
7363,2469,33,1,329.42,329.42
7364,2469,42,4,10.28,41.12
7365,2469,11,1,147.32,147.32
7366,2469,22,1,202.6,202.6
7367,2470,11,3,147.32,441.96
7368,2470,65,4,72.5,290
7369,2470,3,2,321.8,643.6
7370,2470,89,5,63.06,315.3
7371,2471,18,2,423.15,846.3
7372,2471,90,3,157.77,473.31
7373,2472,56,5,180.06,900.3
7374,2472,34,4,59.14,236.56
7375,2472,90,3,157.77,473.31
7376,2472,43,3,250.15,750.45
7377,2473,1,5,483.17,2415.85
7378,2473,64,1,325.29,325.29
7379,2473,75,4,33.9,135.6
7380,2474,40,5,144.16,720.8
7381,2475,7,5,402.41,2012.05
7382,2476,95,4,442.92,1771.68
7383,2477,10,4,402.34,1609.36
7384,2478,10,4,402.34,1609.36
7385,2478,61,1,135.79,135.79
7386,2478,71,4,77.6,310.4
7387,2479,47,5,218.62,1093.1
7388,2479,85,2,448.65,897.3
7389,2479,56,2,180.06,360.12
7390,2479,26,3,313.45,940.35
7391,2480,21,5,488.47,2442.35
7392,2480,80,2,165.82,331.64
7393,2480,41,3,314.73,944.19
7394,2480,99,1,107.85,107.85
7395,2480,69,5,414.94,2074.7
7396,2481,74,5,325.4,1627
7397,2481,89,1,63.06,63.06
7398,2481,83,5,130.62,653.1
7399,2482,52,1,403.26,403.26
7400,2482,66,4,384.26,1537.04
7401,2482,49,2,388.97,777.94
7402,2483,96,3,130.71,392.13
7403,2483,69,3,414.94,1244.82
7404,2483,25,3,144.29,432.87
7405,2483,66,3,384.26,1152.78
7406,2483,99,5,107.85,539.25
7407,2484,61,4,135.79,543.16
7408,2485,70,5,303.87,1519.35
7409,2485,83,4,130.62,522.48
7410,2485,58,1,433.93,433.93
7411,2485,19,1,280.77,280.77
7412,2485,85,1,448.65,448.65
7413,2486,32,5,260.99,1304.95
7414,2486,47,3,218.62,655.86
7415,2486,64,5,325.29,1626.45
7416,2487,76,3,273.1,819.3
7417,2488,8,1,30.66,30.66
7418,2488,4,1,117.56,117.56
7419,2488,90,2,157.77,315.54
7420,2488,24,4,217.84,871.36
7421,2489,10,4,402.34,1609.36
7422,2489,48,2,391.48,782.96
7423,2489,15,3,371.75,1115.25
7424,2489,40,1,144.16,144.16
7425,2489,86,2,450.1,900.2
7426,2490,87,4,476.96,1907.84
7427,2490,25,3,144.29,432.87
7428,2490,64,2,325.29,650.58
7429,2490,21,3,488.47,1465.41
7430,2491,39,5,461.01,2305.05
7431,2491,70,3,303.87,911.61
7432,2492,63,5,229.68,1148.4
7433,2492,4,4,117.56,470.24
7434,2492,83,1,130.62,130.62
7435,2493,87,5,476.96,2384.8
7436,2493,83,5,130.62,653.1
7437,2494,28,1,87.71,87.71
7438,2494,39,5,461.01,2305.05
7439,2494,4,2,117.56,235.12
7440,2494,71,5,77.6,388
7441,2495,77,2,112.25,224.5
7442,2495,4,5,117.56,587.8
7443,2496,37,1,463.79,463.79
7444,2496,33,4,329.42,1317.68
7445,2496,6,4,121.04,484.16
7446,2497,70,5,303.87,1519.35
7447,2498,2,4,243.6,974.4
7448,2498,19,5,280.77,1403.85
7449,2498,55,2,205.95,411.9
7450,2499,1,2,483.17,966.34
7451,2500,40,3,144.16,432.48
7452,2501,50,1,360.67,360.67
7453,2502,33,1,329.42,329.42
7454,2502,74,1,325.4,325.4
7455,2503,36,1,74.4,74.4
7456,2504,36,5,74.4,372
7457,2504,89,5,63.06,315.3
7458,2504,36,3,74.4,223.2
7459,2504,8,5,30.66,153.3
7460,2504,32,1,260.99,260.99
7461,2505,59,5,330.91,1654.55
7462,2505,39,1,461.01,461.01
7463,2505,69,1,414.94,414.94
7464,2506,12,5,235.36,1176.8
7465,2506,77,5,112.25,561.25
7466,2506,35,4,18.87,75.48
7467,2506,4,4,117.56,470.24
7468,2507,23,4,272.6,1090.4
7469,2507,92,3,34.18,102.54
7470,2507,69,1,414.94,414.94
7471,2508,42,5,10.28,51.4
7472,2509,72,2,152.08,304.16
7473,2509,72,3,152.08,456.24
7474,2510,57,3,55.2,165.6
7475,2510,55,3,205.95,617.85
7476,2510,42,3,10.28,30.84
7477,2510,43,3,250.15,750.45
7478,2510,73,4,487.67,1950.68
7479,2511,89,1,63.06,63.06
7480,2511,31,5,214.73,1073.65
7481,2511,95,4,442.92,1771.68
7482,2511,35,2,18.87,37.74
7483,2512,87,3,476.96,1430.88
7484,2512,34,1,59.14,59.14
7485,2512,75,1,33.9,33.9
7486,2512,87,3,476.96,1430.88
7487,2512,16,4,465.73,1862.92
7488,2513,68,2,100.19,200.38
7489,2513,74,1,325.4,325.4
7490,2513,73,2,487.67,975.34
7491,2514,56,4,180.06,720.24
7492,2514,66,2,384.26,768.52
7493,2514,23,2,272.6,545.2
7494,2515,91,1,196.31,196.31
7495,2515,83,1,130.62,130.62
7496,2515,34,1,59.14,59.14
7497,2516,63,1,229.68,229.68
7498,2516,67,4,146.48,585.92
7499,2516,51,5,101.56,507.8
7500,2516,20,3,181.13,543.39
7501,2517,46,4,446.64,1786.56
7502,2518,90,3,157.77,473.31
7503,2518,62,3,144.69,434.07
7504,2518,93,3,266.65,799.95
7505,2518,90,1,157.77,157.77
7506,2519,59,1,330.91,330.91
7507,2520,70,5,303.87,1519.35
7508,2520,88,3,275.64,826.92
7509,2520,89,5,63.06,315.3
7510,2520,92,2,34.18,68.36
7511,2521,90,4,157.77,631.08
7512,2522,100,2,38.05,76.1
7513,2522,36,2,74.4,148.8
7514,2523,35,2,18.87,37.74
7515,2523,29,3,122.88,368.64
7516,2523,76,4,273.1,1092.4
7517,2523,33,4,329.42,1317.68
7518,2523,50,4,360.67,1442.68
7519,2524,34,4,59.14,236.56
7520,2525,66,3,384.26,1152.78
7521,2526,82,1,71.64,71.64
7522,2526,84,2,397.33,794.66
7523,2527,37,2,463.79,927.58
7524,2527,47,3,218.62,655.86
7525,2527,11,3,147.32,441.96
7526,2528,21,1,488.47,488.47
7527,2529,25,5,144.29,721.45
7528,2529,100,4,38.05,152.2
7529,2529,77,1,112.25,112.25
7530,2529,68,1,100.19,100.19
7531,2529,26,4,313.45,1253.8
7532,2530,67,5,146.48,732.4
7533,2530,99,1,107.85,107.85
7534,2530,71,5,77.6,388
7535,2530,95,4,442.92,1771.68
7536,2531,56,3,180.06,540.18
7537,2532,94,5,41.72,208.6
7538,2532,64,2,325.29,650.58
7539,2532,80,1,165.82,165.82
7540,2532,49,5,388.97,1944.85
7541,2532,74,4,325.4,1301.6
7542,2533,87,1,476.96,476.96
7543,2533,61,4,135.79,543.16
7544,2533,71,1,77.6,77.6
7545,2533,17,3,480.38,1441.14
7546,2534,7,1,402.41,402.41
7547,2534,55,4,205.95,823.8
7548,2535,80,4,165.82,663.28
7549,2535,93,5,266.65,1333.25
7550,2536,23,1,272.6,272.6
7551,2536,31,4,214.73,858.92
7552,2537,21,3,488.47,1465.41
7553,2537,76,1,273.1,273.1
7554,2537,7,1,402.41,402.41
7555,2538,17,2,480.38,960.76
7556,2538,52,1,403.26,403.26
7557,2538,79,4,34.53,138.12
7558,2538,8,5,30.66,153.3
7559,2539,28,4,87.71,350.84
7560,2540,86,4,450.1,1800.4
7561,2540,93,3,266.65,799.95
7562,2540,90,4,157.77,631.08
7563,2540,19,1,280.77,280.77
7564,2540,74,2,325.4,650.8
7565,2541,87,4,476.96,1907.84
7566,2541,72,2,152.08,304.16
7567,2541,31,5,214.73,1073.65
7568,2541,26,5,313.45,1567.25
7569,2542,21,1,488.47,488.47
7570,2543,24,5,217.84,1089.2
7571,2544,86,4,450.1,1800.4
7572,2545,55,4,205.95,823.8
7573,2545,19,4,280.77,1123.08
7574,2545,76,2,273.1,546.2
7575,2545,49,3,388.97,1166.91
7576,2546,26,2,313.45,626.9
7577,2547,66,3,384.26,1152.78
7578,2547,51,1,101.56,101.56
7579,2547,46,1,446.64,446.64
7580,2547,58,4,433.93,1735.72
7581,2547,71,4,77.6,310.4
7582,2548,48,3,391.48,1174.44
7583,2548,93,1,266.65,266.65
7584,2549,95,2,442.92,885.84
7585,2550,13,4,234.45,937.8
7586,2550,57,3,55.2,165.6
7587,2550,86,4,450.1,1800.4
7588,2550,85,5,448.65,2243.25
7589,2551,39,2,461.01,922.02
7590,2551,74,5,325.4,1627
7591,2551,54,3,375.27,1125.81
7592,2551,18,2,423.15,846.3
7593,2551,44,4,71.57,286.28
7594,2552,63,4,229.68,918.72
7595,2553,41,5,314.73,1573.65
7596,2553,57,4,55.2,220.8
7597,2553,37,3,463.79,1391.37
7598,2553,36,4,74.4,297.6
7599,2553,50,2,360.67,721.34
7600,2554,65,1,72.5,72.5
7601,2554,96,5,130.71,653.55
7602,2554,60,2,358.88,717.76
7603,2554,5,5,142.14,710.7
7604,2555,3,4,321.8,1287.2
7605,2555,82,3,71.64,214.92
7606,2555,2,4,243.6,974.4
7607,2556,16,2,465.73,931.46
7608,2556,28,1,87.71,87.71
7609,2556,27,1,345.01,345.01
7610,2556,44,2,71.57,143.14
7611,2557,71,2,77.6,155.2
7612,2557,65,3,72.5,217.5
7613,2557,35,4,18.87,75.48
7614,2557,33,2,329.42,658.84
7615,2558,63,4,229.68,918.72
7616,2558,32,5,260.99,1304.95
7617,2558,62,4,144.69,578.76
7618,2558,53,3,120.42,361.26
7619,2559,67,5,146.48,732.4
7620,2559,94,2,41.72,83.44
7621,2559,55,4,205.95,823.8
7622,2560,45,1,444.26,444.26
7623,2560,4,4,117.56,470.24
7624,2560,35,5,18.87,94.35
7625,2560,63,4,229.68,918.72
7626,2560,97,1,425.33,425.33
7627,2561,85,3,448.65,1345.95
7628,2561,86,5,450.1,2250.5
7629,2561,18,3,423.15,1269.45
7630,2561,28,1,87.71,87.71
7631,2561,49,3,388.97,1166.91
7632,2562,70,3,303.87,911.61
7633,2562,71,1,77.6,77.6
7634,2562,83,4,130.62,522.48
7635,2563,33,1,329.42,329.42
7636,2563,80,4,165.82,663.28
7637,2563,11,2,147.32,294.64
7638,2563,54,4,375.27,1501.08
7639,2564,32,3,260.99,782.97
7640,2564,33,1,329.42,329.42
7641,2565,40,1,144.16,144.16
7642,2565,94,2,41.72,83.44
7643,2565,57,1,55.2,55.2
7644,2566,54,4,375.27,1501.08
7645,2566,81,1,499.89,499.89
7646,2566,66,3,384.26,1152.78
7647,2566,88,3,275.64,826.92
7648,2567,65,2,72.5,145
7649,2567,9,4,133.05,532.2
7650,2568,75,2,33.9,67.8
7651,2568,86,2,450.1,900.2
7652,2568,27,5,345.01,1725.05
7653,2568,28,5,87.71,438.55
7654,2569,76,2,273.1,546.2
7655,2569,49,3,388.97,1166.91
7656,2569,4,2,117.56,235.12
7657,2569,64,5,325.29,1626.45
7658,2569,37,3,463.79,1391.37
7659,2570,42,2,10.28,20.56
7660,2571,77,5,112.25,561.25
7661,2571,45,4,444.26,1777.04
7662,2571,21,5,488.47,2442.35
7663,2571,62,3,144.69,434.07
7664,2572,92,5,34.18,170.9
7665,2572,40,5,144.16,720.8
7666,2572,75,2,33.9,67.8
7667,2573,82,5,71.64,358.2
7668,2574,84,1,397.33,397.33
7669,2574,76,1,273.1,273.1
7670,2575,40,5,144.16,720.8
7671,2575,66,5,384.26,1921.3
7672,2575,45,1,444.26,444.26
7673,2575,84,5,397.33,1986.65
7674,2575,60,1,358.88,358.88
7675,2576,74,5,325.4,1627
7676,2576,38,1,11.87,11.87
7677,2576,82,5,71.64,358.2
7678,2577,44,5,71.57,357.85
7679,2577,52,2,403.26,806.52
7680,2577,21,3,488.47,1465.41
7681,2577,45,5,444.26,2221.3
7682,2577,12,1,235.36,235.36
7683,2578,84,1,397.33,397.33
7684,2578,53,4,120.42,481.68
7685,2579,95,1,442.92,442.92
7686,2579,20,5,181.13,905.65
7687,2580,52,3,403.26,1209.78
7688,2580,28,5,87.71,438.55
7689,2581,89,2,63.06,126.12
7690,2581,26,2,313.45,626.9
7691,2581,42,4,10.28,41.12
7692,2581,69,4,414.94,1659.76
7693,2581,35,5,18.87,94.35
7694,2582,19,2,280.77,561.54
7695,2582,11,3,147.32,441.96
7696,2582,11,5,147.32,736.6
7697,2582,95,4,442.92,1771.68
7698,2583,70,3,303.87,911.61
7699,2583,80,5,165.82,829.1
7700,2584,9,2,133.05,266.1
7701,2584,41,4,314.73,1258.92
7702,2584,56,4,180.06,720.24
7703,2584,36,5,74.4,372
7704,2585,42,3,10.28,30.84
7705,2585,8,5,30.66,153.3
7706,2586,75,1,33.9,33.9
7707,2586,67,4,146.48,585.92
7708,2586,100,3,38.05,114.15
7709,2586,35,2,18.87,37.74
7710,2586,75,1,33.9,33.9
7711,2587,98,3,140.33,420.99
7712,2587,89,5,63.06,315.3
7713,2587,38,5,11.87,59.35
7714,2588,25,2,144.29,288.58
7715,2589,83,2,130.62,261.24
7716,2590,54,4,375.27,1501.08
7717,2591,42,3,10.28,30.84
7718,2591,17,2,480.38,960.76
7719,2591,86,1,450.1,450.1
7720,2591,22,2,202.6,405.2
7721,2591,60,3,358.88,1076.64
7722,2592,33,4,329.42,1317.68
7723,2592,35,2,18.87,37.74
7724,2592,54,1,375.27,375.27
7725,2593,61,3,135.79,407.37
7726,2593,90,4,157.77,631.08
7727,2593,39,4,461.01,1844.04
7728,2593,69,4,414.94,1659.76
7729,2593,57,3,55.2,165.6
7730,2594,18,1,423.15,423.15
7731,2594,50,4,360.67,1442.68
7732,2595,13,5,234.45,1172.25
7733,2595,43,5,250.15,1250.75
7734,2595,62,5,144.69,723.45
7735,2595,83,4,130.62,522.48
7736,2595,62,3,144.69,434.07
7737,2596,65,3,72.5,217.5
7738,2596,86,1,450.1,450.1
7739,2596,55,4,205.95,823.8
7740,2597,92,4,34.18,136.72
7741,2597,6,3,121.04,363.12
7742,2597,94,2,41.72,83.44
7743,2598,40,1,144.16,144.16
7744,2598,51,3,101.56,304.68
7745,2598,24,2,217.84,435.68
7746,2598,57,2,55.2,110.4
7747,2598,10,3,402.34,1207.02
7748,2599,77,4,112.25,449
7749,2599,83,5,130.62,653.1
7750,2599,88,1,275.64,275.64
7751,2600,17,2,480.38,960.76
7752,2600,22,2,202.6,405.2
7753,2600,48,2,391.48,782.96
7754,2600,20,2,181.13,362.26
7755,2601,17,5,480.38,2401.9
7756,2601,41,2,314.73,629.46
7757,2602,92,1,34.18,34.18
7758,2602,50,3,360.67,1082.01
7759,2603,54,4,375.27,1501.08
7760,2603,25,3,144.29,432.87
7761,2603,98,1,140.33,140.33
7762,2603,40,3,144.16,432.48
7763,2603,26,1,313.45,313.45
7764,2604,57,1,55.2,55.2
7765,2604,59,1,330.91,330.91
7766,2604,28,1,87.71,87.71
7767,2604,27,3,345.01,1035.03
7768,2604,31,1,214.73,214.73
7769,2605,66,3,384.26,1152.78
7770,2605,29,3,122.88,368.64
7771,2605,17,5,480.38,2401.9
7772,2605,33,3,329.42,988.26
7773,2606,87,3,476.96,1430.88
7774,2607,52,2,403.26,806.52
7775,2608,92,4,34.18,136.72
7776,2608,70,1,303.87,303.87
7777,2609,82,4,71.64,286.56
7778,2609,3,4,321.8,1287.2
7779,2609,15,4,371.75,1487
7780,2610,69,3,414.94,1244.82
7781,2610,23,5,272.6,1363
7782,2611,70,2,303.87,607.74
7783,2611,41,4,314.73,1258.92
7784,2612,85,1,448.65,448.65
7785,2613,54,2,375.27,750.54
7786,2613,8,1,30.66,30.66
7787,2613,2,3,243.6,730.8
7788,2613,57,4,55.2,220.8
7789,2614,31,5,214.73,1073.65
7790,2615,76,2,273.1,546.2
7791,2615,25,3,144.29,432.87
7792,2615,38,1,11.87,11.87
7793,2615,41,1,314.73,314.73
7794,2616,43,1,250.15,250.15
7795,2616,67,1,146.48,146.48
7796,2616,18,5,423.15,2115.75
7797,2616,20,5,181.13,905.65
7798,2617,90,2,157.77,315.54
7799,2617,98,4,140.33,561.32
7800,2617,2,3,243.6,730.8
7801,2617,58,4,433.93,1735.72
7802,2618,70,1,303.87,303.87
7803,2619,13,3,234.45,703.35
7804,2619,32,2,260.99,521.98
7805,2619,21,3,488.47,1465.41
7806,2619,66,3,384.26,1152.78
7807,2619,72,2,152.08,304.16
7808,2620,4,1,117.56,117.56
7809,2621,51,1,101.56,101.56
7810,2621,78,3,279.16,837.48
7811,2621,75,2,33.9,67.8
7812,2622,90,5,157.77,788.85
7813,2622,60,2,358.88,717.76
7814,2622,90,4,157.77,631.08
7815,2622,46,5,446.64,2233.2
7816,2622,33,2,329.42,658.84
7817,2623,57,2,55.2,110.4
7818,2624,33,5,329.42,1647.1
7819,2624,14,5,472.64,2363.2
7820,2624,76,2,273.1,546.2
7821,2625,18,2,423.15,846.3
7822,2625,90,2,157.77,315.54
7823,2625,50,4,360.67,1442.68
7824,2626,26,1,313.45,313.45
7825,2627,77,5,112.25,561.25
7826,2627,31,3,214.73,644.19
7827,2627,73,1,487.67,487.67
7828,2627,93,1,266.65,266.65
7829,2627,79,4,34.53,138.12
7830,2628,1,3,483.17,1449.51
7831,2628,28,2,87.71,175.42
7832,2628,17,2,480.38,960.76
7833,2628,86,4,450.1,1800.4
7834,2629,20,2,181.13,362.26
7835,2629,9,3,133.05,399.15
7836,2629,14,4,472.64,1890.56
7837,2629,93,5,266.65,1333.25
7838,2629,11,1,147.32,147.32
7839,2630,59,2,330.91,661.82
7840,2630,85,1,448.65,448.65
7841,2631,37,2,463.79,927.58
7842,2632,22,4,202.6,810.4
7843,2633,28,4,87.71,350.84
7844,2634,73,4,487.67,1950.68
7845,2634,3,1,321.8,321.8
7846,2634,88,2,275.64,551.28
7847,2635,69,4,414.94,1659.76
7848,2635,90,4,157.77,631.08
7849,2635,46,3,446.64,1339.92
7850,2636,98,2,140.33,280.66
7851,2637,34,4,59.14,236.56
7852,2637,58,1,433.93,433.93
7853,2637,95,2,442.92,885.84
7854,2637,48,3,391.48,1174.44
7855,2637,53,2,120.42,240.84
7856,2638,95,5,442.92,2214.6
7857,2638,79,5,34.53,172.65
7858,2638,82,5,71.64,358.2
7859,2638,45,3,444.26,1332.78
7860,2638,95,3,442.92,1328.76
7861,2639,94,2,41.72,83.44
7862,2639,58,5,433.93,2169.65
7863,2640,87,3,476.96,1430.88
7864,2640,85,4,448.65,1794.6
7865,2640,75,2,33.9,67.8
7866,2640,39,5,461.01,2305.05
7867,2641,48,2,391.48,782.96
7868,2641,35,2,18.87,37.74
7869,2641,72,3,152.08,456.24
7870,2641,30,2,70.69,141.38
7871,2641,57,2,55.2,110.4
7872,2642,85,1,448.65,448.65
7873,2643,42,3,10.28,30.84
7874,2643,96,2,130.71,261.42
7875,2643,88,4,275.64,1102.56
7876,2643,30,4,70.69,282.76
7877,2643,38,2,11.87,23.74
7878,2644,85,1,448.65,448.65
7879,2644,44,1,71.57,71.57
7880,2644,79,3,34.53,103.59
7881,2644,100,1,38.05,38.05
7882,2645,61,3,135.79,407.37
7883,2645,45,3,444.26,1332.78
7884,2645,75,5,33.9,169.5
7885,2646,100,5,38.05,190.25
7886,2646,11,5,147.32,736.6
7887,2647,43,1,250.15,250.15
7888,2647,97,5,425.33,2126.65
7889,2647,54,5,375.27,1876.35
7890,2648,92,4,34.18,136.72
7891,2648,74,3,325.4,976.2
7892,2648,61,3,135.79,407.37
7893,2649,56,3,180.06,540.18
7894,2649,95,3,442.92,1328.76
7895,2650,33,3,329.42,988.26
7896,2651,91,4,196.31,785.24
7897,2651,29,4,122.88,491.52
7898,2652,62,3,144.69,434.07
7899,2652,18,5,423.15,2115.75
7900,2653,73,1,487.67,487.67
7901,2653,36,1,74.4,74.4
7902,2653,12,2,235.36,470.72
7903,2653,58,4,433.93,1735.72
7904,2653,61,5,135.79,678.95
7905,2654,34,2,59.14,118.28
7906,2655,92,3,34.18,102.54
7907,2656,89,1,63.06,63.06
7908,2657,67,4,146.48,585.92
7909,2657,80,2,165.82,331.64
7910,2657,57,2,55.2,110.4
7911,2658,47,4,218.62,874.48
7912,2658,45,5,444.26,2221.3
7913,2659,67,5,146.48,732.4
7914,2660,3,2,321.8,643.6
7915,2660,30,1,70.69,70.69
7916,2660,29,2,122.88,245.76
7917,2660,79,2,34.53,69.06
7918,2661,80,4,165.82,663.28
7919,2661,77,5,112.25,561.25
7920,2661,19,1,280.77,280.77
7921,2662,47,2,218.62,437.24
7922,2662,42,3,10.28,30.84
7923,2663,46,5,446.64,2233.2
7924,2663,30,4,70.69,282.76
7925,2663,61,2,135.79,271.58
7926,2664,77,4,112.25,449
7927,2665,31,3,214.73,644.19
7928,2666,34,5,59.14,295.7
7929,2666,26,2,313.45,626.9
7930,2667,47,3,218.62,655.86
7931,2667,93,1,266.65,266.65
7932,2667,25,3,144.29,432.87
7933,2667,92,3,34.18,102.54
7934,2667,23,5,272.6,1363
7935,2668,63,4,229.68,918.72
7936,2668,51,5,101.56,507.8
7937,2668,70,5,303.87,1519.35
7938,2668,57,2,55.2,110.4
7939,2668,29,1,122.88,122.88
7940,2669,29,2,122.88,245.76
7941,2669,28,4,87.71,350.84
7942,2669,26,1,313.45,313.45
7943,2670,17,3,480.38,1441.14
7944,2670,53,4,120.42,481.68
7945,2670,18,4,423.15,1692.6
7946,2671,83,3,130.62,391.86
7947,2671,68,2,100.19,200.38
7948,2671,57,3,55.2,165.6
7949,2672,9,3,133.05,399.15
7950,2673,24,3,217.84,653.52
7951,2673,37,5,463.79,2318.95
7952,2673,15,3,371.75,1115.25
7953,2673,25,1,144.29,144.29
7954,2673,21,2,488.47,976.94
7955,2674,48,4,391.48,1565.92
7956,2674,94,2,41.72,83.44
7957,2675,17,1,480.38,480.38
7958,2676,54,3,375.27,1125.81
7959,2676,99,3,107.85,323.55
7960,2676,46,4,446.64,1786.56
7961,2676,88,1,275.64,275.64
7962,2676,91,5,196.31,981.55
7963,2677,21,3,488.47,1465.41
7964,2677,69,2,414.94,829.88
7965,2677,90,5,157.77,788.85
7966,2678,86,5,450.1,2250.5
7967,2678,43,2,250.15,500.3
7968,2678,82,3,71.64,214.92
7969,2678,26,5,313.45,1567.25
7970,2679,87,3,476.96,1430.88
7971,2679,26,1,313.45,313.45
7972,2679,70,2,303.87,607.74
7973,2679,30,3,70.69,212.07
7974,2680,80,2,165.82,331.64
7975,2681,95,2,442.92,885.84
7976,2681,8,5,30.66,153.3
7977,2681,40,3,144.16,432.48
7978,2682,77,2,112.25,224.5
7979,2682,99,5,107.85,539.25
7980,2682,7,5,402.41,2012.05
7981,2682,100,4,38.05,152.2
7982,2682,13,1,234.45,234.45
7983,2683,83,4,130.62,522.48
7984,2683,94,2,41.72,83.44
7985,2683,90,4,157.77,631.08
7986,2683,96,1,130.71,130.71
7987,2683,55,4,205.95,823.8
7988,2684,40,5,144.16,720.8
7989,2684,58,4,433.93,1735.72
7990,2684,13,3,234.45,703.35
7991,2684,44,1,71.57,71.57
7992,2684,16,5,465.73,2328.65
7993,2685,43,2,250.15,500.3
7994,2685,47,3,218.62,655.86
7995,2686,72,1,152.08,152.08
7996,2686,75,3,33.9,101.7
7997,2686,80,4,165.82,663.28
7998,2686,32,5,260.99,1304.95
7999,2687,31,1,214.73,214.73
8000,2687,5,3,142.14,426.42
8001,2688,21,5,488.47,2442.35
8002,2688,67,5,146.48,732.4
8003,2688,55,3,205.95,617.85
8004,2689,22,4,202.6,810.4
8005,2689,35,2,18.87,37.74
8006,2689,88,4,275.64,1102.56
8007,2689,97,2,425.33,850.66
8008,2690,84,4,397.33,1589.32
8009,2690,81,3,499.89,1499.67
8010,2690,63,3,229.68,689.04
8011,2690,68,3,100.19,300.57
8012,2690,95,1,442.92,442.92
8013,2691,46,2,446.64,893.28
8014,2691,11,1,147.32,147.32
8015,2691,4,1,117.56,117.56
8016,2691,77,5,112.25,561.25
8017,2691,8,2,30.66,61.32
8018,2692,40,3,144.16,432.48
8019,2692,63,2,229.68,459.36
8020,2693,32,3,260.99,782.97
8021,2693,26,2,313.45,626.9
8022,2694,2,3,243.6,730.8
8023,2695,8,4,30.66,122.64
8024,2695,54,4,375.27,1501.08
8025,2695,67,1,146.48,146.48
8026,2696,51,5,101.56,507.8
8027,2696,48,1,391.48,391.48
8028,2696,84,5,397.33,1986.65
8029,2696,61,5,135.79,678.95
8030,2696,75,2,33.9,67.8
8031,2697,26,4,313.45,1253.8
8032,2697,75,5,33.9,169.5
8033,2697,78,2,279.16,558.32
8034,2698,26,5,313.45,1567.25
8035,2698,89,2,63.06,126.12
8036,2698,13,3,234.45,703.35
8037,2699,73,1,487.67,487.67
8038,2699,44,3,71.57,214.71
8039,2700,83,1,130.62,130.62
8040,2700,81,1,499.89,499.89
8041,2700,25,2,144.29,288.58
8042,2701,37,2,463.79,927.58
8043,2701,90,2,157.77,315.54
8044,2701,55,2,205.95,411.9
8045,2702,44,1,71.57,71.57
8046,2702,30,1,70.69,70.69
8047,2702,15,5,371.75,1858.75
8048,2702,68,1,100.19,100.19
8049,2702,37,3,463.79,1391.37
8050,2703,2,1,243.6,243.6
8051,2703,74,2,325.4,650.8
8052,2704,70,5,303.87,1519.35
8053,2704,17,1,480.38,480.38
8054,2704,36,4,74.4,297.6
8055,2704,22,3,202.6,607.8
8056,2704,57,2,55.2,110.4
8057,2705,98,4,140.33,561.32
8058,2705,96,3,130.71,392.13
8059,2705,89,2,63.06,126.12
8060,2705,16,1,465.73,465.73
8061,2705,50,2,360.67,721.34
8062,2706,93,5,266.65,1333.25
8063,2706,46,2,446.64,893.28
8064,2706,2,1,243.6,243.6
8065,2706,67,1,146.48,146.48
8066,2706,57,2,55.2,110.4
8067,2707,93,4,266.65,1066.6
8068,2707,34,2,59.14,118.28
8069,2708,62,3,144.69,434.07
8070,2708,17,3,480.38,1441.14
8071,2708,50,3,360.67,1082.01
8072,2708,89,1,63.06,63.06
8073,2708,8,1,30.66,30.66
8074,2709,13,4,234.45,937.8
8075,2710,30,4,70.69,282.76
8076,2710,96,5,130.71,653.55
8077,2710,74,5,325.4,1627
8078,2710,6,5,121.04,605.2
8079,2711,92,4,34.18,136.72
8080,2711,16,4,465.73,1862.92
8081,2711,33,2,329.42,658.84
8082,2711,82,1,71.64,71.64
8083,2711,74,5,325.4,1627
8084,2712,72,4,152.08,608.32
8085,2712,90,1,157.77,157.77
8086,2712,13,5,234.45,1172.25
8087,2713,38,3,11.87,35.61
8088,2713,69,5,414.94,2074.7
8089,2713,64,2,325.29,650.58
8090,2713,67,5,146.48,732.4
8091,2713,91,3,196.31,588.93
8092,2714,84,3,397.33,1191.99
8093,2714,32,2,260.99,521.98
8094,2714,61,2,135.79,271.58
8095,2714,54,4,375.27,1501.08
8096,2715,76,2,273.1,546.2
8097,2715,28,4,87.71,350.84
8098,2715,30,1,70.69,70.69
8099,2716,14,5,472.64,2363.2
8100,2716,49,3,388.97,1166.91
8101,2716,35,3,18.87,56.61
8102,2716,24,4,217.84,871.36
8103,2717,1,2,483.17,966.34
8104,2717,46,5,446.64,2233.2
8105,2717,92,1,34.18,34.18
8106,2717,88,5,275.64,1378.2
8107,2717,5,2,142.14,284.28
8108,2718,97,2,425.33,850.66
8109,2718,44,5,71.57,357.85
8110,2719,8,1,30.66,30.66
8111,2720,74,3,325.4,976.2
8112,2720,69,3,414.94,1244.82
8113,2720,41,4,314.73,1258.92
8114,2720,69,1,414.94,414.94
8115,2720,40,2,144.16,288.32
8116,2721,32,4,260.99,1043.96
8117,2721,86,2,450.1,900.2
8118,2721,30,2,70.69,141.38
8119,2722,28,4,87.71,350.84
8120,2723,74,4,325.4,1301.6
8121,2723,55,2,205.95,411.9
8122,2723,71,2,77.6,155.2
8123,2723,32,2,260.99,521.98
8124,2723,46,1,446.64,446.64
8125,2724,68,5,100.19,500.95
8126,2724,92,3,34.18,102.54
8127,2724,30,3,70.69,212.07
8128,2725,87,3,476.96,1430.88
8129,2725,94,2,41.72,83.44
8130,2725,5,1,142.14,142.14
8131,2725,19,3,280.77,842.31
8132,2726,4,4,117.56,470.24
8133,2726,83,3,130.62,391.86
8134,2727,41,5,314.73,1573.65
8135,2727,85,3,448.65,1345.95
8136,2727,15,5,371.75,1858.75
8137,2727,97,2,425.33,850.66
8138,2727,66,3,384.26,1152.78
8139,2728,89,2,63.06,126.12
8140,2728,51,3,101.56,304.68
8141,2728,3,2,321.8,643.6
8142,2728,95,5,442.92,2214.6
8143,2728,54,4,375.27,1501.08
8144,2729,59,3,330.91,992.73
8145,2729,16,1,465.73,465.73
8146,2730,47,1,218.62,218.62
8147,2730,92,5,34.18,170.9
8148,2730,43,5,250.15,1250.75
8149,2730,32,3,260.99,782.97
8150,2730,87,5,476.96,2384.8
8151,2731,59,4,330.91,1323.64
8152,2731,49,2,388.97,777.94
8153,2732,47,5,218.62,1093.1
8154,2732,82,5,71.64,358.2
8155,2733,62,2,144.69,289.38
8156,2733,66,1,384.26,384.26
8157,2733,80,1,165.82,165.82
8158,2734,91,5,196.31,981.55
8159,2734,66,1,384.26,384.26
8160,2734,28,4,87.71,350.84
8161,2735,27,2,345.01,690.02
8162,2735,87,2,476.96,953.92
8163,2735,15,4,371.75,1487
8164,2735,81,2,499.89,999.78
8165,2735,58,3,433.93,1301.79
8166,2736,98,3,140.33,420.99
8167,2736,1,2,483.17,966.34
8168,2736,10,3,402.34,1207.02
8169,2736,93,5,266.65,1333.25
8170,2737,96,2,130.71,261.42
8171,2737,47,3,218.62,655.86
8172,2737,83,4,130.62,522.48
8173,2738,50,3,360.67,1082.01
8174,2738,94,1,41.72,41.72
8175,2738,79,3,34.53,103.59
8176,2738,89,3,63.06,189.18
8177,2739,71,5,77.6,388
8178,2739,22,3,202.6,607.8
8179,2740,2,2,243.6,487.2
8180,2741,28,2,87.71,175.42
8181,2741,96,2,130.71,261.42
8182,2741,64,2,325.29,650.58
8183,2742,4,3,117.56,352.68
8184,2742,95,1,442.92,442.92
8185,2742,54,1,375.27,375.27
8186,2742,100,5,38.05,190.25
8187,2743,100,2,38.05,76.1
8188,2744,83,1,130.62,130.62
8189,2744,99,5,107.85,539.25
8190,2744,83,4,130.62,522.48
8191,2744,60,1,358.88,358.88
8192,2744,38,1,11.87,11.87
8193,2745,65,1,72.5,72.5
8194,2746,11,3,147.32,441.96
8195,2746,73,2,487.67,975.34
8196,2747,93,5,266.65,1333.25
8197,2747,63,4,229.68,918.72
8198,2747,19,1,280.77,280.77
8199,2748,47,5,218.62,1093.1
8200,2749,31,2,214.73,429.46
8201,2749,26,1,313.45,313.45
8202,2749,2,1,243.6,243.6
8203,2749,81,3,499.89,1499.67
8204,2750,79,2,34.53,69.06
8205,2750,99,2,107.85,215.7
8206,2751,39,1,461.01,461.01
8207,2751,6,2,121.04,242.08
8208,2751,37,2,463.79,927.58
8209,2751,61,4,135.79,543.16
8210,2752,26,1,313.45,313.45
8211,2752,65,4,72.5,290
8212,2752,52,1,403.26,403.26
8213,2752,56,3,180.06,540.18
8214,2752,96,2,130.71,261.42
8215,2753,45,2,444.26,888.52
8216,2753,77,3,112.25,336.75
8217,2753,57,1,55.2,55.2
8218,2753,84,5,397.33,1986.65
8219,2754,10,3,402.34,1207.02
8220,2754,42,5,10.28,51.4
8221,2754,72,5,152.08,760.4
8222,2755,69,5,414.94,2074.7
8223,2755,31,4,214.73,858.92
8224,2755,98,5,140.33,701.65
8225,2755,95,4,442.92,1771.68
8226,2756,7,3,402.41,1207.23
8227,2756,60,2,358.88,717.76
8228,2757,34,2,59.14,118.28
8229,2757,83,3,130.62,391.86
8230,2757,6,3,121.04,363.12
8231,2757,4,3,117.56,352.68
8232,2758,54,1,375.27,375.27
8233,2759,47,4,218.62,874.48
8234,2759,49,1,388.97,388.97
8235,2759,14,4,472.64,1890.56
8236,2759,58,3,433.93,1301.79
8237,2759,96,1,130.71,130.71
8238,2760,72,1,152.08,152.08
8239,2760,38,1,11.87,11.87
8240,2760,36,3,74.4,223.2
8241,2761,76,2,273.1,546.2
8242,2762,86,1,450.1,450.1
8243,2762,68,3,100.19,300.57
8244,2762,92,2,34.18,68.36
8245,2762,43,4,250.15,1000.6
8246,2763,93,1,266.65,266.65
8247,2763,45,4,444.26,1777.04
8248,2763,74,3,325.4,976.2
8249,2763,64,4,325.29,1301.16
8250,2763,51,1,101.56,101.56
8251,2764,64,3,325.29,975.87
8252,2764,55,5,205.95,1029.75
8253,2764,89,3,63.06,189.18
8254,2765,69,4,414.94,1659.76
8255,2765,58,2,433.93,867.86
8256,2766,36,4,74.4,297.6
8257,2766,11,2,147.32,294.64
8258,2767,51,3,101.56,304.68
8259,2767,72,2,152.08,304.16
8260,2767,32,2,260.99,521.98
8261,2767,60,2,358.88,717.76
8262,2768,24,4,217.84,871.36
8263,2769,7,1,402.41,402.41
8264,2769,34,5,59.14,295.7
8265,2769,27,4,345.01,1380.04
8266,2769,65,1,72.5,72.5
8267,2770,18,5,423.15,2115.75
8268,2771,10,4,402.34,1609.36
8269,2771,57,2,55.2,110.4
8270,2771,32,4,260.99,1043.96
8271,2771,46,3,446.64,1339.92
8272,2772,1,3,483.17,1449.51
8273,2772,85,2,448.65,897.3
8274,2772,91,1,196.31,196.31
8275,2773,23,4,272.6,1090.4
8276,2773,71,5,77.6,388
8277,2773,33,3,329.42,988.26
8278,2773,50,1,360.67,360.67
8279,2773,9,2,133.05,266.1
8280,2774,27,1,345.01,345.01
8281,2774,88,2,275.64,551.28
8282,2774,14,2,472.64,945.28
8283,2775,70,5,303.87,1519.35
8284,2775,14,5,472.64,2363.2
8285,2775,67,2,146.48,292.96
8286,2775,37,4,463.79,1855.16
8287,2776,93,3,266.65,799.95
8288,2777,40,2,144.16,288.32
8289,2777,41,5,314.73,1573.65
8290,2777,74,1,325.4,325.4
8291,2777,36,1,74.4,74.4
8292,2777,64,2,325.29,650.58
8293,2778,59,2,330.91,661.82
8294,2778,30,2,70.69,141.38
8295,2778,99,5,107.85,539.25
8296,2778,92,2,34.18,68.36
8297,2778,65,4,72.5,290
8298,2779,80,4,165.82,663.28
8299,2779,90,1,157.77,157.77
8300,2779,12,4,235.36,941.44
8301,2779,90,2,157.77,315.54
8302,2779,73,4,487.67,1950.68
8303,2780,76,5,273.1,1365.5
8304,2781,11,5,147.32,736.6
8305,2781,44,5,71.57,357.85
8306,2781,88,1,275.64,275.64
8307,2782,61,3,135.79,407.37
8308,2782,34,3,59.14,177.42
8309,2782,64,4,325.29,1301.16
8310,2782,4,3,117.56,352.68
8311,2783,93,1,266.65,266.65
8312,2783,7,3,402.41,1207.23
8313,2783,67,4,146.48,585.92
8314,2783,99,5,107.85,539.25
8315,2783,52,4,403.26,1613.04
8316,2784,19,5,280.77,1403.85
8317,2784,37,2,463.79,927.58
8318,2784,100,1,38.05,38.05
8319,2784,62,1,144.69,144.69
8320,2785,50,4,360.67,1442.68
8321,2785,10,2,402.34,804.68
8322,2786,44,2,71.57,143.14
8323,2786,2,2,243.6,487.2
8324,2787,47,3,218.62,655.86
8325,2788,1,4,483.17,1932.68
8326,2789,64,2,325.29,650.58
8327,2789,40,4,144.16,576.64
8328,2789,100,1,38.05,38.05
8329,2789,22,4,202.6,810.4
8330,2789,18,2,423.15,846.3
8331,2790,97,3,425.33,1275.99
8332,2790,55,1,205.95,205.95
8333,2791,7,4,402.41,1609.64
8334,2791,26,1,313.45,313.45
8335,2791,23,5,272.6,1363
8336,2791,92,3,34.18,102.54
8337,2792,58,4,433.93,1735.72
8338,2792,39,3,461.01,1383.03
8339,2792,38,5,11.87,59.35
8340,2792,19,3,280.77,842.31
8341,2793,43,3,250.15,750.45
8342,2793,18,3,423.15,1269.45
8343,2793,6,2,121.04,242.08
8344,2794,40,4,144.16,576.64
8345,2794,22,1,202.6,202.6
8346,2794,94,5,41.72,208.6
8347,2794,12,5,235.36,1176.8
8348,2794,87,4,476.96,1907.84
8349,2795,77,2,112.25,224.5
8350,2796,57,2,55.2,110.4
8351,2796,40,5,144.16,720.8
8352,2796,31,1,214.73,214.73
8353,2797,53,4,120.42,481.68
8354,2797,37,1,463.79,463.79
8355,2798,48,4,391.48,1565.92
8356,2799,26,5,313.45,1567.25
8357,2799,20,1,181.13,181.13
8358,2799,72,2,152.08,304.16
8359,2800,50,3,360.67,1082.01
8360,2800,13,1,234.45,234.45
8361,2801,56,3,180.06,540.18
8362,2801,85,5,448.65,2243.25
8363,2801,76,1,273.1,273.1
8364,2802,13,1,234.45,234.45
8365,2803,84,5,397.33,1986.65
8366,2804,94,5,41.72,208.6
8367,2804,8,2,30.66,61.32
8368,2805,41,5,314.73,1573.65
8369,2806,1,1,483.17,483.17
8370,2806,24,1,217.84,217.84
8371,2806,72,2,152.08,304.16
8372,2806,41,1,314.73,314.73
8373,2806,42,4,10.28,41.12
8374,2807,2,1,243.6,243.6
8375,2807,71,1,77.6,77.6
8376,2807,82,5,71.64,358.2
8377,2807,47,3,218.62,655.86
8378,2808,62,3,144.69,434.07
8379,2808,97,2,425.33,850.66
8380,2809,7,4,402.41,1609.64
8381,2810,77,3,112.25,336.75
8382,2811,86,4,450.1,1800.4
8383,2812,81,2,499.89,999.78
8384,2813,32,2,260.99,521.98
8385,2813,77,5,112.25,561.25
8386,2813,27,4,345.01,1380.04
8387,2814,59,3,330.91,992.73
8388,2814,60,1,358.88,358.88
8389,2815,10,2,402.34,804.68
8390,2816,85,2,448.65,897.3
8391,2816,86,3,450.1,1350.3
8392,2817,17,3,480.38,1441.14
8393,2818,98,3,140.33,420.99
8394,2818,32,4,260.99,1043.96
8395,2819,15,5,371.75,1858.75
8396,2819,57,4,55.2,220.8
8397,2819,12,3,235.36,706.08
8398,2819,10,4,402.34,1609.36
8399,2820,72,2,152.08,304.16
8400,2820,54,1,375.27,375.27
8401,2820,69,1,414.94,414.94
8402,2821,44,2,71.57,143.14
8403,2821,69,2,414.94,829.88
8404,2821,24,2,217.84,435.68
8405,2821,46,1,446.64,446.64
8406,2821,31,4,214.73,858.92
8407,2822,24,3,217.84,653.52
8408,2822,54,1,375.27,375.27
8409,2823,52,4,403.26,1613.04
8410,2824,7,4,402.41,1609.64
8411,2824,92,4,34.18,136.72
8412,2824,25,3,144.29,432.87
8413,2824,17,1,480.38,480.38
8414,2825,2,5,243.6,1218
8415,2825,56,3,180.06,540.18
8416,2826,19,4,280.77,1123.08
8417,2827,76,3,273.1,819.3
8418,2827,51,1,101.56,101.56
8419,2827,25,3,144.29,432.87
8420,2827,51,5,101.56,507.8
8421,2828,44,4,71.57,286.28
8422,2828,74,1,325.4,325.4
8423,2828,59,4,330.91,1323.64
8424,2829,10,3,402.34,1207.02
8425,2829,51,1,101.56,101.56
8426,2829,52,1,403.26,403.26
8427,2830,40,2,144.16,288.32
8428,2830,61,4,135.79,543.16
8429,2831,21,2,488.47,976.94
8430,2832,52,4,403.26,1613.04
8431,2833,36,4,74.4,297.6
8432,2833,27,2,345.01,690.02
8433,2833,40,2,144.16,288.32
8434,2833,56,4,180.06,720.24
8435,2833,10,4,402.34,1609.36
8436,2834,64,2,325.29,650.58
8437,2834,97,5,425.33,2126.65
8438,2834,80,1,165.82,165.82
8439,2835,10,5,402.34,2011.7
8440,2835,23,1,272.6,272.6
8441,2835,53,2,120.42,240.84
8442,2835,6,2,121.04,242.08
8443,2836,3,2,321.8,643.6
8444,2836,48,2,391.48,782.96
8445,2836,64,4,325.29,1301.16
8446,2837,83,1,130.62,130.62
8447,2837,50,4,360.67,1442.68
8448,2838,70,5,303.87,1519.35
8449,2838,76,1,273.1,273.1
8450,2839,67,3,146.48,439.44
8451,2839,60,5,358.88,1794.4
8452,2839,19,4,280.77,1123.08
8453,2839,6,2,121.04,242.08
8454,2839,72,5,152.08,760.4
8455,2840,94,5,41.72,208.6
8456,2840,5,4,142.14,568.56
8457,2840,18,4,423.15,1692.6
8458,2841,49,4,388.97,1555.88
8459,2841,26,3,313.45,940.35
8460,2841,22,2,202.6,405.2
8461,2841,95,5,442.92,2214.6
8462,2841,52,5,403.26,2016.3
8463,2842,12,3,235.36,706.08
8464,2842,46,2,446.64,893.28
8465,2843,28,1,87.71,87.71
8466,2843,98,3,140.33,420.99
8467,2843,73,3,487.67,1463.01
8468,2844,26,5,313.45,1567.25
8469,2844,87,4,476.96,1907.84
8470,2844,78,1,279.16,279.16
8471,2845,22,2,202.6,405.2
8472,2846,43,5,250.15,1250.75
8473,2846,26,3,313.45,940.35
8474,2846,32,2,260.99,521.98
8475,2846,72,2,152.08,304.16
8476,2847,58,2,433.93,867.86
8477,2847,82,3,71.64,214.92
8478,2847,5,4,142.14,568.56
8479,2847,98,3,140.33,420.99
8480,2848,12,5,235.36,1176.8
8481,2848,38,1,11.87,11.87
8482,2848,43,3,250.15,750.45
8483,2848,19,4,280.77,1123.08
8484,2849,16,1,465.73,465.73
8485,2849,77,3,112.25,336.75
8486,2849,40,5,144.16,720.8
8487,2849,7,5,402.41,2012.05
8488,2850,70,2,303.87,607.74
8489,2850,36,3,74.4,223.2
8490,2850,23,4,272.6,1090.4
8491,2851,31,5,214.73,1073.65
8492,2851,32,5,260.99,1304.95
8493,2851,30,3,70.69,212.07
8494,2852,12,3,235.36,706.08
8495,2852,23,5,272.6,1363
8496,2852,76,2,273.1,546.2
8497,2852,27,5,345.01,1725.05
8498,2853,29,5,122.88,614.4
8499,2853,45,3,444.26,1332.78
8500,2853,49,1,388.97,388.97
8501,2853,47,3,218.62,655.86
8502,2854,4,2,117.56,235.12
8503,2854,74,4,325.4,1301.6
8504,2854,32,3,260.99,782.97
8505,2855,57,5,55.2,276
8506,2855,9,5,133.05,665.25
8507,2856,11,3,147.32,441.96
8508,2856,58,4,433.93,1735.72
8509,2856,95,3,442.92,1328.76
8510,2856,65,5,72.5,362.5
8511,2856,80,1,165.82,165.82
8512,2857,89,5,63.06,315.3
8513,2857,45,4,444.26,1777.04
8514,2858,47,1,218.62,218.62
8515,2858,73,1,487.67,487.67
8516,2858,66,3,384.26,1152.78
8517,2858,8,1,30.66,30.66
8518,2859,30,4,70.69,282.76
8519,2859,9,5,133.05,665.25
8520,2859,18,3,423.15,1269.45
8521,2860,20,4,181.13,724.52
8522,2861,20,4,181.13,724.52
8523,2861,98,2,140.33,280.66
8524,2861,19,4,280.77,1123.08
8525,2861,16,3,465.73,1397.19
8526,2861,81,2,499.89,999.78
8527,2862,92,2,34.18,68.36
8528,2862,19,3,280.77,842.31
8529,2863,57,2,55.2,110.4
8530,2863,49,1,388.97,388.97
8531,2863,67,2,146.48,292.96
8532,2863,56,5,180.06,900.3
8533,2863,87,3,476.96,1430.88
8534,2864,19,4,280.77,1123.08
8535,2864,34,1,59.14,59.14
8536,2864,42,3,10.28,30.84
8537,2864,7,2,402.41,804.82
8538,2865,53,3,120.42,361.26
8539,2865,78,3,279.16,837.48
8540,2865,12,5,235.36,1176.8
8541,2866,13,2,234.45,468.9
8542,2866,60,5,358.88,1794.4
8543,2866,44,5,71.57,357.85
8544,2867,4,3,117.56,352.68
8545,2868,46,2,446.64,893.28
8546,2868,7,4,402.41,1609.64
8547,2869,75,4,33.9,135.6
8548,2869,100,4,38.05,152.2
8549,2869,40,5,144.16,720.8
8550,2870,8,3,30.66,91.98
8551,2870,31,1,214.73,214.73
8552,2870,93,2,266.65,533.3
8553,2870,59,3,330.91,992.73
8554,2871,91,5,196.31,981.55
8555,2872,71,1,77.6,77.6
8556,2872,55,1,205.95,205.95
8557,2872,51,5,101.56,507.8
8558,2872,42,2,10.28,20.56
8559,2872,34,3,59.14,177.42
8560,2873,34,3,59.14,177.42
8561,2873,29,2,122.88,245.76
8562,2873,72,3,152.08,456.24
8563,2873,17,3,480.38,1441.14
8564,2873,49,4,388.97,1555.88
8565,2874,25,3,144.29,432.87
8566,2874,7,4,402.41,1609.64
8567,2875,66,1,384.26,384.26
8568,2875,69,2,414.94,829.88
8569,2875,83,4,130.62,522.48
8570,2876,72,3,152.08,456.24
8571,2877,94,4,41.72,166.88
8572,2878,89,5,63.06,315.3
8573,2878,41,5,314.73,1573.65
8574,2879,44,2,71.57,143.14
8575,2880,92,3,34.18,102.54
8576,2881,1,2,483.17,966.34
8577,2881,17,4,480.38,1921.52
8578,2881,46,4,446.64,1786.56
8579,2881,54,1,375.27,375.27
8580,2881,63,3,229.68,689.04
8581,2882,93,3,266.65,799.95
8582,2882,18,5,423.15,2115.75
8583,2883,88,3,275.64,826.92
8584,2883,99,5,107.85,539.25
8585,2883,71,1,77.6,77.6
8586,2883,61,1,135.79,135.79
8587,2884,7,4,402.41,1609.64
8588,2885,68,2,100.19,200.38
8589,2885,21,2,488.47,976.94
8590,2885,84,1,397.33,397.33
8591,2886,72,2,152.08,304.16
8592,2886,82,4,71.64,286.56
8593,2886,71,3,77.6,232.8
8594,2886,61,4,135.79,543.16
8595,2887,70,5,303.87,1519.35
8596,2888,69,5,414.94,2074.7
8597,2888,26,4,313.45,1253.8
8598,2888,69,3,414.94,1244.82
8599,2888,70,3,303.87,911.61
8600,2888,46,5,446.64,2233.2
8601,2889,59,5,330.91,1654.55
8602,2889,51,2,101.56,203.12
8603,2889,15,5,371.75,1858.75
8604,2889,96,2,130.71,261.42
8605,2889,71,5,77.6,388
8606,2890,8,5,30.66,153.3
8607,2890,90,2,157.77,315.54
8608,2890,36,3,74.4,223.2
8609,2890,94,1,41.72,41.72
8610,2890,44,4,71.57,286.28
8611,2891,28,4,87.71,350.84
8612,2891,60,1,358.88,358.88
8613,2891,48,3,391.48,1174.44
8614,2891,68,4,100.19,400.76
8615,2892,30,2,70.69,141.38
8616,2892,23,2,272.6,545.2
8617,2892,10,1,402.34,402.34
8618,2892,86,2,450.1,900.2
8619,2892,52,4,403.26,1613.04
8620,2893,34,1,59.14,59.14
8621,2893,87,4,476.96,1907.84
8622,2894,62,5,144.69,723.45
8623,2894,25,5,144.29,721.45
8624,2895,20,5,181.13,905.65
8625,2895,10,5,402.34,2011.7
8626,2895,55,5,205.95,1029.75
8627,2895,77,5,112.25,561.25
8628,2896,64,3,325.29,975.87
8629,2897,31,5,214.73,1073.65
8630,2897,41,2,314.73,629.46
8631,2898,4,4,117.56,470.24
8632,2898,90,5,157.77,788.85
8633,2898,70,4,303.87,1215.48
8634,2899,39,4,461.01,1844.04
8635,2900,72,5,152.08,760.4
8636,2900,49,4,388.97,1555.88
8637,2900,99,4,107.85,431.4
8638,2900,55,1,205.95,205.95
8639,2900,90,5,157.77,788.85
8640,2901,29,1,122.88,122.88
8641,2901,62,5,144.69,723.45
8642,2901,41,4,314.73,1258.92
8643,2902,90,1,157.77,157.77
8644,2902,5,2,142.14,284.28
8645,2902,66,3,384.26,1152.78
8646,2903,16,5,465.73,2328.65
8647,2903,37,4,463.79,1855.16
8648,2903,36,1,74.4,74.4
8649,2903,93,4,266.65,1066.6
8650,2904,37,2,463.79,927.58
8651,2904,69,4,414.94,1659.76
8652,2905,81,2,499.89,999.78
8653,2905,36,5,74.4,372
8654,2905,98,4,140.33,561.32
8655,2906,76,5,273.1,1365.5
8656,2906,78,4,279.16,1116.64
8657,2906,58,3,433.93,1301.79
8658,2906,46,3,446.64,1339.92
8659,2906,77,1,112.25,112.25
8660,2907,100,4,38.05,152.2
8661,2908,41,5,314.73,1573.65
8662,2909,86,1,450.1,450.1
8663,2909,30,2,70.69,141.38
8664,2909,99,5,107.85,539.25
8665,2909,10,5,402.34,2011.7
8666,2909,16,1,465.73,465.73
8667,2910,7,3,402.41,1207.23
8668,2910,52,5,403.26,2016.3
8669,2910,72,4,152.08,608.32
8670,2910,60,5,358.88,1794.4
8671,2910,72,5,152.08,760.4
8672,2911,28,3,87.71,263.13
8673,2911,11,1,147.32,147.32
8674,2911,37,2,463.79,927.58
8675,2912,85,5,448.65,2243.25
8676,2912,18,5,423.15,2115.75
8677,2913,3,3,321.8,965.4
8678,2913,4,2,117.56,235.12
8679,2914,15,3,371.75,1115.25
8680,2915,40,4,144.16,576.64
8681,2915,75,4,33.9,135.6
8682,2916,23,2,272.6,545.2
8683,2916,57,3,55.2,165.6
8684,2916,15,2,371.75,743.5
8685,2916,14,2,472.64,945.28
8686,2916,43,1,250.15,250.15
8687,2917,3,5,321.8,1609
8688,2917,90,3,157.77,473.31
8689,2918,19,5,280.77,1403.85
8690,2919,70,3,303.87,911.61
8691,2920,9,4,133.05,532.2
8692,2920,58,5,433.93,2169.65
8693,2920,14,3,472.64,1417.92
8694,2920,24,1,217.84,217.84
8695,2921,20,3,181.13,543.39
8696,2921,34,3,59.14,177.42
8697,2921,72,1,152.08,152.08
8698,2921,47,3,218.62,655.86
8699,2922,48,2,391.48,782.96
8700,2922,72,5,152.08,760.4
8701,2923,60,2,358.88,717.76
8702,2923,39,1,461.01,461.01
8703,2923,80,4,165.82,663.28
8704,2924,54,5,375.27,1876.35
8705,2924,7,4,402.41,1609.64
8706,2925,8,3,30.66,91.98
8707,2925,44,5,71.57,357.85
8708,2925,100,4,38.05,152.2
8709,2925,89,2,63.06,126.12
8710,2925,92,5,34.18,170.9
8711,2926,83,5,130.62,653.1
8712,2927,1,3,483.17,1449.51
8713,2927,59,2,330.91,661.82
8714,2927,89,5,63.06,315.3
8715,2927,32,2,260.99,521.98
8716,2927,67,5,146.48,732.4
8717,2928,55,3,205.95,617.85
8718,2928,48,4,391.48,1565.92
8719,2929,18,1,423.15,423.15
8720,2929,4,5,117.56,587.8
8721,2930,39,1,461.01,461.01
8722,2930,76,2,273.1,546.2
8723,2930,58,1,433.93,433.93
8724,2930,87,4,476.96,1907.84
8725,2931,5,5,142.14,710.7
8726,2931,32,2,260.99,521.98
8727,2931,66,2,384.26,768.52
8728,2931,64,2,325.29,650.58
8729,2932,24,5,217.84,1089.2
8730,2932,46,2,446.64,893.28
8731,2933,51,4,101.56,406.24
8732,2933,91,5,196.31,981.55
8733,2933,2,3,243.6,730.8
8734,2934,74,2,325.4,650.8
8735,2935,96,5,130.71,653.55
8736,2936,15,2,371.75,743.5
8737,2936,14,5,472.64,2363.2
8738,2936,66,4,384.26,1537.04
8739,2936,35,3,18.87,56.61
8740,2937,53,3,120.42,361.26
8741,2937,95,1,442.92,442.92
8742,2937,29,2,122.88,245.76
8743,2938,21,2,488.47,976.94
8744,2938,17,5,480.38,2401.9
8745,2938,53,2,120.42,240.84
8746,2938,35,3,18.87,56.61
8747,2939,8,1,30.66,30.66
8748,2939,72,1,152.08,152.08
8749,2940,55,3,205.95,617.85
8750,2941,82,5,71.64,358.2
8751,2941,36,2,74.4,148.8
8752,2941,24,5,217.84,1089.2
8753,2941,17,1,480.38,480.38
8754,2942,62,1,144.69,144.69
8755,2942,54,1,375.27,375.27
8756,2942,42,1,10.28,10.28
8757,2942,94,4,41.72,166.88
8758,2942,97,1,425.33,425.33
8759,2943,55,1,205.95,205.95
8760,2944,65,2,72.5,145
8761,2944,81,4,499.89,1999.56
8762,2945,2,4,243.6,974.4
8763,2946,60,1,358.88,358.88
8764,2946,2,1,243.6,243.6
8765,2946,76,5,273.1,1365.5
8766,2946,62,3,144.69,434.07
8767,2946,88,3,275.64,826.92
8768,2947,34,2,59.14,118.28
8769,2947,1,4,483.17,1932.68
8770,2947,39,4,461.01,1844.04
8771,2948,72,3,152.08,456.24
8772,2949,10,3,402.34,1207.02
8773,2949,71,2,77.6,155.2
8774,2949,40,5,144.16,720.8
8775,2950,62,1,144.69,144.69
8776,2951,62,5,144.69,723.45
8777,2951,52,4,403.26,1613.04
8778,2952,88,4,275.64,1102.56
8779,2952,84,1,397.33,397.33
8780,2952,79,4,34.53,138.12
8781,2953,62,5,144.69,723.45
8782,2954,72,5,152.08,760.4
8783,2954,38,1,11.87,11.87
8784,2954,92,5,34.18,170.9
8785,2954,58,2,433.93,867.86
8786,2955,95,1,442.92,442.92
8787,2956,7,2,402.41,804.82
8788,2956,62,2,144.69,289.38
8789,2957,13,1,234.45,234.45
8790,2957,66,5,384.26,1921.3
8791,2957,55,2,205.95,411.9
8792,2957,4,5,117.56,587.8
8793,2958,44,4,71.57,286.28
8794,2958,4,4,117.56,470.24
8795,2958,70,5,303.87,1519.35
8796,2958,52,3,403.26,1209.78
8797,2958,56,2,180.06,360.12
8798,2959,90,4,157.77,631.08
8799,2959,96,1,130.71,130.71
8800,2959,10,3,402.34,1207.02
8801,2959,79,3,34.53,103.59
8802,2959,71,2,77.6,155.2
8803,2960,41,5,314.73,1573.65
8804,2960,40,1,144.16,144.16
8805,2960,93,4,266.65,1066.6
8806,2960,100,4,38.05,152.2
8807,2960,25,1,144.29,144.29
8808,2961,9,2,133.05,266.1
8809,2961,85,4,448.65,1794.6
8810,2961,75,5,33.9,169.5
8811,2961,2,2,243.6,487.2
8812,2962,53,5,120.42,602.1
8813,2962,1,3,483.17,1449.51
8814,2962,13,5,234.45,1172.25
8815,2962,35,5,18.87,94.35
8816,2963,75,1,33.9,33.9
8817,2963,40,5,144.16,720.8
8818,2963,13,4,234.45,937.8
8819,2963,41,5,314.73,1573.65
8820,2963,37,4,463.79,1855.16
8821,2964,69,5,414.94,2074.7
8822,2965,2,3,243.6,730.8
8823,2965,62,1,144.69,144.69
8824,2966,2,3,243.6,730.8
8825,2966,42,1,10.28,10.28
8826,2966,85,4,448.65,1794.6
8827,2966,33,1,329.42,329.42
8828,2967,16,2,465.73,931.46
8829,2968,40,2,144.16,288.32
8830,2968,18,5,423.15,2115.75
8831,2968,16,2,465.73,931.46
8832,2968,54,3,375.27,1125.81
8833,2968,53,1,120.42,120.42
8834,2969,94,4,41.72,166.88
8835,2969,21,1,488.47,488.47
8836,2969,12,2,235.36,470.72
8837,2969,59,1,330.91,330.91
8838,2970,31,4,214.73,858.92
8839,2970,53,2,120.42,240.84
8840,2970,97,4,425.33,1701.32
8841,2970,27,5,345.01,1725.05
8842,2970,8,4,30.66,122.64
8843,2971,41,2,314.73,629.46
8844,2971,33,5,329.42,1647.1
8845,2971,1,2,483.17,966.34
8846,2972,34,1,59.14,59.14
8847,2973,79,5,34.53,172.65
8848,2973,73,1,487.67,487.67
8849,2973,38,1,11.87,11.87
8850,2973,52,3,403.26,1209.78
8851,2973,27,5,345.01,1725.05
8852,2974,39,2,461.01,922.02
8853,2974,62,2,144.69,289.38
8854,2974,1,5,483.17,2415.85
8855,2975,7,4,402.41,1609.64
8856,2975,22,4,202.6,810.4
8857,2975,65,2,72.5,145
8858,2975,11,1,147.32,147.32
8859,2976,56,1,180.06,180.06
8860,2976,77,5,112.25,561.25
8861,2976,49,5,388.97,1944.85
8862,2977,63,5,229.68,1148.4
8863,2977,23,5,272.6,1363
8864,2977,71,3,77.6,232.8
8865,2977,61,3,135.79,407.37
8866,2977,1,1,483.17,483.17
8867,2978,2,1,243.6,243.6
8868,2978,55,1,205.95,205.95
8869,2979,72,2,152.08,304.16
8870,2979,32,3,260.99,782.97
8871,2979,9,4,133.05,532.2
8872,2979,92,5,34.18,170.9
8873,2979,56,2,180.06,360.12
8874,2980,86,3,450.1,1350.3
8875,2980,88,2,275.64,551.28
8876,2980,78,5,279.16,1395.8
8877,2980,12,1,235.36,235.36
8878,2980,42,1,10.28,10.28
8879,2981,39,3,461.01,1383.03
8880,2981,100,5,38.05,190.25
8881,2981,23,1,272.6,272.6
8882,2981,41,3,314.73,944.19
8883,2981,75,5,33.9,169.5
8884,2982,70,1,303.87,303.87
8885,2982,85,3,448.65,1345.95
8886,2982,28,3,87.71,263.13
8887,2982,91,5,196.31,981.55
8888,2982,29,1,122.88,122.88
8889,2983,36,4,74.4,297.6
8890,2984,18,5,423.15,2115.75
8891,2984,58,2,433.93,867.86
8892,2985,26,1,313.45,313.45
8893,2985,12,4,235.36,941.44
8894,2986,62,2,144.69,289.38
8895,2987,44,4,71.57,286.28
8896,2987,14,2,472.64,945.28
8897,2987,26,4,313.45,1253.8
8898,2987,78,2,279.16,558.32
8899,2988,73,2,487.67,975.34
8900,2988,35,1,18.87,18.87
8901,2988,51,5,101.56,507.8
8902,2988,49,4,388.97,1555.88
8903,2989,80,3,165.82,497.46
8904,2989,8,1,30.66,30.66
8905,2990,94,5,41.72,208.6
8906,2991,68,5,100.19,500.95
8907,2992,59,5,330.91,1654.55
8908,2992,17,3,480.38,1441.14
8909,2993,17,5,480.38,2401.9
8910,2993,95,1,442.92,442.92
8911,2993,34,3,59.14,177.42
8912,2994,37,1,463.79,463.79
8913,2994,73,5,487.67,2438.35
8914,2994,80,2,165.82,331.64
8915,2995,84,5,397.33,1986.65
8916,2995,63,2,229.68,459.36
8917,2995,16,5,465.73,2328.65
8918,2995,15,3,371.75,1115.25
8919,2996,64,5,325.29,1626.45
8920,2997,51,5,101.56,507.8
8921,2998,89,3,63.06,189.18
8922,2999,78,1,279.16,279.16
8923,2999,67,4,146.48,585.92
8924,3000,34,3,59.14,177.42
8925,3000,74,5,325.4,1627
8926,3000,17,2,480.38,960.76
8927,3001,47,2,218.62,437.24
8928,3001,39,3,461.01,1383.03
8929,3002,78,2,279.16,558.32
8930,3002,24,4,217.84,871.36
8931,3002,6,3,121.04,363.12
8932,3003,30,5,70.69,353.45
8933,3003,75,1,33.9,33.9
8934,3003,89,2,63.06,126.12
8935,3004,1,5,483.17,2415.85
8936,3004,92,4,34.18,136.72
8937,3004,42,2,10.28,20.56
8938,3004,42,2,10.28,20.56
8939,3004,15,5,371.75,1858.75
8940,3005,36,3,74.4,223.2
8941,3005,21,5,488.47,2442.35
8942,3005,100,3,38.05,114.15
8943,3005,11,1,147.32,147.32
8944,3005,35,3,18.87,56.61
8945,3006,61,2,135.79,271.58
8946,3006,17,2,480.38,960.76
8947,3006,65,2,72.5,145
8948,3006,42,2,10.28,20.56
8949,3007,11,4,147.32,589.28
8950,3008,48,1,391.48,391.48
8951,3008,54,5,375.27,1876.35
8952,3008,25,1,144.29,144.29
8953,3008,26,3,313.45,940.35
8954,3008,51,5,101.56,507.8
8955,3009,97,2,425.33,850.66
8956,3009,97,2,425.33,850.66
8957,3009,30,2,70.69,141.38
8958,3010,10,3,402.34,1207.02
8959,3010,51,5,101.56,507.8
8960,3011,60,3,358.88,1076.64
8961,3011,68,5,100.19,500.95
8962,3011,63,2,229.68,459.36
8963,3012,7,5,402.41,2012.05
8964,3012,84,2,397.33,794.66
8965,3012,22,5,202.6,1013
8966,3012,60,4,358.88,1435.52
8967,3012,50,5,360.67,1803.35
8968,3013,68,2,100.19,200.38
8969,3013,4,5,117.56,587.8
8970,3013,97,2,425.33,850.66
8971,3013,30,3,70.69,212.07
8972,3013,34,3,59.14,177.42
8973,3014,47,2,218.62,437.24
8974,3015,12,2,235.36,470.72
8975,3016,7,4,402.41,1609.64
8976,3016,10,3,402.34,1207.02
8977,3016,43,2,250.15,500.3
8978,3016,6,5,121.04,605.2
8979,3016,97,5,425.33,2126.65
8980,3017,54,3,375.27,1125.81
8981,3018,52,5,403.26,2016.3
8982,3018,59,1,330.91,330.91
8983,3018,5,3,142.14,426.42
8984,3018,14,5,472.64,2363.2
8985,3018,99,2,107.85,215.7
8986,3019,38,2,11.87,23.74
8987,3019,76,1,273.1,273.1
8988,3019,55,5,205.95,1029.75
8989,3019,41,2,314.73,629.46
8990,3019,74,4,325.4,1301.6
8991,3020,17,3,480.38,1441.14
8992,3020,99,5,107.85,539.25
8993,3020,28,4,87.71,350.84
8994,3020,52,1,403.26,403.26
8995,3020,64,2,325.29,650.58
8996,3021,80,3,165.82,497.46
8997,3021,46,4,446.64,1786.56
8998,3022,81,3,499.89,1499.67
8999,3022,54,1,375.27,375.27
9000,3022,60,3,358.88,1076.64
9001,3023,8,4,30.66,122.64
9002,3023,74,3,325.4,976.2
9003,3023,26,1,313.45,313.45
9004,3024,39,5,461.01,2305.05
9005,3024,17,2,480.38,960.76
9006,3024,70,4,303.87,1215.48
9007,3025,92,5,34.18,170.9
9008,3025,8,4,30.66,122.64
9009,3025,51,2,101.56,203.12
9010,3025,41,3,314.73,944.19
9011,3025,36,1,74.4,74.4
9012,3026,27,2,345.01,690.02
9013,3026,26,5,313.45,1567.25
9014,3026,72,4,152.08,608.32
9015,3026,5,5,142.14,710.7
9016,3027,11,3,147.32,441.96
9017,3027,54,2,375.27,750.54
9018,3027,98,3,140.33,420.99
9019,3027,7,1,402.41,402.41
9020,3028,2,5,243.6,1218
9021,3029,2,4,243.6,974.4
9022,3029,76,5,273.1,1365.5
9023,3029,64,1,325.29,325.29
9024,3029,15,2,371.75,743.5
9025,3030,49,1,388.97,388.97
9026,3031,80,3,165.82,497.46
9027,3031,28,5,87.71,438.55
9028,3031,12,5,235.36,1176.8
9029,3032,65,5,72.5,362.5
9030,3033,41,1,314.73,314.73
9031,3034,100,5,38.05,190.25
9032,3034,72,1,152.08,152.08
9033,3034,5,5,142.14,710.7
9034,3034,85,2,448.65,897.3
9035,3034,98,1,140.33,140.33
9036,3035,33,5,329.42,1647.1
9037,3035,56,1,180.06,180.06
9038,3035,99,3,107.85,323.55
9039,3036,73,5,487.67,2438.35
9040,3037,68,3,100.19,300.57
9041,3037,2,5,243.6,1218
9042,3038,100,4,38.05,152.2
9043,3039,35,3,18.87,56.61
9044,3039,57,1,55.2,55.2
9045,3039,84,3,397.33,1191.99
9046,3040,11,4,147.32,589.28
9047,3040,63,2,229.68,459.36
9048,3041,42,3,10.28,30.84
9049,3041,40,2,144.16,288.32
9050,3041,77,4,112.25,449
9051,3042,30,1,70.69,70.69
9052,3043,62,3,144.69,434.07
9053,3043,76,5,273.1,1365.5
9054,3043,29,4,122.88,491.52
9055,3043,25,2,144.29,288.58
9056,3043,95,1,442.92,442.92
9057,3044,64,5,325.29,1626.45
9058,3044,35,5,18.87,94.35
9059,3045,33,4,329.42,1317.68
9060,3045,4,1,117.56,117.56
9061,3046,85,5,448.65,2243.25
9062,3046,6,4,121.04,484.16
9063,3046,18,4,423.15,1692.6
9064,3046,40,5,144.16,720.8
9065,3046,93,1,266.65,266.65
9066,3047,57,2,55.2,110.4
9067,3047,39,5,461.01,2305.05
9068,3047,32,2,260.99,521.98
9069,3048,15,3,371.75,1115.25
9070,3049,47,2,218.62,437.24
9071,3049,70,5,303.87,1519.35
9072,3050,9,1,133.05,133.05
9073,3050,53,1,120.42,120.42
9074,3050,64,2,325.29,650.58
9075,3050,46,1,446.64,446.64
9076,3051,57,2,55.2,110.4
9077,3051,28,4,87.71,350.84
9078,3051,32,5,260.99,1304.95
9079,3051,74,1,325.4,325.4
9080,3052,86,5,450.1,2250.5
9081,3053,52,5,403.26,2016.3
9082,3053,22,4,202.6,810.4
9083,3053,78,1,279.16,279.16
9084,3053,66,5,384.26,1921.3
9085,3054,65,4,72.5,290
9086,3054,78,5,279.16,1395.8
9087,3054,85,1,448.65,448.65
9088,3054,99,3,107.85,323.55
9089,3054,40,2,144.16,288.32
9090,3055,32,4,260.99,1043.96
9091,3056,97,1,425.33,425.33
9092,3056,39,4,461.01,1844.04
9093,3056,41,3,314.73,944.19
9094,3057,18,2,423.15,846.3
9095,3057,28,3,87.71,263.13
9096,3058,44,2,71.57,143.14
9097,3058,17,3,480.38,1441.14
9098,3058,74,2,325.4,650.8
9099,3059,16,3,465.73,1397.19
9100,3059,27,2,345.01,690.02
9101,3059,49,5,388.97,1944.85
9102,3059,71,3,77.6,232.8
9103,3060,84,4,397.33,1589.32
9104,3060,66,1,384.26,384.26
9105,3060,53,4,120.42,481.68
9106,3061,33,3,329.42,988.26
9107,3061,20,3,181.13,543.39
9108,3062,45,1,444.26,444.26
9109,3062,49,2,388.97,777.94
9110,3062,89,2,63.06,126.12
9111,3062,96,2,130.71,261.42
9112,3062,40,4,144.16,576.64
9113,3063,32,5,260.99,1304.95
9114,3063,3,5,321.8,1609
9115,3063,20,1,181.13,181.13
9116,3064,86,1,450.1,450.1
9117,3064,75,5,33.9,169.5
9118,3065,29,4,122.88,491.52
9119,3065,14,1,472.64,472.64
9120,3066,20,1,181.13,181.13
9121,3066,6,1,121.04,121.04
9122,3066,85,5,448.65,2243.25
9123,3066,87,1,476.96,476.96
9124,3066,76,5,273.1,1365.5
9125,3067,36,3,74.4,223.2
9126,3067,94,3,41.72,125.16
9127,3067,20,4,181.13,724.52
9128,3068,35,2,18.87,37.74
9129,3068,52,2,403.26,806.52
9130,3068,81,2,499.89,999.78
9131,3068,29,3,122.88,368.64
9132,3069,70,1,303.87,303.87
9133,3069,4,4,117.56,470.24
9134,3069,15,1,371.75,371.75
9135,3069,74,5,325.4,1627
9136,3070,82,4,71.64,286.56
9137,3071,2,1,243.6,243.6
9138,3071,82,4,71.64,286.56
9139,3072,55,3,205.95,617.85
9140,3072,45,4,444.26,1777.04
9141,3072,34,3,59.14,177.42
9142,3072,46,3,446.64,1339.92
9143,3073,7,3,402.41,1207.23
9144,3073,73,1,487.67,487.67
9145,3073,25,3,144.29,432.87
9146,3073,95,1,442.92,442.92
9147,3073,67,2,146.48,292.96
9148,3074,16,2,465.73,931.46
9149,3074,82,4,71.64,286.56
9150,3074,23,1,272.6,272.6
9151,3074,88,5,275.64,1378.2
9152,3074,62,3,144.69,434.07
9153,3075,17,5,480.38,2401.9
9154,3076,55,3,205.95,617.85
9155,3076,65,4,72.5,290
9156,3076,30,1,70.69,70.69
9157,3077,70,3,303.87,911.61
9158,3078,21,4,488.47,1953.88
9159,3078,93,1,266.65,266.65
9160,3078,86,4,450.1,1800.4
9161,3078,34,3,59.14,177.42
9162,3079,84,3,397.33,1191.99
9163,3079,69,4,414.94,1659.76
9164,3079,62,5,144.69,723.45
9165,3080,75,2,33.9,67.8
9166,3080,100,2,38.05,76.1
9167,3080,33,2,329.42,658.84
9168,3080,71,2,77.6,155.2
9169,3081,53,5,120.42,602.1
9170,3082,61,2,135.79,271.58
9171,3082,9,1,133.05,133.05
9172,3083,36,1,74.4,74.4
9173,3083,39,5,461.01,2305.05
9174,3083,78,1,279.16,279.16
9175,3083,85,5,448.65,2243.25
9176,3083,61,3,135.79,407.37
9177,3084,77,3,112.25,336.75
9178,3084,20,1,181.13,181.13
9179,3084,38,5,11.87,59.35
9180,3085,99,5,107.85,539.25
9181,3085,23,2,272.6,545.2
9182,3085,49,5,388.97,1944.85
9183,3086,91,4,196.31,785.24
9184,3087,24,1,217.84,217.84
9185,3087,18,3,423.15,1269.45
9186,3087,5,1,142.14,142.14
9187,3087,74,2,325.4,650.8
9188,3088,98,2,140.33,280.66
9189,3088,70,2,303.87,607.74
9190,3088,24,4,217.84,871.36
9191,3088,74,4,325.4,1301.6
9192,3089,55,2,205.95,411.9
9193,3089,63,1,229.68,229.68
9194,3089,42,2,10.28,20.56
9195,3089,91,4,196.31,785.24
9196,3090,24,1,217.84,217.84
9197,3090,23,5,272.6,1363
9198,3090,21,2,488.47,976.94
9199,3090,27,4,345.01,1380.04
9200,3090,82,1,71.64,71.64
9201,3091,31,5,214.73,1073.65
9202,3091,28,3,87.71,263.13
9203,3091,25,1,144.29,144.29
9204,3091,72,5,152.08,760.4
9205,3092,71,1,77.6,77.6
9206,3092,83,3,130.62,391.86
9207,3092,73,2,487.67,975.34
9208,3093,16,2,465.73,931.46
9209,3093,42,1,10.28,10.28
9210,3093,91,3,196.31,588.93
9211,3093,27,3,345.01,1035.03
9212,3093,99,4,107.85,431.4
9213,3094,4,1,117.56,117.56
9214,3095,94,4,41.72,166.88
9215,3095,46,5,446.64,2233.2
9216,3095,86,2,450.1,900.2
9217,3095,73,4,487.67,1950.68
9218,3096,27,5,345.01,1725.05
9219,3096,87,1,476.96,476.96
9220,3096,88,5,275.64,1378.2
9221,3097,39,1,461.01,461.01
9222,3097,15,3,371.75,1115.25
9223,3097,12,5,235.36,1176.8
9224,3098,73,1,487.67,487.67
9225,3099,2,2,243.6,487.2
9226,3100,43,2,250.15,500.3
9227,3100,76,5,273.1,1365.5
9228,3101,63,4,229.68,918.72
9229,3101,50,3,360.67,1082.01
9230,3101,6,1,121.04,121.04
9231,3101,4,3,117.56,352.68
9232,3102,2,1,243.6,243.6
9233,3102,35,4,18.87,75.48
9234,3102,8,2,30.66,61.32
9235,3103,69,5,414.94,2074.7
9236,3103,100,3,38.05,114.15
9237,3103,11,3,147.32,441.96
9238,3103,36,2,74.4,148.8
9239,3104,8,3,30.66,91.98
9240,3104,57,1,55.2,55.2
9241,3104,95,1,442.92,442.92
9242,3105,11,5,147.32,736.6
9243,3105,65,1,72.5,72.5
9244,3106,65,2,72.5,145
9245,3106,11,1,147.32,147.32
9246,3107,17,4,480.38,1921.52
9247,3107,44,4,71.57,286.28
9248,3107,26,1,313.45,313.45
9249,3107,8,5,30.66,153.3
9250,3108,25,1,144.29,144.29
9251,3108,71,5,77.6,388
9252,3108,11,4,147.32,589.28
9253,3109,49,2,388.97,777.94
9254,3110,78,3,279.16,837.48
9255,3110,48,1,391.48,391.48
9256,3110,11,5,147.32,736.6
9257,3110,63,5,229.68,1148.4
9258,3110,71,4,77.6,310.4
9259,3111,26,5,313.45,1567.25
9260,3111,13,5,234.45,1172.25
9261,3112,82,4,71.64,286.56
9262,3113,52,3,403.26,1209.78
9263,3113,89,5,63.06,315.3
9264,3113,60,1,358.88,358.88
9265,3114,90,5,157.77,788.85
9266,3114,48,2,391.48,782.96
9267,3114,12,5,235.36,1176.8
9268,3114,33,2,329.42,658.84
9269,3114,98,5,140.33,701.65
9270,3115,47,3,218.62,655.86
9271,3115,62,2,144.69,289.38
9272,3115,15,5,371.75,1858.75
9273,3115,40,5,144.16,720.8
9274,3115,81,3,499.89,1499.67
9275,3116,39,3,461.01,1383.03
9276,3116,54,5,375.27,1876.35
9277,3116,67,5,146.48,732.4
9278,3117,24,3,217.84,653.52
9279,3117,20,4,181.13,724.52
9280,3117,83,1,130.62,130.62
9281,3117,99,1,107.85,107.85
9282,3118,22,5,202.6,1013
9283,3118,56,1,180.06,180.06
9284,3119,78,5,279.16,1395.8
9285,3119,41,5,314.73,1573.65
9286,3120,68,2,100.19,200.38
9287,3120,26,4,313.45,1253.8
9288,3120,8,2,30.66,61.32
9289,3120,37,4,463.79,1855.16
9290,3121,58,2,433.93,867.86
9291,3121,59,1,330.91,330.91
9292,3121,66,1,384.26,384.26
9293,3122,40,3,144.16,432.48
9294,3122,25,1,144.29,144.29
9295,3122,23,2,272.6,545.2
9296,3122,78,3,279.16,837.48
9297,3122,85,3,448.65,1345.95
9298,3123,65,4,72.5,290
9299,3123,71,4,77.6,310.4
9300,3123,3,5,321.8,1609
9301,3124,65,3,72.5,217.5
9302,3124,33,2,329.42,658.84
9303,3125,56,1,180.06,180.06
9304,3125,49,2,388.97,777.94
9305,3125,41,3,314.73,944.19
9306,3125,96,3,130.71,392.13
9307,3126,55,5,205.95,1029.75
9308,3126,76,3,273.1,819.3
9309,3126,51,1,101.56,101.56
9310,3126,63,2,229.68,459.36
9311,3126,40,4,144.16,576.64
9312,3127,31,2,214.73,429.46
9313,3128,66,3,384.26,1152.78
9314,3129,60,3,358.88,1076.64
9315,3129,44,2,71.57,143.14
9316,3129,10,4,402.34,1609.36
9317,3129,57,1,55.2,55.2
9318,3130,39,4,461.01,1844.04
9319,3130,77,4,112.25,449
9320,3130,64,5,325.29,1626.45
9321,3131,18,2,423.15,846.3
9322,3131,67,2,146.48,292.96
9323,3131,41,5,314.73,1573.65
9324,3132,5,2,142.14,284.28
9325,3132,56,3,180.06,540.18
9326,3132,34,2,59.14,118.28
9327,3132,3,5,321.8,1609
9328,3132,23,3,272.6,817.8
9329,3133,90,2,157.77,315.54
9330,3133,69,5,414.94,2074.7
9331,3133,8,2,30.66,61.32
9332,3134,11,3,147.32,441.96
9333,3134,62,2,144.69,289.38
9334,3134,56,2,180.06,360.12
9335,3134,38,5,11.87,59.35
9336,3135,54,1,375.27,375.27
9337,3135,21,2,488.47,976.94
9338,3135,50,3,360.67,1082.01
9339,3135,90,1,157.77,157.77
9340,3135,38,3,11.87,35.61
9341,3136,23,2,272.6,545.2
9342,3136,32,2,260.99,521.98
9343,3136,32,2,260.99,521.98
9344,3136,27,4,345.01,1380.04
9345,3137,35,5,18.87,94.35
9346,3137,82,4,71.64,286.56
9347,3137,45,2,444.26,888.52
9348,3137,38,2,11.87,23.74
9349,3138,62,2,144.69,289.38
9350,3138,3,3,321.8,965.4
9351,3138,65,5,72.5,362.5
9352,3138,17,4,480.38,1921.52
9353,3139,11,1,147.32,147.32
9354,3139,39,4,461.01,1844.04
9355,3139,46,2,446.64,893.28
9356,3139,89,3,63.06,189.18
9357,3139,48,5,391.48,1957.4
9358,3140,97,2,425.33,850.66
9359,3140,1,5,483.17,2415.85
9360,3141,62,1,144.69,144.69
9361,3141,3,4,321.8,1287.2
9362,3141,94,4,41.72,166.88
9363,3142,2,1,243.6,243.6
9364,3142,87,2,476.96,953.92
9365,3142,89,4,63.06,252.24
9366,3142,8,2,30.66,61.32
9367,3143,43,3,250.15,750.45
9368,3143,61,1,135.79,135.79
9369,3143,72,4,152.08,608.32
9370,3144,31,1,214.73,214.73
9371,3145,16,1,465.73,465.73
9372,3145,31,1,214.73,214.73
9373,3146,86,4,450.1,1800.4
9374,3146,15,1,371.75,371.75
9375,3146,35,1,18.87,18.87
9376,3147,8,5,30.66,153.3
9377,3147,55,3,205.95,617.85
9378,3148,67,3,146.48,439.44
9379,3148,35,4,18.87,75.48
9380,3148,100,1,38.05,38.05
9381,3149,38,3,11.87,35.61
9382,3149,89,4,63.06,252.24
9383,3150,61,4,135.79,543.16
9384,3150,79,1,34.53,34.53
9385,3150,2,4,243.6,974.4
9386,3151,29,3,122.88,368.64
9387,3151,46,1,446.64,446.64
9388,3151,88,1,275.64,275.64
9389,3151,75,5,33.9,169.5
9390,3151,55,1,205.95,205.95
9391,3152,97,5,425.33,2126.65
9392,3153,72,1,152.08,152.08
9393,3153,53,5,120.42,602.1
9394,3153,14,4,472.64,1890.56
9395,3153,7,3,402.41,1207.23
9396,3154,91,5,196.31,981.55
9397,3155,2,1,243.6,243.6
9398,3155,42,3,10.28,30.84
9399,3156,90,3,157.77,473.31
9400,3157,6,5,121.04,605.2
9401,3157,38,5,11.87,59.35
9402,3157,70,2,303.87,607.74
9403,3158,24,3,217.84,653.52
9404,3158,62,5,144.69,723.45
9405,3159,26,2,313.45,626.9
9406,3159,80,5,165.82,829.1
9407,3159,44,3,71.57,214.71
9408,3159,17,4,480.38,1921.52
9409,3159,6,4,121.04,484.16
9410,3160,22,2,202.6,405.2
9411,3161,91,4,196.31,785.24
9412,3161,97,4,425.33,1701.32
9413,3161,93,4,266.65,1066.6
9414,3161,5,5,142.14,710.7
9415,3161,68,4,100.19,400.76
9416,3162,80,5,165.82,829.1
9417,3162,82,2,71.64,143.28
9418,3163,43,1,250.15,250.15
9419,3163,71,2,77.6,155.2
9420,3163,41,5,314.73,1573.65
9421,3163,57,3,55.2,165.6
9422,3164,32,5,260.99,1304.95
9423,3164,19,2,280.77,561.54
9424,3165,41,4,314.73,1258.92
9425,3165,10,2,402.34,804.68
9426,3165,52,5,403.26,2016.3
9427,3165,92,3,34.18,102.54
9428,3165,76,2,273.1,546.2
9429,3166,62,3,144.69,434.07
9430,3167,19,5,280.77,1403.85
9431,3167,38,5,11.87,59.35
9432,3167,16,4,465.73,1862.92
9433,3167,61,3,135.79,407.37
9434,3167,60,4,358.88,1435.52
9435,3168,75,4,33.9,135.6
9436,3168,90,2,157.77,315.54
9437,3168,87,2,476.96,953.92
9438,3168,98,1,140.33,140.33
9439,3168,65,5,72.5,362.5
9440,3169,32,5,260.99,1304.95
9441,3169,95,3,442.92,1328.76
9442,3170,70,3,303.87,911.61
9443,3171,56,4,180.06,720.24
9444,3171,32,3,260.99,782.97
9445,3171,64,1,325.29,325.29
9446,3171,13,5,234.45,1172.25
9447,3172,19,5,280.77,1403.85
9448,3172,24,2,217.84,435.68
9449,3172,72,2,152.08,304.16
9450,3172,27,5,345.01,1725.05
9451,3173,43,5,250.15,1250.75
9452,3173,15,5,371.75,1858.75
9453,3173,91,1,196.31,196.31
9454,3174,54,5,375.27,1876.35
9455,3174,70,2,303.87,607.74
9456,3174,99,2,107.85,215.7
9457,3174,31,4,214.73,858.92
9458,3174,95,3,442.92,1328.76
9459,3175,14,3,472.64,1417.92
9460,3175,2,4,243.6,974.4
9461,3175,6,4,121.04,484.16
9462,3175,98,3,140.33,420.99
9463,3175,13,1,234.45,234.45
9464,3176,53,5,120.42,602.1
9465,3176,98,1,140.33,140.33
9466,3177,84,1,397.33,397.33
9467,3177,31,3,214.73,644.19
9468,3177,39,5,461.01,2305.05
9469,3177,27,2,345.01,690.02
9470,3178,3,3,321.8,965.4
9471,3178,86,4,450.1,1800.4
9472,3179,27,1,345.01,345.01
9473,3179,94,3,41.72,125.16
9474,3179,93,3,266.65,799.95
9475,3180,42,5,10.28,51.4
9476,3180,31,5,214.73,1073.65
9477,3180,34,2,59.14,118.28
9478,3181,14,3,472.64,1417.92
9479,3181,54,4,375.27,1501.08
9480,3181,48,5,391.48,1957.4
9481,3182,76,2,273.1,546.2
9482,3183,33,5,329.42,1647.1
9483,3183,32,4,260.99,1043.96
9484,3183,63,4,229.68,918.72
9485,3183,35,1,18.87,18.87
9486,3184,59,5,330.91,1654.55
9487,3184,9,5,133.05,665.25
9488,3184,89,1,63.06,63.06
9489,3184,83,5,130.62,653.1
9490,3185,84,2,397.33,794.66
9491,3185,30,1,70.69,70.69
9492,3185,18,4,423.15,1692.6
9493,3185,23,2,272.6,545.2
9494,3185,84,3,397.33,1191.99
9495,3186,7,1,402.41,402.41
9496,3186,82,5,71.64,358.2
9497,3186,91,3,196.31,588.93
9498,3186,61,5,135.79,678.95
9499,3186,15,5,371.75,1858.75
9500,3187,11,3,147.32,441.96
9501,3187,15,2,371.75,743.5
9502,3187,94,2,41.72,83.44
9503,3187,56,2,180.06,360.12
9504,3188,18,2,423.15,846.3
9505,3188,54,4,375.27,1501.08
9506,3189,21,2,488.47,976.94
9507,3189,21,5,488.47,2442.35
9508,3189,90,5,157.77,788.85
9509,3190,100,1,38.05,38.05
9510,3190,51,3,101.56,304.68
9511,3190,80,1,165.82,165.82
9512,3190,92,2,34.18,68.36
9513,3191,78,5,279.16,1395.8
9514,3191,83,1,130.62,130.62
9515,3191,61,5,135.79,678.95
9516,3192,67,3,146.48,439.44
9517,3193,77,5,112.25,561.25
9518,3193,13,1,234.45,234.45
9519,3193,72,2,152.08,304.16
9520,3193,56,3,180.06,540.18
9521,3194,74,1,325.4,325.4
9522,3195,2,1,243.6,243.6
9523,3195,87,4,476.96,1907.84
9524,3195,22,3,202.6,607.8
9525,3195,13,2,234.45,468.9
9526,3195,43,2,250.15,500.3
9527,3196,83,2,130.62,261.24
9528,3196,19,5,280.77,1403.85
9529,3197,74,2,325.4,650.8
9530,3197,75,5,33.9,169.5
9531,3198,76,5,273.1,1365.5
9532,3198,39,1,461.01,461.01
9533,3198,73,3,487.67,1463.01
9534,3198,68,1,100.19,100.19
9535,3199,8,4,30.66,122.64
9536,3199,55,1,205.95,205.95
9537,3199,81,2,499.89,999.78
9538,3199,74,1,325.4,325.4
9539,3199,89,5,63.06,315.3
9540,3200,100,3,38.05,114.15
9541,3201,46,4,446.64,1786.56
9542,3202,67,1,146.48,146.48
9543,3202,36,4,74.4,297.6
9544,3203,63,4,229.68,918.72
9545,3203,46,5,446.64,2233.2
9546,3204,32,5,260.99,1304.95
9547,3204,32,2,260.99,521.98
9548,3204,58,2,433.93,867.86
9549,3204,78,1,279.16,279.16
9550,3205,73,2,487.67,975.34
9551,3205,18,2,423.15,846.3
9552,3205,89,2,63.06,126.12
9553,3206,47,1,218.62,218.62
9554,3206,15,4,371.75,1487
9555,3206,74,3,325.4,976.2
9556,3206,36,3,74.4,223.2
9557,3206,8,4,30.66,122.64
9558,3207,9,1,133.05,133.05
9559,3207,33,1,329.42,329.42
9560,3207,22,1,202.6,202.6
9561,3208,19,3,280.77,842.31
9562,3208,52,3,403.26,1209.78
9563,3208,6,1,121.04,121.04
9564,3208,60,4,358.88,1435.52
9565,3209,31,3,214.73,644.19
9566,3209,17,5,480.38,2401.9
9567,3209,81,1,499.89,499.89
9568,3209,53,5,120.42,602.1
9569,3209,17,5,480.38,2401.9
9570,3210,83,3,130.62,391.86
9571,3210,86,2,450.1,900.2
9572,3210,92,1,34.18,34.18
9573,3210,86,5,450.1,2250.5
9574,3211,72,4,152.08,608.32
9575,3211,54,1,375.27,375.27
9576,3211,97,4,425.33,1701.32
9577,3211,54,5,375.27,1876.35
9578,3212,58,1,433.93,433.93
9579,3212,32,3,260.99,782.97
9580,3213,45,5,444.26,2221.3
9581,3213,86,2,450.1,900.2
9582,3213,14,1,472.64,472.64
9583,3214,68,1,100.19,100.19
9584,3214,11,5,147.32,736.6
9585,3215,25,3,144.29,432.87
9586,3216,38,3,11.87,35.61
9587,3216,3,1,321.8,321.8
9588,3216,16,2,465.73,931.46
9589,3216,11,4,147.32,589.28
9590,3217,22,5,202.6,1013
9591,3217,6,1,121.04,121.04
9592,3217,40,5,144.16,720.8
9593,3218,42,3,10.28,30.84
9594,3218,60,5,358.88,1794.4
9595,3218,19,3,280.77,842.31
9596,3218,1,5,483.17,2415.85
9597,3219,29,4,122.88,491.52
9598,3219,53,2,120.42,240.84
9599,3219,97,1,425.33,425.33
9600,3219,92,1,34.18,34.18
9601,3220,50,3,360.67,1082.01
9602,3221,57,3,55.2,165.6
9603,3221,83,1,130.62,130.62
9604,3222,43,5,250.15,1250.75
9605,3222,10,1,402.34,402.34
9606,3223,59,3,330.91,992.73
9607,3223,45,3,444.26,1332.78
9608,3223,87,1,476.96,476.96
9609,3223,1,1,483.17,483.17
9610,3224,36,4,74.4,297.6
9611,3225,67,1,146.48,146.48
9612,3225,35,1,18.87,18.87
9613,3226,2,1,243.6,243.6
9614,3226,82,4,71.64,286.56
9615,3227,85,1,448.65,448.65
9616,3228,69,3,414.94,1244.82
9617,3228,4,4,117.56,470.24
9618,3229,44,4,71.57,286.28
9619,3229,17,2,480.38,960.76
9620,3230,81,4,499.89,1999.56
9621,3230,14,3,472.64,1417.92
9622,3231,88,3,275.64,826.92
9623,3231,17,3,480.38,1441.14
9624,3231,99,1,107.85,107.85
9625,3232,87,5,476.96,2384.8
9626,3233,10,3,402.34,1207.02
9627,3233,66,5,384.26,1921.3
9628,3233,39,3,461.01,1383.03
9629,3234,2,3,243.6,730.8
9630,3235,10,5,402.34,2011.7
9631,3235,75,5,33.9,169.5
9632,3236,21,3,488.47,1465.41
9633,3236,14,3,472.64,1417.92
9634,3236,4,5,117.56,587.8
9635,3237,1,3,483.17,1449.51
9636,3237,26,3,313.45,940.35
9637,3237,56,2,180.06,360.12
9638,3238,44,1,71.57,71.57
9639,3238,28,4,87.71,350.84
9640,3238,46,2,446.64,893.28
9641,3238,21,2,488.47,976.94
9642,3238,8,1,30.66,30.66
9643,3239,83,3,130.62,391.86
9644,3239,37,2,463.79,927.58
9645,3239,13,3,234.45,703.35
9646,3239,67,1,146.48,146.48
9647,3239,25,2,144.29,288.58
9648,3240,9,3,133.05,399.15
9649,3241,8,1,30.66,30.66
9650,3241,7,2,402.41,804.82
9651,3241,57,3,55.2,165.6
9652,3241,20,1,181.13,181.13
9653,3241,75,1,33.9,33.9
9654,3242,67,2,146.48,292.96
9655,3242,24,5,217.84,1089.2
9656,3242,18,4,423.15,1692.6
9657,3242,18,2,423.15,846.3
9658,3242,6,2,121.04,242.08
9659,3243,86,4,450.1,1800.4
9660,3243,95,5,442.92,2214.6
9661,3244,56,5,180.06,900.3
9662,3244,82,5,71.64,358.2
9663,3245,74,1,325.4,325.4
9664,3245,89,2,63.06,126.12
9665,3246,9,3,133.05,399.15
9666,3246,75,1,33.9,33.9
9667,3247,44,2,71.57,143.14
9668,3247,58,4,433.93,1735.72
9669,3248,70,4,303.87,1215.48
9670,3248,49,4,388.97,1555.88
9671,3248,57,1,55.2,55.2
9672,3248,17,3,480.38,1441.14
9673,3248,60,3,358.88,1076.64
9674,3249,48,5,391.48,1957.4
9675,3250,13,5,234.45,1172.25
9676,3250,56,5,180.06,900.3
9677,3250,48,5,391.48,1957.4
9678,3251,76,4,273.1,1092.4
9679,3251,14,4,472.64,1890.56
9680,3252,84,5,397.33,1986.65
9681,3253,63,1,229.68,229.68
9682,3254,53,5,120.42,602.1
9683,3254,73,3,487.67,1463.01
9684,3255,98,2,140.33,280.66
9685,3255,77,1,112.25,112.25
9686,3256,54,3,375.27,1125.81
9687,3256,71,2,77.6,155.2
9688,3257,23,1,272.6,272.6
9689,3257,59,1,330.91,330.91
9690,3258,5,2,142.14,284.28
9691,3258,90,1,157.77,157.77
9692,3259,15,1,371.75,371.75
9693,3259,23,1,272.6,272.6
9694,3259,23,5,272.6,1363
9695,3259,18,3,423.15,1269.45
9696,3259,72,3,152.08,456.24
9697,3260,10,5,402.34,2011.7
9698,3260,48,5,391.48,1957.4
9699,3260,68,3,100.19,300.57
9700,3260,13,3,234.45,703.35
9701,3261,39,1,461.01,461.01
9702,3262,77,5,112.25,561.25
9703,3262,28,3,87.71,263.13
9704,3262,1,2,483.17,966.34
9705,3262,35,4,18.87,75.48
9706,3263,15,3,371.75,1115.25
9707,3263,66,3,384.26,1152.78
9708,3263,23,2,272.6,545.2
9709,3263,30,5,70.69,353.45
9710,3263,7,5,402.41,2012.05
9711,3264,34,2,59.14,118.28
9712,3264,20,3,181.13,543.39
9713,3264,12,5,235.36,1176.8
9714,3265,88,2,275.64,551.28
9715,3265,7,2,402.41,804.82
9716,3265,37,5,463.79,2318.95
9717,3266,15,2,371.75,743.5
9718,3266,36,2,74.4,148.8
9719,3266,68,3,100.19,300.57
9720,3266,62,2,144.69,289.38
9721,3266,8,3,30.66,91.98
9722,3267,96,1,130.71,130.71
9723,3267,21,5,488.47,2442.35
9724,3268,60,4,358.88,1435.52
9725,3268,6,2,121.04,242.08
9726,3268,54,3,375.27,1125.81
9727,3269,19,3,280.77,842.31
9728,3269,94,5,41.72,208.6
9729,3269,5,3,142.14,426.42
9730,3270,21,3,488.47,1465.41
9731,3270,90,1,157.77,157.77
9732,3270,2,2,243.6,487.2
9733,3270,77,1,112.25,112.25
9734,3271,14,4,472.64,1890.56
9735,3271,79,4,34.53,138.12
9736,3271,55,3,205.95,617.85
9737,3272,17,3,480.38,1441.14
9738,3272,87,4,476.96,1907.84
9739,3272,42,5,10.28,51.4
9740,3272,29,1,122.88,122.88
9741,3273,75,5,33.9,169.5
9742,3273,97,3,425.33,1275.99
9743,3274,97,2,425.33,850.66
9744,3274,68,4,100.19,400.76
9745,3275,17,4,480.38,1921.52
9746,3275,31,5,214.73,1073.65
9747,3275,17,3,480.38,1441.14
9748,3275,35,4,18.87,75.48
9749,3275,6,1,121.04,121.04
9750,3276,55,1,205.95,205.95
9751,3276,44,1,71.57,71.57
9752,3277,67,3,146.48,439.44
9753,3277,73,2,487.67,975.34
9754,3277,92,4,34.18,136.72
9755,3277,66,3,384.26,1152.78
9756,3278,26,1,313.45,313.45
9757,3278,40,2,144.16,288.32
9758,3278,70,3,303.87,911.61
9759,3278,94,2,41.72,83.44
9760,3279,97,3,425.33,1275.99
9761,3280,31,1,214.73,214.73
9762,3281,49,2,388.97,777.94
9763,3282,86,4,450.1,1800.4
9764,3282,5,1,142.14,142.14
9765,3283,54,5,375.27,1876.35
9766,3284,12,2,235.36,470.72
9767,3284,48,4,391.48,1565.92
9768,3285,76,5,273.1,1365.5
9769,3285,98,5,140.33,701.65
9770,3285,6,4,121.04,484.16
9771,3285,5,3,142.14,426.42
9772,3286,12,4,235.36,941.44
9773,3286,50,3,360.67,1082.01
9774,3286,43,5,250.15,1250.75
9775,3287,67,3,146.48,439.44
9776,3287,22,5,202.6,1013
9777,3287,29,5,122.88,614.4
9778,3288,29,5,122.88,614.4
9779,3288,12,3,235.36,706.08
9780,3289,96,4,130.71,522.84
9781,3289,4,2,117.56,235.12
9782,3289,36,4,74.4,297.6
9783,3289,18,4,423.15,1692.6
9784,3289,61,4,135.79,543.16
9785,3290,23,5,272.6,1363
9786,3290,95,4,442.92,1771.68
9787,3290,26,5,313.45,1567.25
9788,3290,18,4,423.15,1692.6
9789,3291,23,1,272.6,272.6
9790,3291,67,2,146.48,292.96
9791,3291,66,5,384.26,1921.3
9792,3292,31,4,214.73,858.92
9793,3292,89,2,63.06,126.12
9794,3292,98,3,140.33,420.99
9795,3292,78,2,279.16,558.32
9796,3293,59,3,330.91,992.73
9797,3293,92,1,34.18,34.18
9798,3294,42,1,10.28,10.28
9799,3294,81,5,499.89,2499.45
9800,3294,69,3,414.94,1244.82
9801,3294,90,1,157.77,157.77
9802,3295,39,3,461.01,1383.03
9803,3295,30,1,70.69,70.69
9804,3295,5,2,142.14,284.28
9805,3296,59,3,330.91,992.73
9806,3296,31,1,214.73,214.73
9807,3296,80,5,165.82,829.1
9808,3296,60,5,358.88,1794.4
9809,3296,96,3,130.71,392.13
9810,3297,56,2,180.06,360.12
9811,3297,98,1,140.33,140.33
9812,3297,56,5,180.06,900.3
9813,3297,31,5,214.73,1073.65
9814,3297,35,4,18.87,75.48
9815,3298,61,4,135.79,543.16
9816,3298,33,2,329.42,658.84
9817,3298,50,1,360.67,360.67
9818,3299,2,4,243.6,974.4
9819,3299,88,5,275.64,1378.2
9820,3299,17,1,480.38,480.38
9821,3300,100,4,38.05,152.2
9822,3300,69,1,414.94,414.94
9823,3300,68,5,100.19,500.95
9824,3300,55,3,205.95,617.85
9825,3300,25,2,144.29,288.58
9826,3301,26,4,313.45,1253.8
9827,3301,5,2,142.14,284.28
9828,3302,72,5,152.08,760.4
9829,3302,86,2,450.1,900.2
9830,3302,87,4,476.96,1907.84
9831,3302,13,5,234.45,1172.25
9832,3303,18,5,423.15,2115.75
9833,3304,99,1,107.85,107.85
9834,3304,69,2,414.94,829.88
9835,3304,24,5,217.84,1089.2
9836,3304,1,5,483.17,2415.85
9837,3305,21,3,488.47,1465.41
9838,3305,44,4,71.57,286.28
9839,3305,10,2,402.34,804.68
9840,3305,88,5,275.64,1378.2
9841,3305,34,2,59.14,118.28
9842,3306,71,5,77.6,388
9843,3306,24,3,217.84,653.52
9844,3306,2,5,243.6,1218
9845,3306,25,1,144.29,144.29
9846,3307,22,1,202.6,202.6
9847,3307,3,3,321.8,965.4
9848,3307,28,4,87.71,350.84
9849,3308,38,4,11.87,47.48
9850,3308,86,4,450.1,1800.4
9851,3308,60,2,358.88,717.76
9852,3308,7,5,402.41,2012.05
9853,3308,36,4,74.4,297.6
9854,3309,27,3,345.01,1035.03
9855,3310,62,5,144.69,723.45
9856,3310,67,2,146.48,292.96
9857,3311,3,3,321.8,965.4
9858,3311,81,1,499.89,499.89
9859,3311,45,3,444.26,1332.78
9860,3312,99,2,107.85,215.7
9861,3313,92,3,34.18,102.54
9862,3313,59,1,330.91,330.91
9863,3313,7,5,402.41,2012.05
9864,3314,5,3,142.14,426.42
9865,3314,16,1,465.73,465.73
9866,3314,56,1,180.06,180.06
9867,3314,42,3,10.28,30.84
9868,3315,67,1,146.48,146.48
9869,3315,81,5,499.89,2499.45
9870,3316,22,3,202.6,607.8
9871,3316,80,1,165.82,165.82
9872,3316,49,4,388.97,1555.88
9873,3316,23,4,272.6,1090.4
9874,3316,85,3,448.65,1345.95
9875,3317,95,4,442.92,1771.68
9876,3317,9,4,133.05,532.2
9877,3317,5,3,142.14,426.42
9878,3318,52,3,403.26,1209.78
9879,3318,24,4,217.84,871.36
9880,3318,85,2,448.65,897.3
9881,3318,22,4,202.6,810.4
9882,3319,68,4,100.19,400.76
9883,3319,93,3,266.65,799.95
9884,3319,66,5,384.26,1921.3
9885,3319,36,4,74.4,297.6
9886,3319,52,3,403.26,1209.78
9887,3320,71,5,77.6,388
9888,3320,91,4,196.31,785.24
9889,3320,21,3,488.47,1465.41
9890,3320,40,3,144.16,432.48
9891,3321,18,2,423.15,846.3
9892,3321,18,5,423.15,2115.75
9893,3321,53,1,120.42,120.42
9894,3321,9,1,133.05,133.05
9895,3322,65,4,72.5,290
9896,3322,65,4,72.5,290
9897,3322,49,4,388.97,1555.88
9898,3323,93,5,266.65,1333.25
9899,3323,19,1,280.77,280.77
9900,3323,90,2,157.77,315.54
9901,3324,86,2,450.1,900.2
9902,3324,19,5,280.77,1403.85
9903,3325,98,5,140.33,701.65
9904,3325,34,3,59.14,177.42
9905,3326,74,1,325.4,325.4
9906,3326,6,2,121.04,242.08
9907,3326,3,2,321.8,643.6
9908,3326,19,2,280.77,561.54
9909,3326,13,3,234.45,703.35
9910,3327,77,2,112.25,224.5
9911,3328,98,4,140.33,561.32
9912,3328,60,4,358.88,1435.52
9913,3329,69,2,414.94,829.88
9914,3330,41,2,314.73,629.46
9915,3330,3,5,321.8,1609
9916,3330,77,4,112.25,449
9917,3330,23,3,272.6,817.8
9918,3330,78,4,279.16,1116.64
9919,3331,7,4,402.41,1609.64
9920,3331,67,1,146.48,146.48
9921,3332,74,5,325.4,1627
9922,3332,6,4,121.04,484.16
9923,3332,55,2,205.95,411.9
9924,3333,40,5,144.16,720.8
9925,3333,66,3,384.26,1152.78
9926,3333,15,2,371.75,743.5
9927,3333,66,4,384.26,1537.04
9928,3334,84,1,397.33,397.33
9929,3334,75,3,33.9,101.7
9930,3334,5,3,142.14,426.42
9931,3334,75,5,33.9,169.5
9932,3334,10,2,402.34,804.68
9933,3335,13,5,234.45,1172.25
9934,3336,94,4,41.72,166.88
9935,3337,30,5,70.69,353.45
9936,3337,60,5,358.88,1794.4
9937,3337,21,4,488.47,1953.88
9938,3337,33,5,329.42,1647.1
9939,3337,25,4,144.29,577.16
9940,3338,43,3,250.15,750.45
9941,3338,53,3,120.42,361.26
9942,3338,17,4,480.38,1921.52
9943,3338,40,4,144.16,576.64
9944,3338,22,1,202.6,202.6
9945,3339,26,2,313.45,626.9
9946,3339,43,3,250.15,750.45
9947,3340,11,3,147.32,441.96
9948,3340,32,5,260.99,1304.95
9949,3340,95,2,442.92,885.84
9950,3340,23,4,272.6,1090.4
9951,3341,94,1,41.72,41.72
9952,3341,25,5,144.29,721.45
9953,3341,31,2,214.73,429.46
9954,3341,8,2,30.66,61.32
9955,3341,50,1,360.67,360.67
9956,3342,62,2,144.69,289.38
9957,3342,47,2,218.62,437.24
9958,3343,67,1,146.48,146.48
9959,3343,38,3,11.87,35.61
9960,3343,92,2,34.18,68.36
9961,3344,23,4,272.6,1090.4
9962,3344,81,2,499.89,999.78
9963,3345,60,4,358.88,1435.52
9964,3345,14,3,472.64,1417.92
9965,3346,13,3,234.45,703.35
9966,3346,38,3,11.87,35.61
9967,3346,22,3,202.6,607.8
9968,3347,3,4,321.8,1287.2
9969,3347,55,4,205.95,823.8
9970,3347,17,1,480.38,480.38
9971,3347,2,3,243.6,730.8
9972,3348,16,5,465.73,2328.65
9973,3348,19,1,280.77,280.77
9974,3348,91,1,196.31,196.31
9975,3349,43,2,250.15,500.3
9976,3349,90,2,157.77,315.54
9977,3349,35,5,18.87,94.35
9978,3349,28,5,87.71,438.55
9979,3350,27,5,345.01,1725.05
9980,3350,59,4,330.91,1323.64
9981,3350,82,5,71.64,358.2
9982,3350,62,4,144.69,578.76
9983,3350,10,4,402.34,1609.36
9984,3351,10,5,402.34,2011.7
9985,3352,36,5,74.4,372
9986,3352,34,3,59.14,177.42
9987,3352,15,5,371.75,1858.75
9988,3352,15,4,371.75,1487
9989,3353,100,3,38.05,114.15
9990,3354,34,4,59.14,236.56
9991,3354,40,5,144.16,720.8
9992,3354,28,4,87.71,350.84
9993,3354,94,4,41.72,166.88
9994,3355,12,3,235.36,706.08
9995,3355,74,5,325.4,1627
9996,3356,52,4,403.26,1613.04
9997,3356,99,3,107.85,323.55
9998,3356,7,5,402.41,2012.05
9999,3357,63,2,229.68,459.36
10000,3357,66,5,384.26,1921.3
10001,3358,67,2,146.48,292.96
10002,3359,16,4,465.73,1862.92
10003,3359,71,2,77.6,155.2
10004,3360,70,5,303.87,1519.35
10005,3360,90,4,157.77,631.08
10006,3360,94,2,41.72,83.44
10007,3360,29,3,122.88,368.64
10008,3360,59,5,330.91,1654.55
10009,3361,38,2,11.87,23.74
10010,3361,28,4,87.71,350.84
10011,3361,13,2,234.45,468.9
10012,3361,76,2,273.1,546.2
10013,3362,9,1,133.05,133.05
10014,3363,67,1,146.48,146.48
10015,3363,46,4,446.64,1786.56
10016,3364,45,4,444.26,1777.04
10017,3364,81,1,499.89,499.89
10018,3365,55,1,205.95,205.95
10019,3365,92,4,34.18,136.72
10020,3365,38,2,11.87,23.74
10021,3365,44,1,71.57,71.57
10022,3366,31,4,214.73,858.92
10023,3367,31,2,214.73,429.46
10024,3367,15,2,371.75,743.5
10025,3367,13,5,234.45,1172.25
10026,3367,2,1,243.6,243.6
10027,3368,51,2,101.56,203.12
10028,3368,72,4,152.08,608.32
10029,3369,19,5,280.77,1403.85
10030,3370,43,1,250.15,250.15
10031,3370,44,3,71.57,214.71
10032,3371,51,1,101.56,101.56
10033,3371,7,2,402.41,804.82
10034,3371,55,2,205.95,411.9
10035,3371,47,3,218.62,655.86
10036,3372,75,2,33.9,67.8
10037,3372,35,2,18.87,37.74
10038,3373,36,4,74.4,297.6
10039,3373,4,4,117.56,470.24
10040,3373,16,5,465.73,2328.65
10041,3373,30,5,70.69,353.45
10042,3373,13,1,234.45,234.45
10043,3374,73,5,487.67,2438.35
10044,3374,23,1,272.6,272.6
10045,3374,28,1,87.71,87.71
10046,3374,74,2,325.4,650.8
10047,3375,35,3,18.87,56.61
10048,3376,74,5,325.4,1627
10049,3376,63,3,229.68,689.04
10050,3377,79,2,34.53,69.06
10051,3377,68,1,100.19,100.19
10052,3377,65,1,72.5,72.5
10053,3377,96,3,130.71,392.13
10054,3377,73,5,487.67,2438.35
10055,3378,3,5,321.8,1609
10056,3378,59,5,330.91,1654.55
10057,3378,60,2,358.88,717.76
10058,3379,96,3,130.71,392.13
10059,3380,32,5,260.99,1304.95
10060,3380,26,2,313.45,626.9
10061,3380,16,4,465.73,1862.92
10062,3380,75,1,33.9,33.9
10063,3381,89,3,63.06,189.18
10064,3381,30,4,70.69,282.76
10065,3381,98,1,140.33,140.33
10066,3381,87,4,476.96,1907.84
10067,3381,60,5,358.88,1794.4
10068,3382,12,5,235.36,1176.8
10069,3382,96,4,130.71,522.84
10070,3382,67,2,146.48,292.96
10071,3382,53,5,120.42,602.1
10072,3382,69,4,414.94,1659.76
10073,3383,80,4,165.82,663.28
10074,3383,82,4,71.64,286.56
10075,3383,83,3,130.62,391.86
10076,3383,27,2,345.01,690.02
10077,3383,82,3,71.64,214.92
10078,3384,26,3,313.45,940.35
10079,3384,31,3,214.73,644.19
10080,3384,38,4,11.87,47.48
10081,3385,29,1,122.88,122.88
10082,3386,56,5,180.06,900.3
10083,3386,61,2,135.79,271.58
10084,3387,69,3,414.94,1244.82
10085,3387,88,1,275.64,275.64
10086,3387,20,4,181.13,724.52
10087,3387,8,1,30.66,30.66
10088,3387,80,1,165.82,165.82
10089,3388,70,1,303.87,303.87
10090,3389,88,4,275.64,1102.56
10091,3389,57,4,55.2,220.8
10092,3390,76,2,273.1,546.2
10093,3390,90,1,157.77,157.77
10094,3390,4,5,117.56,587.8
10095,3390,92,4,34.18,136.72
10096,3390,76,1,273.1,273.1
10097,3391,50,5,360.67,1803.35
10098,3391,44,4,71.57,286.28
10099,3392,84,1,397.33,397.33
10100,3392,65,5,72.5,362.5
10101,3392,47,5,218.62,1093.1
10102,3392,87,4,476.96,1907.84
10103,3393,34,2,59.14,118.28
10104,3393,20,4,181.13,724.52
10105,3393,56,5,180.06,900.3
10106,3394,83,4,130.62,522.48
10107,3394,71,4,77.6,310.4
10108,3394,37,2,463.79,927.58
10109,3394,96,3,130.71,392.13
10110,3395,59,3,330.91,992.73
10111,3395,60,3,358.88,1076.64
10112,3395,70,1,303.87,303.87
10113,3395,84,1,397.33,397.33
10114,3395,62,3,144.69,434.07
10115,3396,74,4,325.4,1301.6
10116,3396,59,3,330.91,992.73
10117,3396,84,4,397.33,1589.32
10118,3396,79,2,34.53,69.06
10119,3396,77,5,112.25,561.25
10120,3397,91,1,196.31,196.31
10121,3397,71,4,77.6,310.4
10122,3398,49,1,388.97,388.97
10123,3399,85,3,448.65,1345.95
10124,3399,5,2,142.14,284.28
10125,3399,11,1,147.32,147.32
10126,3399,67,5,146.48,732.4
10127,3399,98,3,140.33,420.99
10128,3400,83,5,130.62,653.1
10129,3400,2,5,243.6,1218
10130,3401,91,4,196.31,785.24
10131,3401,69,5,414.94,2074.7
10132,3401,53,2,120.42,240.84
10133,3402,73,2,487.67,975.34
10134,3402,57,4,55.2,220.8
10135,3402,43,4,250.15,1000.6
10136,3402,75,1,33.9,33.9
10137,3403,29,5,122.88,614.4
10138,3403,91,4,196.31,785.24
10139,3403,45,2,444.26,888.52
10140,3403,63,2,229.68,459.36
10141,3403,32,3,260.99,782.97
10142,3404,55,1,205.95,205.95
10143,3404,74,3,325.4,976.2
10144,3404,6,3,121.04,363.12
10145,3404,29,1,122.88,122.88
10146,3405,88,3,275.64,826.92
10147,3406,77,3,112.25,336.75
10148,3406,78,2,279.16,558.32
10149,3406,45,1,444.26,444.26
10150,3406,94,4,41.72,166.88
10151,3406,19,5,280.77,1403.85
10152,3407,56,5,180.06,900.3
10153,3407,96,2,130.71,261.42
10154,3407,24,1,217.84,217.84
10155,3407,100,1,38.05,38.05
10156,3407,90,4,157.77,631.08
10157,3408,34,2,59.14,118.28
10158,3408,95,2,442.92,885.84
10159,3409,84,3,397.33,1191.99
10160,3410,50,3,360.67,1082.01
10161,3410,24,1,217.84,217.84
10162,3410,54,1,375.27,375.27
10163,3410,19,2,280.77,561.54
10164,3411,67,5,146.48,732.4
10165,3411,23,1,272.6,272.6
10166,3412,80,3,165.82,497.46
10167,3412,31,2,214.73,429.46
10168,3412,17,5,480.38,2401.9
10169,3412,73,3,487.67,1463.01
10170,3412,3,4,321.8,1287.2
10171,3413,21,4,488.47,1953.88
10172,3413,8,4,30.66,122.64
10173,3413,53,3,120.42,361.26
10174,3413,81,4,499.89,1999.56
10175,3413,78,5,279.16,1395.8
10176,3414,50,1,360.67,360.67
10177,3414,78,5,279.16,1395.8
10178,3415,5,4,142.14,568.56
10179,3415,76,4,273.1,1092.4
10180,3415,19,4,280.77,1123.08
10181,3416,93,5,266.65,1333.25
10182,3416,92,1,34.18,34.18
10183,3416,26,4,313.45,1253.8
10184,3416,98,2,140.33,280.66
10185,3417,79,2,34.53,69.06
10186,3417,49,4,388.97,1555.88
10187,3417,46,3,446.64,1339.92
10188,3417,38,1,11.87,11.87
10189,3418,88,2,275.64,551.28
10190,3418,47,5,218.62,1093.1
10191,3418,20,5,181.13,905.65
10192,3418,58,2,433.93,867.86
10193,3418,89,1,63.06,63.06
10194,3419,56,3,180.06,540.18
10195,3419,16,5,465.73,2328.65
10196,3419,57,4,55.2,220.8
10197,3419,53,2,120.42,240.84
10198,3419,32,2,260.99,521.98
10199,3420,38,4,11.87,47.48
10200,3420,74,4,325.4,1301.6
10201,3420,12,2,235.36,470.72
10202,3420,37,4,463.79,1855.16
10203,3420,3,2,321.8,643.6
10204,3421,1,3,483.17,1449.51
10205,3422,34,1,59.14,59.14
10206,3422,44,2,71.57,143.14
10207,3422,83,4,130.62,522.48
10208,3422,83,4,130.62,522.48
10209,3423,79,1,34.53,34.53
10210,3423,47,1,218.62,218.62
10211,3423,51,3,101.56,304.68
10212,3423,75,5,33.9,169.5
10213,3424,23,3,272.6,817.8
10214,3425,52,3,403.26,1209.78
10215,3425,24,3,217.84,653.52
10216,3425,44,2,71.57,143.14
10217,3426,78,3,279.16,837.48
10218,3426,14,3,472.64,1417.92
10219,3426,77,5,112.25,561.25
10220,3426,84,1,397.33,397.33
10221,3427,100,3,38.05,114.15
10222,3427,68,4,100.19,400.76
10223,3427,19,3,280.77,842.31
10224,3428,7,2,402.41,804.82
10225,3428,18,5,423.15,2115.75
10226,3428,78,3,279.16,837.48
10227,3429,75,4,33.9,135.6
10228,3429,12,3,235.36,706.08
10229,3429,24,3,217.84,653.52
10230,3429,85,3,448.65,1345.95
10231,3430,92,5,34.18,170.9
10232,3430,73,4,487.67,1950.68
10233,3430,75,5,33.9,169.5
10234,3430,86,1,450.1,450.1
10235,3430,49,4,388.97,1555.88
10236,3431,88,4,275.64,1102.56
10237,3432,12,3,235.36,706.08
10238,3432,3,1,321.8,321.8
10239,3432,76,1,273.1,273.1
10240,3433,25,1,144.29,144.29
10241,3433,94,3,41.72,125.16
10242,3433,20,4,181.13,724.52
10243,3434,25,2,144.29,288.58
10244,3435,99,5,107.85,539.25
10245,3435,20,2,181.13,362.26
10246,3436,81,3,499.89,1499.67
10247,3437,24,3,217.84,653.52
10248,3437,16,2,465.73,931.46
10249,3438,46,1,446.64,446.64
10250,3438,59,2,330.91,661.82
10251,3438,38,1,11.87,11.87
10252,3439,58,3,433.93,1301.79
10253,3439,30,1,70.69,70.69
10254,3439,40,2,144.16,288.32
10255,3439,18,4,423.15,1692.6
10256,3440,96,5,130.71,653.55
10257,3441,46,3,446.64,1339.92
10258,3442,45,3,444.26,1332.78
10259,3442,86,3,450.1,1350.3
10260,3442,92,2,34.18,68.36
10261,3442,93,5,266.65,1333.25
10262,3443,67,4,146.48,585.92
10263,3443,60,5,358.88,1794.4
10264,3444,53,4,120.42,481.68
10265,3444,49,4,388.97,1555.88
10266,3444,22,1,202.6,202.6
10267,3444,3,2,321.8,643.6
10268,3444,39,2,461.01,922.02
10269,3445,72,3,152.08,456.24
10270,3445,62,4,144.69,578.76
10271,3445,62,4,144.69,578.76
10272,3446,10,4,402.34,1609.36
10273,3446,35,5,18.87,94.35
10274,3447,35,4,18.87,75.48
10275,3447,81,1,499.89,499.89
10276,3447,60,2,358.88,717.76
10277,3447,99,4,107.85,431.4
10278,3447,59,5,330.91,1654.55
10279,3448,84,4,397.33,1589.32
10280,3448,38,1,11.87,11.87
10281,3449,92,1,34.18,34.18
10282,3450,74,5,325.4,1627
10283,3450,99,4,107.85,431.4
10284,3450,19,1,280.77,280.77
10285,3450,58,1,433.93,433.93
10286,3450,86,5,450.1,2250.5
10287,3451,9,5,133.05,665.25
10288,3451,93,4,266.65,1066.6
10289,3451,77,4,112.25,449
10290,3451,35,4,18.87,75.48
10291,3451,4,5,117.56,587.8
10292,3452,57,1,55.2,55.2
10293,3453,60,4,358.88,1435.52
10294,3453,88,5,275.64,1378.2
10295,3454,46,4,446.64,1786.56
10296,3455,18,3,423.15,1269.45
10297,3456,1,5,483.17,2415.85
10298,3456,51,1,101.56,101.56
10299,3456,36,2,74.4,148.8
10300,3457,99,1,107.85,107.85
10301,3457,43,5,250.15,1250.75
10302,3457,43,4,250.15,1000.6
10303,3457,65,2,72.5,145
10304,3457,63,2,229.68,459.36
10305,3458,13,5,234.45,1172.25
10306,3458,68,5,100.19,500.95
10307,3458,76,5,273.1,1365.5
10308,3458,60,4,358.88,1435.52
10309,3459,4,3,117.56,352.68
10310,3459,82,4,71.64,286.56
10311,3460,29,4,122.88,491.52
10312,3460,97,5,425.33,2126.65
10313,3460,11,5,147.32,736.6
10314,3461,53,4,120.42,481.68
10315,3462,4,4,117.56,470.24
10316,3462,74,3,325.4,976.2
10317,3462,85,2,448.65,897.3
10318,3462,88,2,275.64,551.28
10319,3463,84,1,397.33,397.33
10320,3463,61,2,135.79,271.58
10321,3464,82,1,71.64,71.64
10322,3465,81,3,499.89,1499.67
10323,3465,21,5,488.47,2442.35
10324,3465,78,3,279.16,837.48
10325,3466,17,2,480.38,960.76
10326,3466,34,1,59.14,59.14
10327,3467,33,4,329.42,1317.68
10328,3467,12,1,235.36,235.36
10329,3467,13,4,234.45,937.8
10330,3467,33,4,329.42,1317.68
10331,3467,89,2,63.06,126.12
10332,3468,38,1,11.87,11.87
10333,3468,54,3,375.27,1125.81
10334,3468,29,4,122.88,491.52
10335,3468,57,3,55.2,165.6
10336,3468,75,4,33.9,135.6
10337,3469,32,3,260.99,782.97
10338,3470,67,3,146.48,439.44
10339,3470,82,4,71.64,286.56
10340,3470,25,4,144.29,577.16
10341,3471,2,4,243.6,974.4
10342,3472,41,2,314.73,629.46
10343,3473,13,4,234.45,937.8
10344,3473,32,5,260.99,1304.95
10345,3474,57,2,55.2,110.4
10346,3474,5,5,142.14,710.7
10347,3474,59,1,330.91,330.91
10348,3475,17,4,480.38,1921.52
10349,3475,1,2,483.17,966.34
10350,3475,13,1,234.45,234.45
10351,3475,84,4,397.33,1589.32
10352,3475,84,4,397.33,1589.32
10353,3476,82,5,71.64,358.2
10354,3476,56,4,180.06,720.24
10355,3477,24,1,217.84,217.84
10356,3478,24,3,217.84,653.52
10357,3478,60,2,358.88,717.76
10358,3479,5,5,142.14,710.7
10359,3479,19,2,280.77,561.54
10360,3479,90,3,157.77,473.31
10361,3479,14,2,472.64,945.28
10362,3480,71,2,77.6,155.2
10363,3480,1,2,483.17,966.34
10364,3481,19,3,280.77,842.31
10365,3481,38,4,11.87,47.48
10366,3481,60,3,358.88,1076.64
10367,3481,92,5,34.18,170.9
10368,3481,17,3,480.38,1441.14
10369,3482,53,1,120.42,120.42
10370,3482,96,5,130.71,653.55
10371,3482,100,5,38.05,190.25
10372,3482,96,5,130.71,653.55
10373,3483,57,1,55.2,55.2
10374,3483,47,5,218.62,1093.1
10375,3483,82,2,71.64,143.28
10376,3483,15,1,371.75,371.75
10377,3484,62,1,144.69,144.69
10378,3484,32,3,260.99,782.97
10379,3485,85,3,448.65,1345.95
10380,3485,77,2,112.25,224.5
10381,3486,92,4,34.18,136.72
10382,3486,78,2,279.16,558.32
10383,3487,40,3,144.16,432.48
10384,3487,58,2,433.93,867.86
10385,3488,40,4,144.16,576.64
10386,3489,47,1,218.62,218.62
10387,3490,40,5,144.16,720.8
10388,3490,6,4,121.04,484.16
10389,3490,48,4,391.48,1565.92
10390,3491,21,5,488.47,2442.35
10391,3491,68,2,100.19,200.38
10392,3491,76,1,273.1,273.1
10393,3491,18,1,423.15,423.15
10394,3491,28,4,87.71,350.84
10395,3492,16,3,465.73,1397.19
10396,3493,51,2,101.56,203.12
10397,3494,95,3,442.92,1328.76
10398,3494,83,3,130.62,391.86
10399,3494,68,3,100.19,300.57
10400,3494,45,5,444.26,2221.3
10401,3494,44,2,71.57,143.14
10402,3495,70,5,303.87,1519.35
10403,3495,88,4,275.64,1102.56
10404,3495,75,1,33.9,33.9
10405,3495,53,1,120.42,120.42
10406,3496,70,4,303.87,1215.48
10407,3496,69,3,414.94,1244.82
10408,3496,70,5,303.87,1519.35
10409,3496,95,1,442.92,442.92
10410,3496,63,2,229.68,459.36
10411,3497,40,2,144.16,288.32
10412,3497,27,1,345.01,345.01
10413,3497,97,1,425.33,425.33
10414,3498,99,2,107.85,215.7
10415,3498,86,1,450.1,450.1
10416,3499,74,4,325.4,1301.6
10417,3499,38,5,11.87,59.35
10418,3499,36,5,74.4,372
10419,3499,60,4,358.88,1435.52
10420,3499,39,3,461.01,1383.03
10421,3500,6,2,121.04,242.08
10422,3500,6,3,121.04,363.12
10423,3500,39,1,461.01,461.01
10424,3501,67,5,146.48,732.4
10425,3501,34,2,59.14,118.28
10426,3501,50,1,360.67,360.67
10427,3502,70,1,303.87,303.87
10428,3502,3,2,321.8,643.6
10429,3502,27,1,345.01,345.01
10430,3503,29,1,122.88,122.88
10431,3504,52,1,403.26,403.26
10432,3504,21,4,488.47,1953.88
10433,3504,4,2,117.56,235.12
10434,3504,89,1,63.06,63.06
10435,3505,53,3,120.42,361.26
10436,3505,37,1,463.79,463.79
10437,3505,22,3,202.6,607.8
10438,3506,6,4,121.04,484.16
10439,3506,82,2,71.64,143.28
10440,3506,99,1,107.85,107.85
10441,3506,18,3,423.15,1269.45
10442,3506,77,4,112.25,449
10443,3507,49,3,388.97,1166.91
10444,3507,64,2,325.29,650.58
10445,3507,60,2,358.88,717.76
10446,3507,20,3,181.13,543.39
10447,3507,100,5,38.05,190.25
10448,3508,87,3,476.96,1430.88
10449,3508,43,3,250.15,750.45
10450,3509,57,4,55.2,220.8
10451,3509,53,1,120.42,120.42
10452,3509,44,1,71.57,71.57
10453,3509,54,4,375.27,1501.08
10454,3509,1,1,483.17,483.17
10455,3510,90,1,157.77,157.77
10456,3510,16,2,465.73,931.46
10457,3510,67,4,146.48,585.92
10458,3511,12,2,235.36,470.72
10459,3511,31,1,214.73,214.73
10460,3511,35,1,18.87,18.87
10461,3511,50,1,360.67,360.67
10462,3512,42,1,10.28,10.28
10463,3512,27,1,345.01,345.01
10464,3512,28,3,87.71,263.13
10465,3513,74,5,325.4,1627
10466,3514,37,2,463.79,927.58
10467,3514,59,1,330.91,330.91
10468,3514,6,2,121.04,242.08
10469,3514,94,1,41.72,41.72
10470,3515,56,1,180.06,180.06
10471,3515,50,5,360.67,1803.35
10472,3516,49,2,388.97,777.94
10473,3517,33,2,329.42,658.84
10474,3517,37,2,463.79,927.58
10475,3517,73,3,487.67,1463.01
10476,3517,91,1,196.31,196.31
10477,3518,47,3,218.62,655.86
10478,3518,83,2,130.62,261.24
10479,3518,85,2,448.65,897.3
10480,3518,49,5,388.97,1944.85
10481,3519,11,2,147.32,294.64
10482,3519,58,1,433.93,433.93
10483,3520,83,1,130.62,130.62
10484,3520,95,5,442.92,2214.6
10485,3520,99,1,107.85,107.85
10486,3521,95,1,442.92,442.92
10487,3521,22,2,202.6,405.2
10488,3521,85,4,448.65,1794.6
10489,3521,54,4,375.27,1501.08
10490,3521,20,3,181.13,543.39
10491,3522,67,3,146.48,439.44
10492,3522,61,1,135.79,135.79
10493,3522,51,1,101.56,101.56
10494,3522,47,4,218.62,874.48
10495,3523,19,5,280.77,1403.85
10496,3523,67,1,146.48,146.48
10497,3523,65,5,72.5,362.5
10498,3523,81,2,499.89,999.78
10499,3523,68,4,100.19,400.76
10500,3524,26,5,313.45,1567.25
10501,3524,88,3,275.64,826.92
10502,3524,82,3,71.64,214.92
10503,3524,63,3,229.68,689.04
10504,3525,20,2,181.13,362.26
10505,3526,53,5,120.42,602.1
10506,3526,23,4,272.6,1090.4
10507,3526,68,1,100.19,100.19
10508,3527,88,3,275.64,826.92
10509,3527,2,4,243.6,974.4
10510,3527,32,5,260.99,1304.95
10511,3527,50,3,360.67,1082.01
10512,3527,69,2,414.94,829.88
10513,3528,20,2,181.13,362.26
10514,3528,94,4,41.72,166.88
10515,3528,78,2,279.16,558.32
10516,3529,29,1,122.88,122.88
10517,3530,15,5,371.75,1858.75
10518,3531,93,5,266.65,1333.25
10519,3532,65,2,72.5,145
10520,3532,16,5,465.73,2328.65
10521,3532,2,5,243.6,1218
10522,3532,31,2,214.73,429.46
10523,3532,36,1,74.4,74.4
10524,3533,11,2,147.32,294.64
10525,3533,30,3,70.69,212.07
10526,3534,32,1,260.99,260.99
10527,3535,70,5,303.87,1519.35
10528,3535,14,2,472.64,945.28
10529,3535,16,1,465.73,465.73
10530,3536,67,3,146.48,439.44
10531,3536,77,3,112.25,336.75
10532,3536,22,5,202.6,1013
10533,3536,12,3,235.36,706.08
10534,3537,28,2,87.71,175.42
10535,3537,32,4,260.99,1043.96
10536,3538,64,5,325.29,1626.45
10537,3538,10,5,402.34,2011.7
10538,3538,36,3,74.4,223.2
10539,3538,14,2,472.64,945.28
10540,3538,29,5,122.88,614.4
10541,3539,30,3,70.69,212.07
10542,3539,53,3,120.42,361.26
10543,3540,34,5,59.14,295.7
10544,3540,92,2,34.18,68.36
10545,3540,75,4,33.9,135.6
10546,3541,89,4,63.06,252.24
10547,3542,89,4,63.06,252.24
10548,3543,78,4,279.16,1116.64
10549,3543,23,1,272.6,272.6
10550,3543,77,2,112.25,224.5
10551,3544,88,4,275.64,1102.56
10552,3544,95,2,442.92,885.84
10553,3545,27,5,345.01,1725.05
10554,3545,76,2,273.1,546.2
10555,3545,5,1,142.14,142.14
10556,3545,23,3,272.6,817.8
10557,3545,71,2,77.6,155.2
10558,3546,80,5,165.82,829.1
10559,3546,49,2,388.97,777.94
10560,3546,78,1,279.16,279.16
10561,3546,62,4,144.69,578.76
10562,3546,17,5,480.38,2401.9
10563,3547,67,1,146.48,146.48
10564,3548,2,4,243.6,974.4
10565,3548,63,4,229.68,918.72
10566,3549,80,1,165.82,165.82
10567,3549,85,1,448.65,448.65
10568,3550,56,5,180.06,900.3
10569,3551,60,3,358.88,1076.64
10570,3551,20,1,181.13,181.13
10571,3551,98,5,140.33,701.65
10572,3551,42,5,10.28,51.4
10573,3551,85,4,448.65,1794.6
10574,3552,55,2,205.95,411.9
10575,3552,55,5,205.95,1029.75
10576,3552,59,2,330.91,661.82
10577,3552,60,4,358.88,1435.52
10578,3553,17,2,480.38,960.76
10579,3553,6,2,121.04,242.08
10580,3554,57,3,55.2,165.6
10581,3554,5,3,142.14,426.42
10582,3555,59,4,330.91,1323.64
10583,3555,77,2,112.25,224.5
10584,3556,57,5,55.2,276
10585,3556,89,4,63.06,252.24
10586,3556,58,4,433.93,1735.72
10587,3557,8,3,30.66,91.98
10588,3557,58,3,433.93,1301.79
10589,3558,53,2,120.42,240.84
10590,3559,98,4,140.33,561.32
10591,3559,70,3,303.87,911.61
10592,3560,46,3,446.64,1339.92
10593,3560,100,5,38.05,190.25
10594,3560,57,1,55.2,55.2
10595,3560,47,1,218.62,218.62
10596,3561,34,4,59.14,236.56
10597,3561,77,5,112.25,561.25
10598,3562,17,1,480.38,480.38
10599,3562,93,5,266.65,1333.25
10600,3562,2,4,243.6,974.4
10601,3563,82,3,71.64,214.92
10602,3563,42,5,10.28,51.4
10603,3563,43,5,250.15,1250.75
10604,3564,28,1,87.71,87.71
10605,3564,86,4,450.1,1800.4
10606,3565,5,1,142.14,142.14
10607,3565,62,2,144.69,289.38
10608,3565,95,3,442.92,1328.76
10609,3565,94,4,41.72,166.88
10610,3565,44,1,71.57,71.57
10611,3566,57,5,55.2,276
10612,3566,38,5,11.87,59.35
10613,3566,58,5,433.93,2169.65
10614,3566,56,5,180.06,900.3
10615,3567,7,2,402.41,804.82
10616,3567,89,1,63.06,63.06
10617,3567,94,3,41.72,125.16
10618,3567,64,4,325.29,1301.16
10619,3568,34,3,59.14,177.42
10620,3568,59,2,330.91,661.82
10621,3569,51,3,101.56,304.68
10622,3569,58,4,433.93,1735.72
10623,3569,24,3,217.84,653.52
10624,3570,84,4,397.33,1589.32
10625,3571,33,1,329.42,329.42
10626,3571,89,1,63.06,63.06
10627,3571,60,5,358.88,1794.4
10628,3571,92,4,34.18,136.72
10629,3571,83,5,130.62,653.1
10630,3572,18,1,423.15,423.15
10631,3572,64,2,325.29,650.58
10632,3572,95,1,442.92,442.92
10633,3572,62,2,144.69,289.38
10634,3572,84,3,397.33,1191.99
10635,3573,34,2,59.14,118.28
10636,3573,19,5,280.77,1403.85
10637,3573,52,3,403.26,1209.78
10638,3573,19,4,280.77,1123.08
10639,3573,74,1,325.4,325.4
10640,3574,62,3,144.69,434.07
10641,3574,63,3,229.68,689.04
10642,3574,59,5,330.91,1654.55
10643,3574,80,1,165.82,165.82
10644,3574,73,1,487.67,487.67
10645,3575,81,4,499.89,1999.56
10646,3575,74,5,325.4,1627
10647,3576,60,1,358.88,358.88
10648,3576,6,4,121.04,484.16
10649,3577,90,3,157.77,473.31
10650,3577,35,3,18.87,56.61
10651,3578,10,3,402.34,1207.02
10652,3578,94,1,41.72,41.72
10653,3578,16,5,465.73,2328.65
10654,3578,48,4,391.48,1565.92
10655,3579,10,2,402.34,804.68
10656,3579,18,2,423.15,846.3
10657,3579,54,3,375.27,1125.81
10658,3580,94,4,41.72,166.88
10659,3581,75,3,33.9,101.7
10660,3581,13,2,234.45,468.9
10661,3581,32,4,260.99,1043.96
10662,3582,37,1,463.79,463.79
10663,3582,83,3,130.62,391.86
10664,3582,14,3,472.64,1417.92
10665,3583,41,3,314.73,944.19
10666,3583,94,3,41.72,125.16
10667,3583,15,2,371.75,743.5
10668,3583,10,2,402.34,804.68
10669,3584,68,5,100.19,500.95
10670,3585,72,1,152.08,152.08
10671,3585,97,3,425.33,1275.99
10672,3585,80,3,165.82,497.46
10673,3585,35,3,18.87,56.61
10674,3586,81,5,499.89,2499.45
10675,3586,88,1,275.64,275.64
10676,3586,24,4,217.84,871.36
10677,3586,54,4,375.27,1501.08
10678,3587,16,5,465.73,2328.65
10679,3587,74,1,325.4,325.4
10680,3588,80,4,165.82,663.28
10681,3589,55,4,205.95,823.8
10682,3589,54,4,375.27,1501.08
10683,3590,80,4,165.82,663.28
10684,3590,11,1,147.32,147.32
10685,3590,53,4,120.42,481.68
10686,3590,17,4,480.38,1921.52
10687,3590,78,3,279.16,837.48
10688,3591,21,5,488.47,2442.35
10689,3591,10,1,402.34,402.34
10690,3591,79,1,34.53,34.53
10691,3591,83,4,130.62,522.48
10692,3592,76,1,273.1,273.1
10693,3593,6,3,121.04,363.12
10694,3593,86,1,450.1,450.1
10695,3594,81,3,499.89,1499.67
10696,3595,25,4,144.29,577.16
10697,3596,49,4,388.97,1555.88
10698,3596,30,1,70.69,70.69
10699,3596,88,2,275.64,551.28
10700,3596,94,3,41.72,125.16
10701,3597,91,1,196.31,196.31
10702,3597,95,5,442.92,2214.6
10703,3597,20,2,181.13,362.26
10704,3597,84,1,397.33,397.33
10705,3597,5,5,142.14,710.7
10706,3598,32,1,260.99,260.99
10707,3598,5,3,142.14,426.42
10708,3598,85,4,448.65,1794.6
10709,3598,45,5,444.26,2221.3
10710,3598,81,5,499.89,2499.45
10711,3599,73,5,487.67,2438.35
10712,3600,8,5,30.66,153.3
10713,3601,40,5,144.16,720.8
10714,3601,21,3,488.47,1465.41
10715,3601,85,3,448.65,1345.95
10716,3602,26,3,313.45,940.35
10717,3602,53,2,120.42,240.84
10718,3602,86,3,450.1,1350.3
10719,3603,61,5,135.79,678.95
10720,3603,2,2,243.6,487.2
10721,3603,32,1,260.99,260.99
10722,3603,24,3,217.84,653.52
10723,3604,78,3,279.16,837.48
10724,3604,76,2,273.1,546.2
10725,3604,75,3,33.9,101.7
10726,3605,41,5,314.73,1573.65
10727,3605,41,2,314.73,629.46
10728,3605,48,2,391.48,782.96
10729,3605,32,5,260.99,1304.95
10730,3606,94,3,41.72,125.16
10731,3606,17,5,480.38,2401.9
10732,3606,35,4,18.87,75.48
10733,3606,59,4,330.91,1323.64
10734,3607,96,2,130.71,261.42
10735,3607,18,5,423.15,2115.75
10736,3608,42,2,10.28,20.56
10737,3608,33,5,329.42,1647.1
10738,3608,76,4,273.1,1092.4
10739,3608,52,1,403.26,403.26
10740,3609,23,3,272.6,817.8
10741,3609,26,5,313.45,1567.25
10742,3609,48,2,391.48,782.96
10743,3610,32,3,260.99,782.97
10744,3610,58,5,433.93,2169.65
10745,3610,73,3,487.67,1463.01
10746,3611,25,1,144.29,144.29
10747,3611,64,2,325.29,650.58
10748,3612,93,2,266.65,533.3
10749,3612,16,5,465.73,2328.65
10750,3612,45,2,444.26,888.52
10751,3613,56,2,180.06,360.12
10752,3613,55,2,205.95,411.9
10753,3613,92,1,34.18,34.18
10754,3614,64,1,325.29,325.29
10755,3614,69,3,414.94,1244.82
10756,3614,50,2,360.67,721.34
10757,3614,68,4,100.19,400.76
10758,3615,57,5,55.2,276
10759,3615,7,3,402.41,1207.23
10760,3615,85,4,448.65,1794.6
10761,3616,32,5,260.99,1304.95
10762,3616,50,1,360.67,360.67
10763,3617,3,3,321.8,965.4
10764,3617,78,4,279.16,1116.64
10765,3617,80,4,165.82,663.28
10766,3617,93,1,266.65,266.65
10767,3618,3,4,321.8,1287.2
10768,3619,55,5,205.95,1029.75
10769,3620,78,4,279.16,1116.64
10770,3620,92,4,34.18,136.72
10771,3620,98,1,140.33,140.33
10772,3620,61,2,135.79,271.58
10773,3621,64,1,325.29,325.29
10774,3621,29,2,122.88,245.76
10775,3621,80,4,165.82,663.28
10776,3621,73,5,487.67,2438.35
10777,3621,26,4,313.45,1253.8
10778,3622,88,5,275.64,1378.2
10779,3622,47,5,218.62,1093.1
10780,3622,46,3,446.64,1339.92
10781,3622,76,4,273.1,1092.4
10782,3622,47,3,218.62,655.86
10783,3623,39,1,461.01,461.01
10784,3623,83,1,130.62,130.62
10785,3623,13,2,234.45,468.9
10786,3624,5,4,142.14,568.56
10787,3624,45,3,444.26,1332.78
10788,3624,21,5,488.47,2442.35
10789,3624,67,2,146.48,292.96
10790,3624,34,2,59.14,118.28
10791,3625,86,3,450.1,1350.3
10792,3625,98,3,140.33,420.99
10793,3626,32,5,260.99,1304.95
10794,3626,57,1,55.2,55.2
10795,3626,94,2,41.72,83.44
10796,3626,93,2,266.65,533.3
10797,3626,100,2,38.05,76.1
10798,3627,96,3,130.71,392.13
10799,3627,56,5,180.06,900.3
10800,3627,82,3,71.64,214.92
10801,3627,44,3,71.57,214.71
10802,3627,72,2,152.08,304.16
10803,3628,21,4,488.47,1953.88
10804,3628,98,2,140.33,280.66
10805,3628,23,1,272.6,272.6
10806,3628,85,5,448.65,2243.25
10807,3629,59,4,330.91,1323.64
10808,3629,89,2,63.06,126.12
10809,3630,45,5,444.26,2221.3
10810,3630,65,4,72.5,290
10811,3631,45,1,444.26,444.26
10812,3631,88,2,275.64,551.28
10813,3631,41,3,314.73,944.19
10814,3632,13,2,234.45,468.9
10815,3632,6,4,121.04,484.16
10816,3633,27,3,345.01,1035.03
10817,3633,87,5,476.96,2384.8
10818,3634,7,1,402.41,402.41
10819,3635,7,3,402.41,1207.23
10820,3635,85,4,448.65,1794.6
10821,3635,10,3,402.34,1207.02
10822,3635,50,5,360.67,1803.35
10823,3636,61,4,135.79,543.16
10824,3636,74,4,325.4,1301.6
10825,3637,47,1,218.62,218.62
10826,3637,85,4,448.65,1794.6
10827,3637,26,1,313.45,313.45
10828,3637,5,3,142.14,426.42
10829,3638,86,2,450.1,900.2
10830,3638,1,1,483.17,483.17
10831,3638,39,4,461.01,1844.04
10832,3638,6,1,121.04,121.04
10833,3639,60,4,358.88,1435.52
10834,3640,56,5,180.06,900.3
10835,3640,53,1,120.42,120.42
10836,3640,33,3,329.42,988.26
10837,3640,45,1,444.26,444.26
10838,3641,28,4,87.71,350.84
10839,3641,2,4,243.6,974.4
10840,3641,98,4,140.33,561.32
10841,3642,97,4,425.33,1701.32
10842,3642,33,2,329.42,658.84
10843,3642,39,3,461.01,1383.03
10844,3642,73,4,487.67,1950.68
10845,3642,57,2,55.2,110.4
10846,3643,13,1,234.45,234.45
10847,3643,20,1,181.13,181.13
10848,3643,29,1,122.88,122.88
10849,3644,8,2,30.66,61.32
10850,3645,85,2,448.65,897.3
10851,3645,93,3,266.65,799.95
10852,3645,55,2,205.95,411.9
10853,3646,78,2,279.16,558.32
10854,3646,9,3,133.05,399.15
10855,3646,75,4,33.9,135.6
10856,3646,93,2,266.65,533.3
10857,3647,4,1,117.56,117.56
10858,3647,33,3,329.42,988.26
10859,3647,4,3,117.56,352.68
10860,3647,21,3,488.47,1465.41
10861,3647,33,4,329.42,1317.68
10862,3648,97,2,425.33,850.66
10863,3648,87,1,476.96,476.96
10864,3648,63,3,229.68,689.04
10865,3648,2,4,243.6,974.4
10866,3648,92,3,34.18,102.54
10867,3649,70,2,303.87,607.74
10868,3649,93,1,266.65,266.65
10869,3649,95,1,442.92,442.92
10870,3649,37,1,463.79,463.79
10871,3650,84,4,397.33,1589.32
10872,3650,70,3,303.87,911.61
10873,3650,22,5,202.6,1013
10874,3650,38,1,11.87,11.87
10875,3650,1,2,483.17,966.34
10876,3651,15,1,371.75,371.75
10877,3651,67,5,146.48,732.4
10878,3651,58,5,433.93,2169.65
10879,3651,4,2,117.56,235.12
10880,3651,55,4,205.95,823.8
10881,3652,9,2,133.05,266.1
10882,3653,55,5,205.95,1029.75
10883,3653,82,5,71.64,358.2
10884,3653,38,3,11.87,35.61
10885,3654,34,2,59.14,118.28
10886,3655,72,2,152.08,304.16
10887,3655,21,3,488.47,1465.41
10888,3655,62,2,144.69,289.38
10889,3655,64,1,325.29,325.29
10890,3655,77,2,112.25,224.5
10891,3656,8,5,30.66,153.3
10892,3656,37,5,463.79,2318.95
10893,3657,21,5,488.47,2442.35
10894,3657,94,3,41.72,125.16
10895,3657,1,4,483.17,1932.68
10896,3658,82,3,71.64,214.92
10897,3658,83,3,130.62,391.86
10898,3658,30,5,70.69,353.45
10899,3659,99,1,107.85,107.85
10900,3659,3,2,321.8,643.6
10901,3660,7,5,402.41,2012.05
10902,3660,71,1,77.6,77.6
10903,3661,18,1,423.15,423.15
10904,3661,9,2,133.05,266.1
10905,3661,96,4,130.71,522.84
10906,3661,6,4,121.04,484.16
10907,3661,1,3,483.17,1449.51
10908,3662,9,2,133.05,266.1
10909,3662,6,5,121.04,605.2
10910,3662,5,5,142.14,710.7
10911,3662,56,4,180.06,720.24
10912,3662,32,5,260.99,1304.95
10913,3663,99,4,107.85,431.4
10914,3663,91,5,196.31,981.55
10915,3663,89,5,63.06,315.3
10916,3663,87,1,476.96,476.96
10917,3663,21,1,488.47,488.47
10918,3664,42,2,10.28,20.56
10919,3665,34,5,59.14,295.7
10920,3665,6,4,121.04,484.16
10921,3665,7,4,402.41,1609.64
10922,3666,98,3,140.33,420.99
10923,3666,39,2,461.01,922.02
10924,3666,9,2,133.05,266.1
10925,3666,57,5,55.2,276
10926,3666,50,3,360.67,1082.01
10927,3667,17,3,480.38,1441.14
10928,3667,96,4,130.71,522.84
10929,3667,25,1,144.29,144.29
10930,3667,83,2,130.62,261.24
10931,3668,38,1,11.87,11.87
10932,3669,63,5,229.68,1148.4
10933,3669,77,2,112.25,224.5
10934,3669,100,2,38.05,76.1
10935,3669,4,1,117.56,117.56
10936,3669,60,5,358.88,1794.4
10937,3670,20,4,181.13,724.52
10938,3670,82,5,71.64,358.2
10939,3670,56,4,180.06,720.24
10940,3671,79,1,34.53,34.53
10941,3671,52,1,403.26,403.26
10942,3671,14,2,472.64,945.28
10943,3671,26,5,313.45,1567.25
10944,3672,46,5,446.64,2233.2
10945,3672,83,5,130.62,653.1
10946,3672,53,3,120.42,361.26
10947,3672,63,4,229.68,918.72
10948,3673,95,5,442.92,2214.6
10949,3673,64,3,325.29,975.87
10950,3673,54,2,375.27,750.54
10951,3673,59,5,330.91,1654.55
10952,3673,95,4,442.92,1771.68
10953,3674,67,2,146.48,292.96
10954,3674,54,2,375.27,750.54
10955,3674,17,5,480.38,2401.9
10956,3675,88,1,275.64,275.64
10957,3676,87,1,476.96,476.96
10958,3676,6,5,121.04,605.2
10959,3676,41,3,314.73,944.19
10960,3677,53,4,120.42,481.68
10961,3678,73,3,487.67,1463.01
10962,3678,17,3,480.38,1441.14
10963,3678,22,5,202.6,1013
10964,3678,36,4,74.4,297.6
10965,3679,46,5,446.64,2233.2
10966,3679,97,4,425.33,1701.32
10967,3679,86,4,450.1,1800.4
10968,3680,80,3,165.82,497.46
10969,3680,87,4,476.96,1907.84
10970,3681,82,4,71.64,286.56
10971,3681,88,5,275.64,1378.2
10972,3681,69,5,414.94,2074.7
10973,3681,69,3,414.94,1244.82
10974,3681,36,1,74.4,74.4
10975,3682,89,2,63.06,126.12
10976,3682,100,3,38.05,114.15
10977,3683,47,5,218.62,1093.1
10978,3683,86,5,450.1,2250.5
10979,3683,39,1,461.01,461.01
10980,3683,61,1,135.79,135.79
10981,3683,60,5,358.88,1794.4
10982,3684,22,2,202.6,405.2
10983,3684,12,5,235.36,1176.8
10984,3684,63,4,229.68,918.72
10985,3684,9,5,133.05,665.25
10986,3684,37,1,463.79,463.79
10987,3685,8,4,30.66,122.64
10988,3685,100,4,38.05,152.2
10989,3686,90,5,157.77,788.85
10990,3686,44,3,71.57,214.71
10991,3686,83,4,130.62,522.48
10992,3686,82,5,71.64,358.2
10993,3687,84,4,397.33,1589.32
10994,3687,79,4,34.53,138.12
10995,3687,82,1,71.64,71.64
10996,3688,88,3,275.64,826.92
10997,3688,45,5,444.26,2221.3
10998,3689,99,3,107.85,323.55
10999,3689,39,5,461.01,2305.05
11000,3690,100,1,38.05,38.05
11001,3690,2,2,243.6,487.2
11002,3690,24,1,217.84,217.84
11003,3690,74,1,325.4,325.4
11004,3691,40,4,144.16,576.64
11005,3691,76,1,273.1,273.1
11006,3691,46,2,446.64,893.28
11007,3692,88,5,275.64,1378.2
11008,3692,44,3,71.57,214.71
11009,3692,31,4,214.73,858.92
11010,3692,9,5,133.05,665.25
11011,3692,89,2,63.06,126.12
11012,3693,34,4,59.14,236.56
11013,3693,73,1,487.67,487.67
11014,3693,50,2,360.67,721.34
11015,3693,40,5,144.16,720.8
11016,3694,3,5,321.8,1609
11017,3694,59,5,330.91,1654.55
11018,3694,72,1,152.08,152.08
11019,3694,18,1,423.15,423.15
11020,3694,59,1,330.91,330.91
11021,3695,65,3,72.5,217.5
11022,3696,70,3,303.87,911.61
11023,3696,55,4,205.95,823.8
11024,3697,53,2,120.42,240.84
11025,3697,50,3,360.67,1082.01
11026,3697,4,2,117.56,235.12
11027,3697,89,3,63.06,189.18
11028,3698,45,2,444.26,888.52
11029,3698,60,3,358.88,1076.64
11030,3699,96,3,130.71,392.13
11031,3699,76,1,273.1,273.1
11032,3699,70,5,303.87,1519.35
11033,3699,94,3,41.72,125.16
11034,3699,28,2,87.71,175.42
11035,3700,51,3,101.56,304.68
11036,3700,81,4,499.89,1999.56
11037,3701,48,1,391.48,391.48
11038,3701,92,3,34.18,102.54
11039,3701,6,2,121.04,242.08
11040,3702,96,5,130.71,653.55
11041,3703,5,3,142.14,426.42
11042,3703,63,1,229.68,229.68
11043,3703,3,1,321.8,321.8
11044,3703,50,5,360.67,1803.35
11045,3704,2,3,243.6,730.8
11046,3704,77,2,112.25,224.5
11047,3705,66,2,384.26,768.52
11048,3705,6,4,121.04,484.16
11049,3705,78,3,279.16,837.48
11050,3705,98,5,140.33,701.65
11051,3705,67,3,146.48,439.44
11052,3706,66,2,384.26,768.52
11053,3706,17,3,480.38,1441.14
11054,3707,78,2,279.16,558.32
11055,3707,5,1,142.14,142.14
11056,3707,9,3,133.05,399.15
11057,3707,95,5,442.92,2214.6
11058,3708,38,1,11.87,11.87
11059,3709,47,5,218.62,1093.1
11060,3709,4,1,117.56,117.56
11061,3709,34,1,59.14,59.14
11062,3709,94,5,41.72,208.6
11063,3710,29,4,122.88,491.52
11064,3710,25,2,144.29,288.58
11065,3710,37,4,463.79,1855.16
11066,3710,19,5,280.77,1403.85
11067,3710,6,1,121.04,121.04
11068,3711,5,5,142.14,710.7
11069,3711,90,1,157.77,157.77
11070,3712,20,2,181.13,362.26
11071,3712,75,1,33.9,33.9
11072,3712,48,1,391.48,391.48
11073,3712,35,2,18.87,37.74
11074,3713,35,1,18.87,18.87
11075,3713,10,5,402.34,2011.7
11076,3714,35,2,18.87,37.74
11077,3714,53,1,120.42,120.42
11078,3715,9,5,133.05,665.25
11079,3715,8,1,30.66,30.66
11080,3715,18,2,423.15,846.3
11081,3715,42,3,10.28,30.84
11082,3716,75,4,33.9,135.6
11083,3716,70,2,303.87,607.74
11084,3716,37,4,463.79,1855.16
11085,3716,77,1,112.25,112.25
11086,3717,87,4,476.96,1907.84
11087,3717,39,1,461.01,461.01
11088,3717,50,2,360.67,721.34
11089,3717,18,2,423.15,846.3
11090,3717,77,4,112.25,449
11091,3718,77,2,112.25,224.5
11092,3718,89,3,63.06,189.18
11093,3718,61,3,135.79,407.37
11094,3718,94,4,41.72,166.88
11095,3719,53,3,120.42,361.26
11096,3719,49,4,388.97,1555.88
11097,3720,29,5,122.88,614.4
11098,3720,18,4,423.15,1692.6
11099,3721,38,3,11.87,35.61
11100,3722,68,1,100.19,100.19
11101,3722,87,2,476.96,953.92
11102,3722,36,3,74.4,223.2
11103,3722,10,3,402.34,1207.02
11104,3722,2,3,243.6,730.8
11105,3723,55,4,205.95,823.8
11106,3723,80,2,165.82,331.64
11107,3723,8,2,30.66,61.32
11108,3724,57,1,55.2,55.2
11109,3724,38,1,11.87,11.87
11110,3724,92,1,34.18,34.18
11111,3725,21,3,488.47,1465.41
11112,3726,83,5,130.62,653.1
11113,3727,90,1,157.77,157.77
11114,3727,77,4,112.25,449
11115,3727,9,5,133.05,665.25
11116,3728,1,5,483.17,2415.85
11117,3728,94,2,41.72,83.44
11118,3729,90,1,157.77,157.77
11119,3729,56,2,180.06,360.12
11120,3729,19,2,280.77,561.54
11121,3730,73,5,487.67,2438.35
11122,3731,23,4,272.6,1090.4
11123,3731,62,4,144.69,578.76
11124,3731,70,4,303.87,1215.48
11125,3731,81,4,499.89,1999.56
11126,3732,34,2,59.14,118.28
11127,3732,56,5,180.06,900.3
11128,3732,65,5,72.5,362.5
11129,3733,95,1,442.92,442.92
11130,3733,19,2,280.77,561.54
11131,3734,89,3,63.06,189.18
11132,3734,36,2,74.4,148.8
11133,3735,13,3,234.45,703.35
11134,3735,22,2,202.6,405.2
11135,3736,97,1,425.33,425.33
11136,3736,18,3,423.15,1269.45
11137,3736,81,4,499.89,1999.56
11138,3736,89,2,63.06,126.12
11139,3737,44,1,71.57,71.57
11140,3737,3,2,321.8,643.6
11141,3737,20,3,181.13,543.39
11142,3738,72,4,152.08,608.32
11143,3738,75,1,33.9,33.9
11144,3738,55,1,205.95,205.95
11145,3738,21,3,488.47,1465.41
11146,3738,99,4,107.85,431.4
11147,3739,93,4,266.65,1066.6
11148,3739,31,5,214.73,1073.65
11149,3739,14,4,472.64,1890.56
11150,3740,96,1,130.71,130.71
11151,3740,44,2,71.57,143.14
11152,3741,49,3,388.97,1166.91
11153,3741,17,4,480.38,1921.52
11154,3741,84,3,397.33,1191.99
11155,3742,79,3,34.53,103.59
11156,3742,19,2,280.77,561.54
11157,3743,58,2,433.93,867.86
11158,3743,38,1,11.87,11.87
11159,3743,55,5,205.95,1029.75
11160,3744,14,1,472.64,472.64
11161,3744,7,3,402.41,1207.23
11162,3744,14,3,472.64,1417.92
11163,3744,69,2,414.94,829.88
11164,3744,50,2,360.67,721.34
11165,3745,13,2,234.45,468.9
11166,3745,41,4,314.73,1258.92
11167,3745,98,4,140.33,561.32
11168,3746,28,4,87.71,350.84
11169,3746,23,1,272.6,272.6
11170,3746,88,2,275.64,551.28
11171,3747,7,3,402.41,1207.23
11172,3747,94,1,41.72,41.72
11173,3747,11,3,147.32,441.96
11174,3748,68,5,100.19,500.95
11175,3748,85,3,448.65,1345.95
11176,3749,72,2,152.08,304.16
11177,3749,83,1,130.62,130.62
11178,3749,38,4,11.87,47.48
11179,3750,57,1,55.2,55.2
11180,3750,54,4,375.27,1501.08
11181,3750,36,2,74.4,148.8
11182,3750,48,5,391.48,1957.4
11183,3750,32,2,260.99,521.98
11184,3751,83,1,130.62,130.62
11185,3751,6,3,121.04,363.12
11186,3751,16,3,465.73,1397.19
11187,3752,19,3,280.77,842.31
11188,3752,38,4,11.87,47.48
11189,3753,38,1,11.87,11.87
11190,3753,41,5,314.73,1573.65
11191,3753,49,3,388.97,1166.91
11192,3753,77,4,112.25,449
11193,3754,65,3,72.5,217.5
11194,3754,71,2,77.6,155.2
11195,3754,7,4,402.41,1609.64
11196,3754,44,5,71.57,357.85
11197,3754,49,5,388.97,1944.85
11198,3755,28,3,87.71,263.13
11199,3756,37,5,463.79,2318.95
11200,3756,82,2,71.64,143.28
11201,3756,42,1,10.28,10.28
11202,3756,37,3,463.79,1391.37
11203,3757,38,1,11.87,11.87
11204,3757,85,5,448.65,2243.25
11205,3758,5,3,142.14,426.42
11206,3758,73,3,487.67,1463.01
11207,3758,80,2,165.82,331.64
11208,3758,89,4,63.06,252.24
11209,3759,10,4,402.34,1609.36
11210,3759,70,5,303.87,1519.35
11211,3759,69,1,414.94,414.94
11212,3759,21,2,488.47,976.94
11213,3759,89,5,63.06,315.3
11214,3760,26,1,313.45,313.45
11215,3760,53,2,120.42,240.84
11216,3760,28,5,87.71,438.55
11217,3760,16,4,465.73,1862.92
11218,3761,85,2,448.65,897.3
11219,3762,72,2,152.08,304.16
11220,3762,72,2,152.08,304.16
11221,3762,31,2,214.73,429.46
11222,3762,2,4,243.6,974.4
11223,3763,85,2,448.65,897.3
11224,3763,57,2,55.2,110.4
11225,3763,52,2,403.26,806.52
11226,3764,48,5,391.48,1957.4
11227,3764,67,4,146.48,585.92
11228,3765,21,2,488.47,976.94
11229,3765,61,3,135.79,407.37
11230,3765,30,3,70.69,212.07
11231,3766,32,1,260.99,260.99
11232,3766,17,3,480.38,1441.14
11233,3766,56,3,180.06,540.18
11234,3767,33,2,329.42,658.84
11235,3768,71,4,77.6,310.4
11236,3768,6,3,121.04,363.12
11237,3768,88,3,275.64,826.92
11238,3768,75,2,33.9,67.8
11239,3768,64,1,325.29,325.29
11240,3769,36,3,74.4,223.2
11241,3769,75,5,33.9,169.5
11242,3770,16,3,465.73,1397.19
11243,3770,78,1,279.16,279.16
11244,3771,98,5,140.33,701.65
11245,3771,71,3,77.6,232.8
11246,3771,56,2,180.06,360.12
11247,3771,47,2,218.62,437.24
11248,3772,100,3,38.05,114.15
11249,3773,94,4,41.72,166.88
11250,3773,40,2,144.16,288.32
11251,3774,48,1,391.48,391.48
11252,3775,44,2,71.57,143.14
11253,3775,2,1,243.6,243.6
11254,3775,15,5,371.75,1858.75
11255,3776,13,1,234.45,234.45
11256,3777,80,2,165.82,331.64
11257,3777,40,3,144.16,432.48
11258,3777,14,3,472.64,1417.92
11259,3778,33,4,329.42,1317.68
11260,3779,10,1,402.34,402.34
11261,3780,80,3,165.82,497.46
11262,3780,54,3,375.27,1125.81
11263,3780,29,5,122.88,614.4
11264,3781,32,4,260.99,1043.96
11265,3781,24,4,217.84,871.36
11266,3782,42,5,10.28,51.4
11267,3782,42,3,10.28,30.84
11268,3782,77,5,112.25,561.25
11269,3782,79,3,34.53,103.59
11270,3782,97,3,425.33,1275.99
11271,3783,28,1,87.71,87.71
11272,3784,99,1,107.85,107.85
11273,3784,16,5,465.73,2328.65
11274,3784,12,4,235.36,941.44
11275,3784,47,5,218.62,1093.1
11276,3784,62,5,144.69,723.45
11277,3785,47,2,218.62,437.24
11278,3785,8,4,30.66,122.64
11279,3785,17,1,480.38,480.38
11280,3785,37,4,463.79,1855.16
11281,3786,82,1,71.64,71.64
11282,3786,42,3,10.28,30.84
11283,3786,45,4,444.26,1777.04
11284,3786,30,5,70.69,353.45
11285,3787,80,5,165.82,829.1
11286,3788,30,4,70.69,282.76
11287,3788,9,1,133.05,133.05
11288,3788,7,2,402.41,804.82
11289,3788,57,5,55.2,276
11290,3788,41,1,314.73,314.73
11291,3789,97,5,425.33,2126.65
11292,3789,25,1,144.29,144.29
11293,3789,64,1,325.29,325.29
11294,3789,23,1,272.6,272.6
11295,3789,61,3,135.79,407.37
11296,3790,10,4,402.34,1609.36
11297,3791,30,4,70.69,282.76
11298,3792,26,3,313.45,940.35
11299,3792,20,3,181.13,543.39
11300,3792,78,1,279.16,279.16
11301,3793,46,4,446.64,1786.56
11302,3794,64,1,325.29,325.29
11303,3794,82,2,71.64,143.28
11304,3794,62,2,144.69,289.38
11305,3795,95,2,442.92,885.84
11306,3795,67,4,146.48,585.92
11307,3795,32,2,260.99,521.98
11308,3795,22,4,202.6,810.4
11309,3796,82,5,71.64,358.2
11310,3796,70,2,303.87,607.74
11311,3796,33,2,329.42,658.84
11312,3796,18,5,423.15,2115.75
11313,3797,28,1,87.71,87.71
11314,3797,12,3,235.36,706.08
11315,3798,3,5,321.8,1609
11316,3798,16,5,465.73,2328.65
11317,3798,25,4,144.29,577.16
11318,3798,46,5,446.64,2233.2
11319,3799,57,3,55.2,165.6
11320,3799,86,3,450.1,1350.3
11321,3800,55,5,205.95,1029.75
11322,3800,60,4,358.88,1435.52
11323,3801,58,2,433.93,867.86
11324,3801,91,5,196.31,981.55
11325,3801,48,1,391.48,391.48
11326,3802,42,3,10.28,30.84
11327,3803,39,4,461.01,1844.04
11328,3803,27,4,345.01,1380.04
11329,3803,25,3,144.29,432.87
11330,3803,67,4,146.48,585.92
11331,3804,42,4,10.28,41.12
11332,3804,61,2,135.79,271.58
11333,3804,59,2,330.91,661.82
11334,3804,21,4,488.47,1953.88
11335,3805,24,1,217.84,217.84
11336,3805,60,4,358.88,1435.52
11337,3805,30,3,70.69,212.07
11338,3805,18,1,423.15,423.15
11339,3806,92,3,34.18,102.54
11340,3807,54,5,375.27,1876.35
11341,3807,76,2,273.1,546.2
11342,3807,9,5,133.05,665.25
11343,3808,52,5,403.26,2016.3
11344,3808,32,1,260.99,260.99
11345,3809,30,2,70.69,141.38
11346,3809,11,2,147.32,294.64
11347,3810,12,5,235.36,1176.8
11348,3810,25,1,144.29,144.29
11349,3810,25,2,144.29,288.58
11350,3810,50,3,360.67,1082.01
11351,3811,37,3,463.79,1391.37
11352,3811,77,3,112.25,336.75
11353,3812,46,3,446.64,1339.92
11354,3813,39,1,461.01,461.01
11355,3813,78,4,279.16,1116.64
11356,3813,64,2,325.29,650.58
11357,3814,92,5,34.18,170.9
11358,3814,86,1,450.1,450.1
11359,3814,70,2,303.87,607.74
11360,3815,54,5,375.27,1876.35
11361,3816,48,5,391.48,1957.4
11362,3816,38,5,11.87,59.35
11363,3816,41,2,314.73,629.46
11364,3817,79,1,34.53,34.53
11365,3818,19,2,280.77,561.54
11366,3818,99,5,107.85,539.25
11367,3818,61,4,135.79,543.16
11368,3818,20,5,181.13,905.65
11369,3818,77,1,112.25,112.25
11370,3819,100,1,38.05,38.05
11371,3820,60,3,358.88,1076.64
11372,3820,4,2,117.56,235.12
11373,3820,36,1,74.4,74.4
11374,3821,46,4,446.64,1786.56
11375,3821,62,1,144.69,144.69
11376,3822,87,2,476.96,953.92
11377,3823,55,5,205.95,1029.75
11378,3823,100,4,38.05,152.2
11379,3823,50,4,360.67,1442.68
11380,3823,65,1,72.5,72.5
11381,3824,59,1,330.91,330.91
11382,3824,48,4,391.48,1565.92
11383,3824,69,4,414.94,1659.76
11384,3825,73,4,487.67,1950.68
11385,3825,2,5,243.6,1218
11386,3826,41,5,314.73,1573.65
11387,3826,88,4,275.64,1102.56
11388,3827,30,1,70.69,70.69
11389,3828,1,5,483.17,2415.85
11390,3828,18,2,423.15,846.3
11391,3828,61,3,135.79,407.37
11392,3828,11,4,147.32,589.28
11393,3829,10,2,402.34,804.68
11394,3830,1,1,483.17,483.17
11395,3830,56,3,180.06,540.18
11396,3830,52,2,403.26,806.52
11397,3830,65,5,72.5,362.5
11398,3831,64,4,325.29,1301.16
11399,3831,83,1,130.62,130.62
11400,3831,93,2,266.65,533.3
11401,3831,76,5,273.1,1365.5
11402,3831,42,4,10.28,41.12
11403,3832,42,3,10.28,30.84
11404,3832,75,4,33.9,135.6
11405,3832,53,4,120.42,481.68
11406,3832,95,3,442.92,1328.76
11407,3833,60,1,358.88,358.88
11408,3833,34,2,59.14,118.28
11409,3833,80,4,165.82,663.28
11410,3833,25,1,144.29,144.29
11411,3833,1,1,483.17,483.17
11412,3834,2,4,243.6,974.4
11413,3834,53,4,120.42,481.68
11414,3834,61,2,135.79,271.58
11415,3834,46,4,446.64,1786.56
11416,3834,44,3,71.57,214.71
11417,3835,38,4,11.87,47.48
11418,3835,37,3,463.79,1391.37
11419,3836,37,5,463.79,2318.95
11420,3836,33,1,329.42,329.42
11421,3836,85,1,448.65,448.65
11422,3836,1,1,483.17,483.17
11423,3837,13,3,234.45,703.35
11424,3838,86,4,450.1,1800.4
11425,3838,71,3,77.6,232.8
11426,3838,29,1,122.88,122.88
11427,3838,97,1,425.33,425.33
11428,3839,2,3,243.6,730.8
11429,3839,55,4,205.95,823.8
11430,3839,85,3,448.65,1345.95
11431,3839,49,1,388.97,388.97
11432,3840,23,3,272.6,817.8
11433,3840,19,1,280.77,280.77
11434,3841,4,4,117.56,470.24
11435,3841,90,3,157.77,473.31
11436,3841,38,1,11.87,11.87
11437,3841,46,2,446.64,893.28
11438,3842,100,3,38.05,114.15
11439,3842,80,5,165.82,829.1
11440,3843,52,1,403.26,403.26
11441,3843,83,5,130.62,653.1
11442,3843,11,5,147.32,736.6
11443,3843,61,5,135.79,678.95
11444,3843,73,1,487.67,487.67
11445,3844,4,4,117.56,470.24
11446,3844,43,4,250.15,1000.6
11447,3844,26,1,313.45,313.45
11448,3844,61,2,135.79,271.58
11449,3845,28,4,87.71,350.84
11450,3845,5,1,142.14,142.14
11451,3845,41,2,314.73,629.46
11452,3845,36,2,74.4,148.8
11453,3846,85,4,448.65,1794.6
11454,3846,46,1,446.64,446.64
11455,3846,46,1,446.64,446.64
11456,3846,75,4,33.9,135.6
11457,3846,98,5,140.33,701.65
11458,3847,32,2,260.99,521.98
11459,3847,72,1,152.08,152.08
11460,3847,20,4,181.13,724.52
11461,3847,16,3,465.73,1397.19
11462,3848,33,4,329.42,1317.68
11463,3848,75,1,33.9,33.9
11464,3849,31,1,214.73,214.73
11465,3849,91,1,196.31,196.31
11466,3849,64,3,325.29,975.87
11467,3850,12,4,235.36,941.44
11468,3850,29,4,122.88,491.52
11469,3850,13,4,234.45,937.8
11470,3850,71,5,77.6,388
11471,3851,81,5,499.89,2499.45
11472,3851,50,2,360.67,721.34
11473,3851,20,5,181.13,905.65
11474,3852,60,1,358.88,358.88
11475,3853,77,5,112.25,561.25
11476,3854,4,3,117.56,352.68
11477,3854,44,1,71.57,71.57
11478,3854,55,3,205.95,617.85
11479,3854,51,1,101.56,101.56
11480,3854,96,4,130.71,522.84
11481,3855,36,4,74.4,297.6
11482,3855,29,3,122.88,368.64
11483,3855,13,5,234.45,1172.25
11484,3856,74,3,325.4,976.2
11485,3857,68,4,100.19,400.76
11486,3858,92,1,34.18,34.18
11487,3858,11,4,147.32,589.28
11488,3858,86,1,450.1,450.1
11489,3859,11,3,147.32,441.96
11490,3859,70,3,303.87,911.61
11491,3859,30,5,70.69,353.45
11492,3859,77,1,112.25,112.25
11493,3859,30,4,70.69,282.76
11494,3860,16,2,465.73,931.46
11495,3860,61,5,135.79,678.95
11496,3860,72,2,152.08,304.16
11497,3861,11,4,147.32,589.28
11498,3861,10,3,402.34,1207.02
11499,3862,9,2,133.05,266.1
11500,3862,16,5,465.73,2328.65
11501,3862,78,5,279.16,1395.8
11502,3862,69,4,414.94,1659.76
11503,3863,60,2,358.88,717.76
11504,3863,8,3,30.66,91.98
11505,3863,5,5,142.14,710.7
11506,3863,64,4,325.29,1301.16
11507,3864,60,1,358.88,358.88
11508,3864,34,5,59.14,295.7
11509,3864,5,5,142.14,710.7
11510,3864,6,2,121.04,242.08
11511,3864,48,4,391.48,1565.92
11512,3865,19,4,280.77,1123.08
11513,3866,1,2,483.17,966.34
11514,3866,80,4,165.82,663.28
11515,3866,9,3,133.05,399.15
11516,3866,5,2,142.14,284.28
11517,3867,11,5,147.32,736.6
11518,3867,2,1,243.6,243.6
11519,3867,68,2,100.19,200.38
11520,3868,88,2,275.64,551.28
11521,3868,32,2,260.99,521.98
11522,3869,56,3,180.06,540.18
11523,3869,20,1,181.13,181.13
11524,3869,82,5,71.64,358.2
11525,3870,65,5,72.5,362.5
11526,3871,56,3,180.06,540.18
11527,3871,50,2,360.67,721.34
11528,3871,79,3,34.53,103.59
11529,3871,82,3,71.64,214.92
11530,3872,65,1,72.5,72.5
11531,3872,43,3,250.15,750.45
11532,3872,68,5,100.19,500.95
11533,3872,59,1,330.91,330.91
11534,3873,12,2,235.36,470.72
11535,3873,26,4,313.45,1253.8
11536,3873,6,2,121.04,242.08
11537,3874,61,1,135.79,135.79
11538,3874,91,1,196.31,196.31
11539,3875,43,5,250.15,1250.75
11540,3876,47,4,218.62,874.48
11541,3876,3,4,321.8,1287.2
11542,3876,67,3,146.48,439.44
11543,3876,53,2,120.42,240.84
11544,3877,28,1,87.71,87.71
11545,3877,13,1,234.45,234.45
11546,3877,46,2,446.64,893.28
11547,3878,87,3,476.96,1430.88
11548,3878,71,4,77.6,310.4
11549,3879,3,4,321.8,1287.2
11550,3880,26,3,313.45,940.35
11551,3881,58,1,433.93,433.93
11552,3882,91,1,196.31,196.31
11553,3882,64,5,325.29,1626.45
11554,3882,38,5,11.87,59.35
11555,3882,79,3,34.53,103.59
11556,3883,41,2,314.73,629.46
11557,3883,52,4,403.26,1613.04
11558,3883,64,5,325.29,1626.45
11559,3883,25,5,144.29,721.45
11560,3883,46,2,446.64,893.28
11561,3884,42,4,10.28,41.12
11562,3884,3,5,321.8,1609
11563,3884,42,5,10.28,51.4
11564,3884,35,1,18.87,18.87
11565,3885,27,3,345.01,1035.03
11566,3885,94,4,41.72,166.88
11567,3885,53,2,120.42,240.84
11568,3885,74,3,325.4,976.2
11569,3886,12,4,235.36,941.44
11570,3887,27,1,345.01,345.01
11571,3887,76,1,273.1,273.1
11572,3887,47,5,218.62,1093.1
11573,3887,16,2,465.73,931.46
11574,3887,63,4,229.68,918.72
11575,3888,88,4,275.64,1102.56
11576,3889,7,3,402.41,1207.23
11577,3889,60,4,358.88,1435.52
11578,3889,51,5,101.56,507.8
11579,3889,28,2,87.71,175.42
11580,3889,71,3,77.6,232.8
11581,3890,86,4,450.1,1800.4
11582,3890,79,4,34.53,138.12
11583,3891,65,1,72.5,72.5
11584,3891,42,3,10.28,30.84
11585,3891,97,2,425.33,850.66
11586,3891,19,2,280.77,561.54
11587,3892,83,1,130.62,130.62
11588,3892,52,4,403.26,1613.04
11589,3893,97,2,425.33,850.66
11590,3893,63,2,229.68,459.36
11591,3894,37,5,463.79,2318.95
11592,3895,73,2,487.67,975.34
11593,3896,21,4,488.47,1953.88
11594,3897,29,3,122.88,368.64
11595,3897,81,1,499.89,499.89
11596,3897,35,2,18.87,37.74
11597,3898,7,2,402.41,804.82
11598,3899,67,3,146.48,439.44
11599,3899,8,3,30.66,91.98
11600,3899,17,4,480.38,1921.52
11601,3900,43,2,250.15,500.3
11602,3900,93,5,266.65,1333.25
11603,3900,55,3,205.95,617.85
11604,3901,27,5,345.01,1725.05
11605,3901,1,4,483.17,1932.68
11606,3901,62,5,144.69,723.45
11607,3901,34,4,59.14,236.56
11608,3901,84,3,397.33,1191.99
11609,3902,63,2,229.68,459.36
11610,3902,3,1,321.8,321.8
11611,3902,49,1,388.97,388.97
11612,3902,83,2,130.62,261.24
11613,3902,83,1,130.62,130.62
11614,3903,74,3,325.4,976.2
11615,3903,86,4,450.1,1800.4
11616,3903,86,5,450.1,2250.5
11617,3904,57,5,55.2,276
11618,3904,24,4,217.84,871.36
11619,3904,68,3,100.19,300.57
11620,3905,45,4,444.26,1777.04
11621,3905,94,4,41.72,166.88
11622,3905,26,3,313.45,940.35
11623,3906,15,4,371.75,1487
11624,3906,83,2,130.62,261.24
11625,3906,68,2,100.19,200.38
11626,3907,47,2,218.62,437.24
11627,3907,6,1,121.04,121.04
11628,3907,21,5,488.47,2442.35
11629,3908,4,5,117.56,587.8
11630,3908,2,1,243.6,243.6
11631,3908,22,2,202.6,405.2
11632,3908,51,1,101.56,101.56
11633,3909,30,2,70.69,141.38
11634,3909,2,2,243.6,487.2
11635,3909,13,4,234.45,937.8
11636,3910,25,3,144.29,432.87
11637,3911,51,5,101.56,507.8
11638,3911,21,4,488.47,1953.88
11639,3911,91,2,196.31,392.62
11640,3911,33,3,329.42,988.26
11641,3911,32,5,260.99,1304.95
11642,3912,58,4,433.93,1735.72
11643,3912,4,2,117.56,235.12
11644,3912,73,1,487.67,487.67
11645,3912,64,1,325.29,325.29
11646,3913,60,2,358.88,717.76
11647,3913,46,3,446.64,1339.92
11648,3914,45,1,444.26,444.26
11649,3914,19,5,280.77,1403.85
11650,3914,39,3,461.01,1383.03
11651,3914,24,1,217.84,217.84
11652,3915,63,5,229.68,1148.4
11653,3915,97,3,425.33,1275.99
11654,3915,40,5,144.16,720.8
11655,3915,22,2,202.6,405.2
11656,3916,48,1,391.48,391.48
11657,3916,64,4,325.29,1301.16
11658,3917,96,5,130.71,653.55
11659,3917,23,5,272.6,1363
11660,3918,58,1,433.93,433.93
11661,3918,27,5,345.01,1725.05
11662,3918,92,4,34.18,136.72
11663,3918,88,5,275.64,1378.2
11664,3919,37,4,463.79,1855.16
11665,3919,77,1,112.25,112.25
11666,3920,46,3,446.64,1339.92
11667,3920,95,4,442.92,1771.68
11668,3921,69,4,414.94,1659.76
11669,3921,52,4,403.26,1613.04
11670,3921,81,3,499.89,1499.67
11671,3921,64,1,325.29,325.29
11672,3922,36,5,74.4,372
11673,3922,37,3,463.79,1391.37
11674,3922,37,4,463.79,1855.16
11675,3923,78,1,279.16,279.16
11676,3924,66,3,384.26,1152.78
11677,3924,19,2,280.77,561.54
11678,3924,74,1,325.4,325.4
11679,3924,22,2,202.6,405.2
11680,3925,49,3,388.97,1166.91
11681,3926,55,2,205.95,411.9
11682,3926,37,2,463.79,927.58
11683,3927,80,3,165.82,497.46
11684,3927,5,5,142.14,710.7
11685,3927,80,2,165.82,331.64
11686,3927,22,4,202.6,810.4
11687,3928,7,3,402.41,1207.23
11688,3928,23,1,272.6,272.6
11689,3929,87,2,476.96,953.92
11690,3929,61,4,135.79,543.16
11691,3929,98,4,140.33,561.32
11692,3930,8,4,30.66,122.64
11693,3930,49,2,388.97,777.94
11694,3930,80,3,165.82,497.46
11695,3930,21,1,488.47,488.47
11696,3930,13,4,234.45,937.8
11697,3931,96,4,130.71,522.84
11698,3931,11,3,147.32,441.96
11699,3931,6,3,121.04,363.12
11700,3931,79,5,34.53,172.65
11701,3932,1,2,483.17,966.34
11702,3932,74,2,325.4,650.8
11703,3933,97,2,425.33,850.66
11704,3933,58,1,433.93,433.93
11705,3934,50,5,360.67,1803.35
11706,3934,91,3,196.31,588.93
11707,3934,19,1,280.77,280.77
11708,3934,15,2,371.75,743.5
11709,3934,32,5,260.99,1304.95
11710,3935,34,2,59.14,118.28
11711,3935,21,5,488.47,2442.35
11712,3935,80,2,165.82,331.64
11713,3935,91,4,196.31,785.24
11714,3936,28,2,87.71,175.42
11715,3936,17,2,480.38,960.76
11716,3936,52,4,403.26,1613.04
11717,3937,55,4,205.95,823.8
11718,3937,77,3,112.25,336.75
11719,3938,42,3,10.28,30.84
11720,3938,6,3,121.04,363.12
11721,3938,56,4,180.06,720.24
11722,3939,10,1,402.34,402.34
11723,3939,29,4,122.88,491.52
11724,3939,87,5,476.96,2384.8
11725,3940,16,4,465.73,1862.92
11726,3940,19,4,280.77,1123.08
11727,3940,2,3,243.6,730.8
11728,3940,39,2,461.01,922.02
11729,3940,61,3,135.79,407.37
11730,3941,56,1,180.06,180.06
11731,3942,40,5,144.16,720.8
11732,3942,74,4,325.4,1301.6
11733,3942,63,5,229.68,1148.4
11734,3942,38,2,11.87,23.74
11735,3942,91,2,196.31,392.62
11736,3943,66,4,384.26,1537.04
11737,3943,44,2,71.57,143.14
11738,3944,32,4,260.99,1043.96
11739,3944,49,2,388.97,777.94
11740,3944,51,2,101.56,203.12
11741,3944,100,2,38.05,76.1
11742,3945,4,1,117.56,117.56
11743,3945,67,3,146.48,439.44
11744,3946,61,2,135.79,271.58
11745,3946,87,2,476.96,953.92
11746,3946,42,4,10.28,41.12
11747,3946,57,4,55.2,220.8
11748,3946,5,1,142.14,142.14
11749,3947,28,4,87.71,350.84
11750,3947,71,4,77.6,310.4
11751,3947,32,5,260.99,1304.95
11752,3948,89,3,63.06,189.18
11753,3948,28,5,87.71,438.55
11754,3949,46,3,446.64,1339.92
11755,3949,98,4,140.33,561.32
11756,3949,89,5,63.06,315.3
11757,3949,54,3,375.27,1125.81
11758,3949,93,3,266.65,799.95
11759,3950,1,3,483.17,1449.51
11760,3950,58,1,433.93,433.93
11761,3950,4,1,117.56,117.56
11762,3951,73,2,487.67,975.34
11763,3951,52,5,403.26,2016.3
11764,3951,63,5,229.68,1148.4
11765,3951,90,2,157.77,315.54
11766,3952,1,5,483.17,2415.85
11767,3952,58,2,433.93,867.86
11768,3952,74,3,325.4,976.2
11769,3952,82,3,71.64,214.92
11770,3953,13,3,234.45,703.35
11771,3953,44,5,71.57,357.85
11772,3953,55,1,205.95,205.95
11773,3953,48,1,391.48,391.48
11774,3954,30,1,70.69,70.69
11775,3954,95,1,442.92,442.92
11776,3954,29,4,122.88,491.52
11777,3954,18,3,423.15,1269.45
11778,3954,93,1,266.65,266.65
11779,3955,47,4,218.62,874.48
11780,3955,90,4,157.77,631.08
11781,3955,21,2,488.47,976.94
11782,3955,22,3,202.6,607.8
11783,3955,44,1,71.57,71.57
11784,3956,87,4,476.96,1907.84
11785,3957,72,3,152.08,456.24
11786,3957,9,3,133.05,399.15
11787,3957,58,1,433.93,433.93
11788,3957,86,2,450.1,900.2
11789,3957,21,1,488.47,488.47
11790,3958,63,3,229.68,689.04
11791,3959,69,3,414.94,1244.82
11792,3960,10,2,402.34,804.68
11793,3961,57,2,55.2,110.4
11794,3961,64,1,325.29,325.29
11795,3961,82,3,71.64,214.92
11796,3962,81,1,499.89,499.89
11797,3962,61,2,135.79,271.58
11798,3962,40,2,144.16,288.32
11799,3962,19,4,280.77,1123.08
11800,3962,6,1,121.04,121.04
11801,3963,86,1,450.1,450.1
11802,3963,2,5,243.6,1218
11803,3963,98,5,140.33,701.65
11804,3963,42,4,10.28,41.12
11805,3964,29,2,122.88,245.76
11806,3964,30,2,70.69,141.38
11807,3964,3,1,321.8,321.8
11808,3964,96,1,130.71,130.71
11809,3964,31,3,214.73,644.19
11810,3965,31,2,214.73,429.46
11811,3965,57,4,55.2,220.8
11812,3965,42,1,10.28,10.28
11813,3965,4,1,117.56,117.56
11814,3965,84,1,397.33,397.33
11815,3966,5,2,142.14,284.28
11816,3967,54,3,375.27,1125.81
11817,3967,32,1,260.99,260.99
11818,3967,20,5,181.13,905.65
11819,3968,94,3,41.72,125.16
11820,3969,4,2,117.56,235.12
11821,3969,18,4,423.15,1692.6
11822,3969,9,5,133.05,665.25
11823,3969,43,5,250.15,1250.75
11824,3969,46,5,446.64,2233.2
11825,3970,4,1,117.56,117.56
11826,3970,100,5,38.05,190.25
11827,3970,87,2,476.96,953.92
11828,3971,34,1,59.14,59.14
11829,3972,51,1,101.56,101.56
11830,3973,94,4,41.72,166.88
11831,3973,99,2,107.85,215.7
11832,3973,11,1,147.32,147.32
11833,3973,81,5,499.89,2499.45
11834,3973,39,2,461.01,922.02
11835,3974,36,2,74.4,148.8
11836,3975,31,5,214.73,1073.65
11837,3975,14,3,472.64,1417.92
11838,3976,51,4,101.56,406.24
11839,3976,49,2,388.97,777.94
11840,3976,83,1,130.62,130.62
11841,3977,4,4,117.56,470.24
11842,3977,90,2,157.77,315.54
11843,3977,55,5,205.95,1029.75
11844,3977,69,4,414.94,1659.76
11845,3978,80,1,165.82,165.82
11846,3978,22,2,202.6,405.2
11847,3978,26,4,313.45,1253.8
11848,3978,70,1,303.87,303.87
11849,3979,19,5,280.77,1403.85
11850,3980,21,3,488.47,1465.41
11851,3980,51,3,101.56,304.68
11852,3980,74,1,325.4,325.4
11853,3980,20,2,181.13,362.26
11854,3980,25,2,144.29,288.58
11855,3981,52,2,403.26,806.52
11856,3981,1,4,483.17,1932.68
11857,3982,62,4,144.69,578.76
11858,3982,77,3,112.25,336.75
11859,3982,91,4,196.31,785.24
11860,3983,93,5,266.65,1333.25
11861,3983,24,2,217.84,435.68
11862,3983,76,3,273.1,819.3
11863,3983,7,3,402.41,1207.23
11864,3983,3,3,321.8,965.4
11865,3984,79,3,34.53,103.59
11866,3984,47,3,218.62,655.86
11867,3985,15,5,371.75,1858.75
11868,3985,47,5,218.62,1093.1
11869,3986,32,4,260.99,1043.96
11870,3986,67,5,146.48,732.4
11871,3986,27,1,345.01,345.01
11872,3986,73,4,487.67,1950.68
11873,3986,80,2,165.82,331.64
11874,3987,70,5,303.87,1519.35
11875,3988,87,1,476.96,476.96
11876,3989,52,5,403.26,2016.3
11877,3989,90,1,157.77,157.77
11878,3989,21,4,488.47,1953.88
11879,3989,79,1,34.53,34.53
11880,3990,25,2,144.29,288.58
11881,3990,55,4,205.95,823.8
11882,3991,22,4,202.6,810.4
11883,3991,41,2,314.73,629.46
11884,3991,55,5,205.95,1029.75
11885,3991,83,3,130.62,391.86
11886,3991,23,2,272.6,545.2
11887,3992,19,2,280.77,561.54
11888,3992,75,2,33.9,67.8
11889,3992,6,2,121.04,242.08
11890,3992,93,3,266.65,799.95
11891,3992,82,3,71.64,214.92
11892,3993,91,5,196.31,981.55
11893,3993,81,1,499.89,499.89
11894,3993,3,3,321.8,965.4
11895,3993,29,2,122.88,245.76
11896,3993,24,1,217.84,217.84
11897,3994,16,3,465.73,1397.19
11898,3994,39,3,461.01,1383.03
11899,3994,61,3,135.79,407.37
11900,3995,3,5,321.8,1609
11901,3995,4,2,117.56,235.12
11902,3995,69,3,414.94,1244.82
11903,3995,52,5,403.26,2016.3
11904,3995,25,5,144.29,721.45
11905,3996,78,2,279.16,558.32
11906,3997,79,2,34.53,69.06
11907,3997,95,4,442.92,1771.68
11908,3997,42,3,10.28,30.84
11909,3998,77,3,112.25,336.75
11910,3998,7,2,402.41,804.82
11911,3998,3,3,321.8,965.4
11912,3998,23,3,272.6,817.8
11913,3998,72,4,152.08,608.32
11914,3999,20,3,181.13,543.39
11915,3999,70,3,303.87,911.61
11916,3999,73,2,487.67,975.34
11917,3999,7,5,402.41,2012.05
11918,3999,38,5,11.87,59.35
11919,4000,15,4,371.75,1487
11920,4000,2,1,243.6,243.6
11921,4000,58,1,433.93,433.93
11922,4000,39,4,461.01,1844.04
11923,4001,48,1,391.48,391.48
11924,4001,50,1,360.67,360.67
11925,4001,6,1,121.04,121.04
11926,4001,74,2,325.4,650.8
11927,4002,46,5,446.64,2233.2
11928,4003,74,5,325.4,1627
11929,4003,66,2,384.26,768.52
11930,4003,57,2,55.2,110.4
11931,4004,7,4,402.41,1609.64
11932,4005,24,2,217.84,435.68
11933,4005,81,5,499.89,2499.45
11934,4005,78,4,279.16,1116.64
11935,4005,56,2,180.06,360.12
11936,4005,9,4,133.05,532.2
11937,4006,39,4,461.01,1844.04
11938,4007,54,2,375.27,750.54
11939,4007,70,2,303.87,607.74
11940,4008,3,3,321.8,965.4
11941,4008,18,1,423.15,423.15
11942,4009,69,4,414.94,1659.76
11943,4009,74,3,325.4,976.2
11944,4009,58,2,433.93,867.86
11945,4009,11,4,147.32,589.28
11946,4010,60,5,358.88,1794.4
11947,4010,22,2,202.6,405.2
11948,4011,41,5,314.73,1573.65
11949,4011,59,5,330.91,1654.55
11950,4012,49,1,388.97,388.97
11951,4012,73,4,487.67,1950.68
11952,4013,95,2,442.92,885.84
11953,4013,42,3,10.28,30.84
11954,4013,57,1,55.2,55.2
11955,4014,79,4,34.53,138.12
11956,4014,83,5,130.62,653.1
11957,4014,13,4,234.45,937.8
11958,4014,5,3,142.14,426.42
11959,4014,38,4,11.87,47.48
11960,4015,99,5,107.85,539.25
11961,4015,1,3,483.17,1449.51
11962,4016,16,4,465.73,1862.92
11963,4016,81,5,499.89,2499.45
11964,4016,86,4,450.1,1800.4
11965,4017,40,5,144.16,720.8
11966,4017,28,2,87.71,175.42
11967,4017,100,3,38.05,114.15
11968,4018,60,2,358.88,717.76
11969,4018,28,1,87.71,87.71
11970,4018,73,5,487.67,2438.35
11971,4019,65,2,72.5,145
11972,4020,83,5,130.62,653.1
11973,4020,27,3,345.01,1035.03
11974,4020,63,5,229.68,1148.4
11975,4020,16,1,465.73,465.73
11976,4021,80,3,165.82,497.46
11977,4021,14,4,472.64,1890.56
11978,4022,42,2,10.28,20.56
11979,4022,75,2,33.9,67.8
11980,4022,25,3,144.29,432.87
11981,4022,79,2,34.53,69.06
11982,4023,41,5,314.73,1573.65
11983,4023,10,1,402.34,402.34
11984,4024,32,1,260.99,260.99
11985,4025,77,3,112.25,336.75
11986,4025,63,3,229.68,689.04
11987,4025,51,5,101.56,507.8
11988,4025,77,4,112.25,449
11989,4026,58,2,433.93,867.86
11990,4026,38,3,11.87,35.61
11991,4026,54,5,375.27,1876.35
11992,4027,27,3,345.01,1035.03
11993,4027,90,5,157.77,788.85
11994,4027,46,1,446.64,446.64
11995,4028,37,4,463.79,1855.16
11996,4028,64,3,325.29,975.87
11997,4028,98,4,140.33,561.32
11998,4029,69,5,414.94,2074.7
11999,4029,59,3,330.91,992.73
12000,4030,80,5,165.82,829.1
12001,4031,97,1,425.33,425.33
12002,4031,77,4,112.25,449
12003,4032,20,3,181.13,543.39
12004,4032,75,5,33.9,169.5
12005,4032,58,4,433.93,1735.72
12006,4033,95,4,442.92,1771.68
12007,4033,9,5,133.05,665.25
12008,4033,24,2,217.84,435.68
12009,4033,53,3,120.42,361.26
12010,4033,100,2,38.05,76.1
12011,4034,69,4,414.94,1659.76
12012,4035,94,5,41.72,208.6
12013,4035,100,4,38.05,152.2
12014,4035,20,2,181.13,362.26
12015,4036,60,2,358.88,717.76
12016,4036,46,4,446.64,1786.56
12017,4036,87,2,476.96,953.92
12018,4036,31,1,214.73,214.73
12019,4036,41,5,314.73,1573.65
12020,4037,38,1,11.87,11.87
12021,4037,7,1,402.41,402.41
12022,4038,37,1,463.79,463.79
12023,4038,3,3,321.8,965.4
12024,4038,56,3,180.06,540.18
12025,4038,54,1,375.27,375.27
12026,4038,43,5,250.15,1250.75
12027,4039,83,4,130.62,522.48
12028,4040,19,1,280.77,280.77
12029,4041,80,5,165.82,829.1
12030,4041,10,5,402.34,2011.7
12031,4042,47,2,218.62,437.24
12032,4042,70,1,303.87,303.87
12033,4043,3,3,321.8,965.4
12034,4043,35,1,18.87,18.87
12035,4043,6,5,121.04,605.2
12036,4044,63,5,229.68,1148.4
12037,4044,90,4,157.77,631.08
12038,4044,100,2,38.05,76.1
12039,4045,2,3,243.6,730.8
12040,4045,31,1,214.73,214.73
12041,4045,88,5,275.64,1378.2
12042,4045,9,2,133.05,266.1
12043,4045,69,1,414.94,414.94
12044,4046,56,3,180.06,540.18
12045,4046,73,1,487.67,487.67
12046,4047,40,3,144.16,432.48
12047,4047,23,3,272.6,817.8
12048,4047,13,5,234.45,1172.25
12049,4047,57,3,55.2,165.6
12050,4047,73,3,487.67,1463.01
12051,4048,45,1,444.26,444.26
12052,4048,5,5,142.14,710.7
12053,4048,93,3,266.65,799.95
12054,4048,56,3,180.06,540.18
12055,4049,37,1,463.79,463.79
12056,4049,83,1,130.62,130.62
12057,4050,35,2,18.87,37.74
12058,4050,63,5,229.68,1148.4
12059,4050,77,2,112.25,224.5
12060,4050,18,4,423.15,1692.6
12061,4050,34,5,59.14,295.7
12062,4051,61,2,135.79,271.58
12063,4051,47,3,218.62,655.86
12064,4051,8,5,30.66,153.3
12065,4051,40,2,144.16,288.32
12066,4051,97,5,425.33,2126.65
12067,4052,30,4,70.69,282.76
12068,4052,23,3,272.6,817.8
12069,4052,4,4,117.56,470.24
12070,4053,9,5,133.05,665.25
12071,4053,3,1,321.8,321.8
12072,4053,25,4,144.29,577.16
12073,4054,76,2,273.1,546.2
12074,4054,73,3,487.67,1463.01
12075,4054,82,2,71.64,143.28
12076,4054,41,3,314.73,944.19
12077,4054,51,1,101.56,101.56
12078,4055,88,3,275.64,826.92
12079,4055,70,2,303.87,607.74
12080,4056,32,1,260.99,260.99
12081,4056,26,1,313.45,313.45
12082,4056,42,1,10.28,10.28
12083,4057,43,2,250.15,500.3
12084,4057,1,5,483.17,2415.85
12085,4058,84,4,397.33,1589.32
12086,4058,15,1,371.75,371.75
12087,4058,27,2,345.01,690.02
12088,4059,20,3,181.13,543.39
12089,4059,96,1,130.71,130.71
12090,4059,30,2,70.69,141.38
12091,4059,91,4,196.31,785.24
12092,4059,97,2,425.33,850.66
12093,4060,85,4,448.65,1794.6
12094,4060,77,1,112.25,112.25
12095,4060,78,2,279.16,558.32
12096,4061,32,1,260.99,260.99
12097,4062,37,2,463.79,927.58
12098,4062,87,3,476.96,1430.88
12099,4062,51,4,101.56,406.24
12100,4063,35,1,18.87,18.87
12101,4063,16,1,465.73,465.73
12102,4063,22,1,202.6,202.6
12103,4063,66,4,384.26,1537.04
12104,4064,49,4,388.97,1555.88
12105,4065,39,3,461.01,1383.03
12106,4065,65,4,72.5,290
12107,4065,41,5,314.73,1573.65
12108,4066,65,5,72.5,362.5
12109,4066,90,1,157.77,157.77
12110,4066,53,2,120.42,240.84
12111,4066,86,2,450.1,900.2
12112,4067,6,1,121.04,121.04
12113,4067,23,1,272.6,272.6
12114,4067,90,2,157.77,315.54
12115,4068,92,5,34.18,170.9
12116,4069,87,5,476.96,2384.8
12117,4070,94,5,41.72,208.6
12118,4070,49,5,388.97,1944.85
12119,4070,79,3,34.53,103.59
12120,4070,77,1,112.25,112.25
12121,4070,29,3,122.88,368.64
12122,4071,46,2,446.64,893.28
12123,4071,96,4,130.71,522.84
12124,4071,38,5,11.87,59.35
12125,4072,44,4,71.57,286.28
12126,4072,21,3,488.47,1465.41
12127,4072,18,4,423.15,1692.6
12128,4072,13,1,234.45,234.45
12129,4072,15,5,371.75,1858.75
12130,4073,10,2,402.34,804.68
12131,4073,43,5,250.15,1250.75
12132,4073,3,5,321.8,1609
12133,4073,6,5,121.04,605.2
12134,4074,28,4,87.71,350.84
12135,4075,40,3,144.16,432.48
12136,4075,100,4,38.05,152.2
12137,4076,51,4,101.56,406.24
12138,4076,12,3,235.36,706.08
12139,4076,4,1,117.56,117.56
12140,4076,94,4,41.72,166.88
12141,4077,79,2,34.53,69.06
12142,4077,44,2,71.57,143.14
12143,4077,90,3,157.77,473.31
12144,4077,70,1,303.87,303.87
12145,4078,48,1,391.48,391.48
12146,4079,53,2,120.42,240.84
12147,4079,43,5,250.15,1250.75
12148,4080,97,2,425.33,850.66
12149,4081,65,5,72.5,362.5
12150,4081,75,4,33.9,135.6
12151,4081,41,1,314.73,314.73
12152,4082,51,5,101.56,507.8
12153,4082,83,4,130.62,522.48
12154,4083,58,3,433.93,1301.79
12155,4083,98,2,140.33,280.66
12156,4083,1,2,483.17,966.34
12157,4084,24,2,217.84,435.68
12158,4084,65,3,72.5,217.5
12159,4085,2,5,243.6,1218
12160,4085,34,5,59.14,295.7
12161,4086,92,2,34.18,68.36
12162,4086,9,4,133.05,532.2
12163,4086,75,4,33.9,135.6
12164,4087,1,1,483.17,483.17
12165,4087,86,3,450.1,1350.3
12166,4088,82,4,71.64,286.56
12167,4089,88,2,275.64,551.28
12168,4090,90,2,157.77,315.54
12169,4090,45,2,444.26,888.52
12170,4091,69,5,414.94,2074.7
12171,4091,68,2,100.19,200.38
12172,4091,79,3,34.53,103.59
12173,4091,7,4,402.41,1609.64
12174,4092,100,5,38.05,190.25
12175,4092,40,5,144.16,720.8
12176,4092,12,4,235.36,941.44
12177,4092,43,2,250.15,500.3
12178,4093,34,3,59.14,177.42
12179,4093,65,1,72.5,72.5
12180,4093,23,1,272.6,272.6
12181,4094,28,4,87.71,350.84
12182,4094,85,3,448.65,1345.95
12183,4095,8,3,30.66,91.98
12184,4095,100,2,38.05,76.1
12185,4095,66,2,384.26,768.52
12186,4095,36,4,74.4,297.6
12187,4095,92,2,34.18,68.36
12188,4096,37,5,463.79,2318.95
12189,4096,88,5,275.64,1378.2
12190,4097,59,5,330.91,1654.55
12191,4097,78,1,279.16,279.16
12192,4098,56,4,180.06,720.24
12193,4098,30,5,70.69,353.45
12194,4099,78,5,279.16,1395.8
12195,4099,49,2,388.97,777.94
12196,4099,1,1,483.17,483.17
12197,4099,10,4,402.34,1609.36
12198,4099,64,1,325.29,325.29
12199,4100,22,3,202.6,607.8
12200,4100,32,3,260.99,782.97
12201,4100,6,4,121.04,484.16
12202,4101,84,3,397.33,1191.99
12203,4102,10,3,402.34,1207.02
12204,4103,60,5,358.88,1794.4
12205,4103,49,3,388.97,1166.91
12206,4103,53,2,120.42,240.84
12207,4104,13,3,234.45,703.35
12208,4104,48,1,391.48,391.48
12209,4104,53,3,120.42,361.26
12210,4104,27,1,345.01,345.01
12211,4104,62,1,144.69,144.69
12212,4105,12,5,235.36,1176.8
12213,4106,36,2,74.4,148.8
12214,4106,83,5,130.62,653.1
12215,4106,85,2,448.65,897.3
12216,4106,54,5,375.27,1876.35
12217,4107,19,1,280.77,280.77
12218,4107,34,2,59.14,118.28
12219,4108,14,5,472.64,2363.2
12220,4109,66,5,384.26,1921.3
12221,4109,44,4,71.57,286.28
12222,4110,96,4,130.71,522.84
12223,4111,45,4,444.26,1777.04
12224,4111,32,5,260.99,1304.95
12225,4111,52,2,403.26,806.52
12226,4111,52,5,403.26,2016.3
12227,4112,37,3,463.79,1391.37
12228,4112,19,4,280.77,1123.08
12229,4113,54,2,375.27,750.54
12230,4113,56,3,180.06,540.18
12231,4114,71,4,77.6,310.4
12232,4114,63,5,229.68,1148.4
12233,4115,54,2,375.27,750.54
12234,4115,20,1,181.13,181.13
12235,4116,93,1,266.65,266.65
12236,4116,23,2,272.6,545.2
12237,4117,66,4,384.26,1537.04
12238,4117,74,2,325.4,650.8
12239,4118,61,1,135.79,135.79
12240,4119,33,3,329.42,988.26
12241,4119,53,5,120.42,602.1
12242,4119,3,3,321.8,965.4
12243,4120,52,5,403.26,2016.3
12244,4121,64,5,325.29,1626.45
12245,4121,94,4,41.72,166.88
12246,4122,51,5,101.56,507.8
12247,4122,87,4,476.96,1907.84
12248,4122,90,3,157.77,473.31
12249,4123,84,4,397.33,1589.32
12250,4123,17,4,480.38,1921.52
12251,4124,10,4,402.34,1609.36
12252,4125,69,1,414.94,414.94
12253,4125,7,1,402.41,402.41
12254,4125,58,1,433.93,433.93
12255,4125,49,2,388.97,777.94
12256,4126,29,1,122.88,122.88
12257,4126,56,5,180.06,900.3
12258,4126,38,1,11.87,11.87
12259,4126,81,5,499.89,2499.45
12260,4126,66,1,384.26,384.26
12261,4127,36,5,74.4,372
12262,4127,32,5,260.99,1304.95
12263,4127,24,2,217.84,435.68
12264,4127,58,2,433.93,867.86
12265,4128,92,3,34.18,102.54
12266,4128,90,1,157.77,157.77
12267,4129,50,2,360.67,721.34
12268,4129,69,2,414.94,829.88
12269,4130,85,2,448.65,897.3
12270,4130,23,2,272.6,545.2
12271,4130,44,4,71.57,286.28
12272,4130,99,3,107.85,323.55
12273,4130,53,4,120.42,481.68
12274,4131,12,5,235.36,1176.8
12275,4131,76,1,273.1,273.1
12276,4132,62,5,144.69,723.45
12277,4132,21,1,488.47,488.47
12278,4132,4,1,117.56,117.56
12279,4132,20,3,181.13,543.39
12280,4133,78,2,279.16,558.32
12281,4134,17,1,480.38,480.38
12282,4134,69,2,414.94,829.88
12283,4134,82,5,71.64,358.2
12284,4135,41,5,314.73,1573.65
12285,4135,74,5,325.4,1627
12286,4136,93,4,266.65,1066.6
12287,4137,59,5,330.91,1654.55
12288,4137,65,4,72.5,290
12289,4137,39,3,461.01,1383.03
12290,4138,98,4,140.33,561.32
12291,4139,8,3,30.66,91.98
12292,4139,23,1,272.6,272.6
12293,4140,61,1,135.79,135.79
12294,4140,15,2,371.75,743.5
12295,4140,49,1,388.97,388.97
12296,4140,78,2,279.16,558.32
12297,4140,80,5,165.82,829.1
12298,4141,81,5,499.89,2499.45
12299,4142,62,3,144.69,434.07
12300,4142,24,2,217.84,435.68
12301,4142,96,4,130.71,522.84
12302,4142,11,5,147.32,736.6
12303,4143,79,5,34.53,172.65
12304,4143,25,4,144.29,577.16
12305,4143,94,4,41.72,166.88
12306,4143,28,3,87.71,263.13
12307,4143,3,1,321.8,321.8
12308,4144,59,2,330.91,661.82
12309,4144,49,5,388.97,1944.85
12310,4144,18,1,423.15,423.15
12311,4145,39,1,461.01,461.01
12312,4146,6,5,121.04,605.2
12313,4146,32,1,260.99,260.99
12314,4146,29,4,122.88,491.52
12315,4146,39,5,461.01,2305.05
12316,4147,71,3,77.6,232.8
12317,4147,13,3,234.45,703.35
12318,4147,62,2,144.69,289.38
12319,4148,58,2,433.93,867.86
12320,4148,25,3,144.29,432.87
12321,4148,49,3,388.97,1166.91
12322,4149,58,4,433.93,1735.72
12323,4149,15,5,371.75,1858.75
12324,4149,4,1,117.56,117.56
12325,4150,68,3,100.19,300.57
12326,4150,21,4,488.47,1953.88
12327,4151,1,5,483.17,2415.85
12328,4152,82,4,71.64,286.56
12329,4152,52,2,403.26,806.52
12330,4153,39,5,461.01,2305.05
12331,4153,58,2,433.93,867.86
12332,4153,90,1,157.77,157.77
12333,4153,90,1,157.77,157.77
12334,4153,65,4,72.5,290
12335,4154,26,2,313.45,626.9
12336,4154,78,3,279.16,837.48
12337,4154,86,4,450.1,1800.4
12338,4155,1,4,483.17,1932.68
12339,4155,20,3,181.13,543.39
12340,4155,23,4,272.6,1090.4
12341,4155,87,5,476.96,2384.8
12342,4156,57,3,55.2,165.6
12343,4156,36,1,74.4,74.4
12344,4156,43,2,250.15,500.3
12345,4156,57,4,55.2,220.8
12346,4156,75,1,33.9,33.9
12347,4157,71,4,77.6,310.4
12348,4157,88,1,275.64,275.64
12349,4157,19,3,280.77,842.31
12350,4157,61,2,135.79,271.58
12351,4158,64,4,325.29,1301.16
12352,4158,87,4,476.96,1907.84
12353,4158,5,3,142.14,426.42
12354,4158,13,4,234.45,937.8
12355,4158,8,3,30.66,91.98
12356,4159,79,2,34.53,69.06
12357,4159,49,5,388.97,1944.85
12358,4159,30,4,70.69,282.76
12359,4159,45,2,444.26,888.52
12360,4160,35,2,18.87,37.74
12361,4160,43,4,250.15,1000.6
12362,4160,18,3,423.15,1269.45
12363,4161,13,3,234.45,703.35
12364,4162,85,2,448.65,897.3
12365,4163,3,4,321.8,1287.2
12366,4163,96,4,130.71,522.84
12367,4163,36,4,74.4,297.6
12368,4163,36,4,74.4,297.6
12369,4163,74,1,325.4,325.4
12370,4164,88,5,275.64,1378.2
12371,4164,55,1,205.95,205.95
12372,4165,65,1,72.5,72.5
12373,4166,13,3,234.45,703.35
12374,4166,83,5,130.62,653.1
12375,4166,72,2,152.08,304.16
12376,4167,75,5,33.9,169.5
12377,4167,38,1,11.87,11.87
12378,4167,98,2,140.33,280.66
12379,4167,39,3,461.01,1383.03
12380,4167,50,5,360.67,1803.35
12381,4168,15,1,371.75,371.75
12382,4168,37,1,463.79,463.79
12383,4168,16,1,465.73,465.73
12384,4169,66,4,384.26,1537.04
12385,4169,26,4,313.45,1253.8
12386,4170,37,4,463.79,1855.16
12387,4170,36,5,74.4,372
12388,4170,9,5,133.05,665.25
12389,4170,79,3,34.53,103.59
12390,4170,28,4,87.71,350.84
12391,4171,16,4,465.73,1862.92
12392,4171,65,5,72.5,362.5
12393,4171,53,5,120.42,602.1
12394,4171,14,3,472.64,1417.92
12395,4171,45,2,444.26,888.52
12396,4172,64,5,325.29,1626.45
12397,4172,53,3,120.42,361.26
12398,4172,13,1,234.45,234.45
12399,4172,45,5,444.26,2221.3
12400,4172,30,4,70.69,282.76
12401,4173,62,3,144.69,434.07
12402,4173,89,4,63.06,252.24
12403,4173,91,5,196.31,981.55
12404,4174,91,4,196.31,785.24
12405,4174,86,3,450.1,1350.3
12406,4174,62,1,144.69,144.69
12407,4175,80,4,165.82,663.28
12408,4175,37,4,463.79,1855.16
12409,4175,30,1,70.69,70.69
12410,4176,94,5,41.72,208.6
12411,4176,100,2,38.05,76.1
12412,4177,92,2,34.18,68.36
12413,4177,11,1,147.32,147.32
12414,4178,25,1,144.29,144.29
12415,4178,66,1,384.26,384.26
12416,4178,68,3,100.19,300.57
12417,4178,43,5,250.15,1250.75
12418,4178,95,2,442.92,885.84
12419,4179,68,5,100.19,500.95
12420,4179,25,4,144.29,577.16
12421,4179,61,1,135.79,135.79
12422,4179,3,3,321.8,965.4
12423,4180,16,3,465.73,1397.19
12424,4180,37,5,463.79,2318.95
12425,4181,43,5,250.15,1250.75
12426,4181,16,4,465.73,1862.92
12427,4181,16,1,465.73,465.73
12428,4181,87,1,476.96,476.96
12429,4181,84,1,397.33,397.33
12430,4182,55,1,205.95,205.95
12431,4182,85,1,448.65,448.65
12432,4182,38,3,11.87,35.61
12433,4182,11,2,147.32,294.64
12434,4183,80,3,165.82,497.46
12435,4183,100,2,38.05,76.1
12436,4183,77,2,112.25,224.5
12437,4183,45,2,444.26,888.52
12438,4184,43,5,250.15,1250.75
12439,4185,7,3,402.41,1207.23
12440,4186,58,1,433.93,433.93
12441,4186,34,5,59.14,295.7
12442,4186,42,3,10.28,30.84
12443,4186,99,2,107.85,215.7
12444,4187,67,5,146.48,732.4
12445,4188,70,2,303.87,607.74
12446,4188,31,3,214.73,644.19
12447,4189,38,5,11.87,59.35
12448,4189,92,3,34.18,102.54
12449,4189,51,2,101.56,203.12
12450,4189,2,4,243.6,974.4
12451,4189,68,5,100.19,500.95
12452,4190,42,5,10.28,51.4
12453,4190,50,4,360.67,1442.68
12454,4190,53,3,120.42,361.26
12455,4191,95,1,442.92,442.92
12456,4191,62,1,144.69,144.69
12457,4191,34,3,59.14,177.42
12458,4192,23,3,272.6,817.8
12459,4192,1,1,483.17,483.17
12460,4192,28,1,87.71,87.71
12461,4192,81,4,499.89,1999.56
12462,4193,98,3,140.33,420.99
12463,4193,97,2,425.33,850.66
12464,4193,38,5,11.87,59.35
12465,4193,12,3,235.36,706.08
12466,4193,99,4,107.85,431.4
12467,4194,23,1,272.6,272.6
12468,4194,60,2,358.88,717.76
12469,4194,34,2,59.14,118.28
12470,4194,73,5,487.67,2438.35
12471,4194,93,1,266.65,266.65
12472,4195,22,1,202.6,202.6
12473,4195,87,1,476.96,476.96
12474,4195,31,2,214.73,429.46
12475,4196,55,5,205.95,1029.75
12476,4197,99,5,107.85,539.25
12477,4197,70,5,303.87,1519.35
12478,4198,2,3,243.6,730.8
12479,4198,97,1,425.33,425.33
12480,4198,8,2,30.66,61.32
12481,4198,67,3,146.48,439.44
12482,4198,30,3,70.69,212.07
12483,4199,69,5,414.94,2074.7
12484,4199,23,5,272.6,1363
12485,4199,25,1,144.29,144.29
12486,4200,40,4,144.16,576.64
12487,4200,47,5,218.62,1093.1
12488,4201,75,3,33.9,101.7
12489,4202,88,3,275.64,826.92
12490,4203,83,4,130.62,522.48
12491,4203,83,1,130.62,130.62
12492,4203,51,3,101.56,304.68
12493,4204,21,1,488.47,488.47
12494,4204,47,1,218.62,218.62
12495,4204,41,4,314.73,1258.92
12496,4204,7,2,402.41,804.82
12497,4204,38,5,11.87,59.35
12498,4205,74,3,325.4,976.2
12499,4205,77,4,112.25,449
12500,4205,81,3,499.89,1499.67
12501,4206,51,2,101.56,203.12
12502,4206,9,5,133.05,665.25
12503,4206,13,5,234.45,1172.25
12504,4206,22,5,202.6,1013
12505,4206,81,5,499.89,2499.45
12506,4207,34,5,59.14,295.7
12507,4207,69,5,414.94,2074.7
12508,4207,70,2,303.87,607.74
12509,4207,78,5,279.16,1395.8
12510,4208,25,3,144.29,432.87
12511,4208,44,4,71.57,286.28
12512,4209,84,4,397.33,1589.32
12513,4209,4,5,117.56,587.8
12514,4210,97,2,425.33,850.66
12515,4211,12,5,235.36,1176.8
12516,4211,55,2,205.95,411.9
12517,4212,29,2,122.88,245.76
12518,4212,66,5,384.26,1921.3
12519,4212,43,1,250.15,250.15
12520,4212,97,4,425.33,1701.32
12521,4212,6,5,121.04,605.2
12522,4213,27,2,345.01,690.02
12523,4214,13,4,234.45,937.8
12524,4214,15,4,371.75,1487
12525,4215,11,1,147.32,147.32
12526,4216,51,4,101.56,406.24
12527,4216,4,4,117.56,470.24
12528,4217,78,3,279.16,837.48
12529,4217,61,4,135.79,543.16
12530,4217,85,2,448.65,897.3
12531,4217,74,2,325.4,650.8
12532,4218,71,1,77.6,77.6
12533,4218,69,2,414.94,829.88
12534,4218,28,1,87.71,87.71
12535,4218,80,4,165.82,663.28
12536,4219,87,2,476.96,953.92
12537,4219,34,2,59.14,118.28
12538,4219,55,3,205.95,617.85
12539,4219,62,1,144.69,144.69
12540,4220,88,4,275.64,1102.56
12541,4220,18,5,423.15,2115.75
12542,4220,55,4,205.95,823.8
12543,4220,98,1,140.33,140.33
12544,4221,42,1,10.28,10.28
12545,4221,21,5,488.47,2442.35
12546,4221,37,2,463.79,927.58
12547,4222,21,2,488.47,976.94
12548,4222,58,5,433.93,2169.65
12549,4222,69,2,414.94,829.88
12550,4222,40,4,144.16,576.64
12551,4222,29,3,122.88,368.64
12552,4223,6,4,121.04,484.16
12553,4224,23,1,272.6,272.6
12554,4224,67,3,146.48,439.44
12555,4224,67,3,146.48,439.44
12556,4225,94,4,41.72,166.88
12557,4225,15,5,371.75,1858.75
12558,4225,32,4,260.99,1043.96
12559,4226,84,5,397.33,1986.65
12560,4226,37,2,463.79,927.58
12561,4226,96,2,130.71,261.42
12562,4226,76,5,273.1,1365.5
12563,4227,82,3,71.64,214.92
12564,4227,8,2,30.66,61.32
12565,4227,8,5,30.66,153.3
12566,4228,15,2,371.75,743.5
12567,4228,28,5,87.71,438.55
12568,4228,23,4,272.6,1090.4
12569,4228,76,1,273.1,273.1
12570,4228,8,3,30.66,91.98
12571,4229,94,3,41.72,125.16
12572,4229,81,4,499.89,1999.56
12573,4229,83,2,130.62,261.24
12574,4229,77,4,112.25,449
12575,4229,47,4,218.62,874.48
12576,4230,67,1,146.48,146.48
12577,4230,81,3,499.89,1499.67
12578,4230,85,1,448.65,448.65
12579,4231,70,1,303.87,303.87
12580,4231,92,1,34.18,34.18
12581,4231,16,1,465.73,465.73
12582,4232,84,3,397.33,1191.99
12583,4233,6,5,121.04,605.2
12584,4233,6,3,121.04,363.12
12585,4234,91,4,196.31,785.24
12586,4234,98,5,140.33,701.65
12587,4234,7,1,402.41,402.41
12588,4235,23,3,272.6,817.8
12589,4235,22,2,202.6,405.2
12590,4235,96,4,130.71,522.84
12591,4235,99,2,107.85,215.7
12592,4236,54,5,375.27,1876.35
12593,4236,23,4,272.6,1090.4
12594,4236,81,3,499.89,1499.67
12595,4236,49,3,388.97,1166.91
12596,4237,1,4,483.17,1932.68
12597,4237,43,3,250.15,750.45
12598,4237,92,4,34.18,136.72
12599,4237,7,1,402.41,402.41
12600,4238,100,3,38.05,114.15
12601,4238,94,5,41.72,208.6
12602,4238,91,2,196.31,392.62
12603,4238,90,2,157.77,315.54
12604,4239,79,2,34.53,69.06
12605,4240,57,5,55.2,276
12606,4240,56,4,180.06,720.24
12607,4241,90,5,157.77,788.85
12608,4241,26,1,313.45,313.45
12609,4241,50,1,360.67,360.67
12610,4241,86,1,450.1,450.1
12611,4241,89,4,63.06,252.24
12612,4242,56,2,180.06,360.12
12613,4243,95,4,442.92,1771.68
12614,4243,68,4,100.19,400.76
12615,4244,20,2,181.13,362.26
12616,4244,83,4,130.62,522.48
12617,4244,29,5,122.88,614.4
12618,4244,61,2,135.79,271.58
12619,4244,96,2,130.71,261.42
12620,4245,99,1,107.85,107.85
12621,4246,59,2,330.91,661.82
12622,4246,76,2,273.1,546.2
12623,4246,48,5,391.48,1957.4
12624,4247,37,3,463.79,1391.37
12625,4247,48,1,391.48,391.48
12626,4248,13,3,234.45,703.35
12627,4248,48,5,391.48,1957.4
12628,4248,62,3,144.69,434.07
12629,4248,55,5,205.95,1029.75
12630,4248,43,3,250.15,750.45
12631,4249,64,4,325.29,1301.16
12632,4249,57,3,55.2,165.6
12633,4249,4,2,117.56,235.12
12634,4249,30,3,70.69,212.07
12635,4249,20,4,181.13,724.52
12636,4250,30,3,70.69,212.07
12637,4250,60,2,358.88,717.76
12638,4250,61,3,135.79,407.37
12639,4250,50,1,360.67,360.67
12640,4251,72,5,152.08,760.4
12641,4251,76,5,273.1,1365.5
12642,4251,5,2,142.14,284.28
12643,4251,59,3,330.91,992.73
12644,4252,44,1,71.57,71.57
12645,4252,41,5,314.73,1573.65
12646,4252,87,3,476.96,1430.88
12647,4252,9,5,133.05,665.25
12648,4252,52,4,403.26,1613.04
12649,4253,4,2,117.56,235.12
12650,4253,30,2,70.69,141.38
12651,4253,21,5,488.47,2442.35
12652,4253,93,4,266.65,1066.6
12653,4253,45,2,444.26,888.52
12654,4254,67,5,146.48,732.4
12655,4254,12,5,235.36,1176.8
12656,4254,36,1,74.4,74.4
12657,4254,33,5,329.42,1647.1
12658,4254,59,1,330.91,330.91
12659,4255,48,5,391.48,1957.4
12660,4255,100,2,38.05,76.1
12661,4255,51,1,101.56,101.56
12662,4256,78,5,279.16,1395.8
12663,4256,20,2,181.13,362.26
12664,4256,23,1,272.6,272.6
12665,4256,100,2,38.05,76.1
12666,4257,100,4,38.05,152.2
12667,4257,81,3,499.89,1499.67
12668,4258,44,2,71.57,143.14
12669,4259,8,3,30.66,91.98
12670,4260,32,3,260.99,782.97
12671,4261,96,3,130.71,392.13
12672,4261,19,5,280.77,1403.85
12673,4261,14,5,472.64,2363.2
12674,4261,68,5,100.19,500.95
12675,4262,89,3,63.06,189.18
12676,4263,64,1,325.29,325.29
12677,4263,42,4,10.28,41.12
12678,4264,24,5,217.84,1089.2
12679,4265,9,1,133.05,133.05
12680,4265,18,1,423.15,423.15
12681,4265,89,3,63.06,189.18
12682,4266,70,1,303.87,303.87
12683,4266,5,2,142.14,284.28
12684,4267,54,5,375.27,1876.35
12685,4267,30,2,70.69,141.38
12686,4268,91,4,196.31,785.24
12687,4269,16,2,465.73,931.46
12688,4270,5,4,142.14,568.56
12689,4271,65,2,72.5,145
12690,4271,27,5,345.01,1725.05
12691,4271,3,4,321.8,1287.2
12692,4271,69,5,414.94,2074.7
12693,4271,71,5,77.6,388
12694,4272,94,3,41.72,125.16
12695,4273,36,5,74.4,372
12696,4273,44,5,71.57,357.85
12697,4274,87,1,476.96,476.96
12698,4275,64,3,325.29,975.87
12699,4275,37,3,463.79,1391.37
12700,4275,77,2,112.25,224.5
12701,4275,96,3,130.71,392.13
12702,4276,8,1,30.66,30.66
12703,4276,99,2,107.85,215.7
12704,4277,25,4,144.29,577.16
12705,4277,71,1,77.6,77.6
12706,4277,18,5,423.15,2115.75
12707,4278,33,1,329.42,329.42
12708,4278,94,2,41.72,83.44
12709,4278,1,2,483.17,966.34
12710,4279,65,2,72.5,145
12711,4280,51,4,101.56,406.24
12712,4280,26,4,313.45,1253.8
12713,4280,18,5,423.15,2115.75
12714,4281,29,5,122.88,614.4
12715,4281,93,2,266.65,533.3
12716,4281,60,1,358.88,358.88
12717,4282,41,4,314.73,1258.92
12718,4282,88,4,275.64,1102.56
12719,4282,76,5,273.1,1365.5
12720,4282,75,5,33.9,169.5
12721,4283,76,3,273.1,819.3
12722,4283,39,1,461.01,461.01
12723,4283,22,1,202.6,202.6
12724,4284,41,5,314.73,1573.65
12725,4284,99,4,107.85,431.4
12726,4285,42,3,10.28,30.84
12727,4285,33,3,329.42,988.26
12728,4285,68,4,100.19,400.76
12729,4285,20,3,181.13,543.39
12730,4286,75,2,33.9,67.8
12731,4286,95,1,442.92,442.92
12732,4286,74,5,325.4,1627
12733,4286,67,2,146.48,292.96
12734,4287,44,2,71.57,143.14
12735,4288,54,5,375.27,1876.35
12736,4288,8,3,30.66,91.98
12737,4289,80,1,165.82,165.82
12738,4289,13,1,234.45,234.45
12739,4290,77,5,112.25,561.25
12740,4290,3,5,321.8,1609
12741,4291,59,5,330.91,1654.55
12742,4291,44,5,71.57,357.85
12743,4292,42,2,10.28,20.56
12744,4292,8,3,30.66,91.98
12745,4292,16,3,465.73,1397.19
12746,4292,53,5,120.42,602.1
12747,4292,49,2,388.97,777.94
12748,4293,12,4,235.36,941.44
12749,4293,3,4,321.8,1287.2
12750,4294,34,1,59.14,59.14
12751,4294,55,1,205.95,205.95
12752,4294,90,4,157.77,631.08
12753,4294,74,3,325.4,976.2
12754,4295,96,4,130.71,522.84
12755,4295,23,1,272.6,272.6
12756,4295,57,4,55.2,220.8
12757,4296,88,1,275.64,275.64
12758,4296,98,2,140.33,280.66
12759,4296,22,3,202.6,607.8
12760,4297,69,1,414.94,414.94
12761,4297,10,2,402.34,804.68
12762,4297,76,5,273.1,1365.5
12763,4297,60,2,358.88,717.76
12764,4297,61,2,135.79,271.58
12765,4298,96,1,130.71,130.71
12766,4298,26,1,313.45,313.45
12767,4298,26,2,313.45,626.9
12768,4298,34,2,59.14,118.28
12769,4298,47,2,218.62,437.24
12770,4299,33,3,329.42,988.26
12771,4299,5,1,142.14,142.14
12772,4300,62,3,144.69,434.07
12773,4300,62,4,144.69,578.76
12774,4300,95,3,442.92,1328.76
12775,4300,77,3,112.25,336.75
12776,4300,67,2,146.48,292.96
12777,4301,73,1,487.67,487.67
12778,4302,39,5,461.01,2305.05
12779,4303,55,2,205.95,411.9
12780,4304,18,4,423.15,1692.6
12781,4304,62,4,144.69,578.76
12782,4304,38,1,11.87,11.87
12783,4304,35,2,18.87,37.74
12784,4304,20,4,181.13,724.52
12785,4305,66,1,384.26,384.26
12786,4305,80,4,165.82,663.28
12787,4305,42,5,10.28,51.4
12788,4305,16,4,465.73,1862.92
12789,4305,62,4,144.69,578.76
12790,4306,14,2,472.64,945.28
12791,4306,79,5,34.53,172.65
12792,4306,71,3,77.6,232.8
12793,4306,92,1,34.18,34.18
12794,4307,11,4,147.32,589.28
12795,4307,38,4,11.87,47.48
12796,4307,45,2,444.26,888.52
12797,4308,66,4,384.26,1537.04
12798,4308,70,3,303.87,911.61
12799,4309,54,5,375.27,1876.35
12800,4309,6,4,121.04,484.16
12801,4309,87,4,476.96,1907.84
12802,4309,74,3,325.4,976.2
12803,4310,39,4,461.01,1844.04
12804,4310,26,2,313.45,626.9
12805,4310,47,1,218.62,218.62
12806,4310,83,5,130.62,653.1
12807,4310,96,1,130.71,130.71
12808,4311,89,3,63.06,189.18
12809,4311,43,3,250.15,750.45
12810,4311,74,3,325.4,976.2
12811,4312,21,4,488.47,1953.88
12812,4312,46,3,446.64,1339.92
12813,4313,40,5,144.16,720.8
12814,4313,29,1,122.88,122.88
12815,4313,17,1,480.38,480.38
12816,4314,49,5,388.97,1944.85
12817,4315,52,5,403.26,2016.3
12818,4315,48,1,391.48,391.48
12819,4315,80,4,165.82,663.28
12820,4315,92,3,34.18,102.54
12821,4315,10,4,402.34,1609.36
12822,4316,38,2,11.87,23.74
12823,4317,94,2,41.72,83.44
12824,4317,58,2,433.93,867.86
12825,4317,55,1,205.95,205.95
12826,4317,69,4,414.94,1659.76
12827,4318,50,1,360.67,360.67
12828,4318,99,5,107.85,539.25
12829,4318,12,4,235.36,941.44
12830,4319,32,3,260.99,782.97
12831,4319,67,5,146.48,732.4
12832,4320,1,3,483.17,1449.51
12833,4320,27,5,345.01,1725.05
12834,4320,38,2,11.87,23.74
12835,4320,51,4,101.56,406.24
12836,4321,7,2,402.41,804.82
12837,4321,54,5,375.27,1876.35
12838,4321,42,1,10.28,10.28
12839,4321,13,3,234.45,703.35
12840,4321,25,5,144.29,721.45
12841,4322,45,5,444.26,2221.3
12842,4322,30,1,70.69,70.69
12843,4322,17,1,480.38,480.38
12844,4323,59,2,330.91,661.82
12845,4323,74,2,325.4,650.8
12846,4323,48,2,391.48,782.96
12847,4323,86,5,450.1,2250.5
12848,4323,76,4,273.1,1092.4
12849,4324,60,3,358.88,1076.64
12850,4324,77,5,112.25,561.25
12851,4324,72,4,152.08,608.32
12852,4324,27,1,345.01,345.01
12853,4324,9,2,133.05,266.1
12854,4325,84,5,397.33,1986.65
12855,4325,25,1,144.29,144.29
12856,4325,18,2,423.15,846.3
12857,4325,47,1,218.62,218.62
12858,4326,14,3,472.64,1417.92
12859,4326,3,2,321.8,643.6
12860,4327,52,1,403.26,403.26
12861,4327,4,2,117.56,235.12
12862,4328,24,3,217.84,653.52
12863,4329,61,2,135.79,271.58
12864,4330,54,2,375.27,750.54
12865,4330,78,1,279.16,279.16
12866,4331,44,5,71.57,357.85
12867,4331,89,1,63.06,63.06
12868,4331,36,4,74.4,297.6
12869,4331,83,5,130.62,653.1
12870,4331,74,4,325.4,1301.6
12871,4332,38,5,11.87,59.35
12872,4332,73,2,487.67,975.34
12873,4332,70,2,303.87,607.74
12874,4332,88,2,275.64,551.28
12875,4332,39,2,461.01,922.02
12876,4333,53,1,120.42,120.42
12877,4333,26,2,313.45,626.9
12878,4333,57,4,55.2,220.8
12879,4333,87,3,476.96,1430.88
12880,4333,57,3,55.2,165.6
12881,4334,94,2,41.72,83.44
12882,4334,87,1,476.96,476.96
12883,4334,70,3,303.87,911.61
12884,4335,50,1,360.67,360.67
12885,4335,13,2,234.45,468.9
12886,4335,75,4,33.9,135.6
12887,4335,93,1,266.65,266.65
12888,4335,1,5,483.17,2415.85
12889,4336,94,3,41.72,125.16
12890,4336,27,4,345.01,1380.04
12891,4336,41,4,314.73,1258.92
12892,4336,77,1,112.25,112.25
12893,4336,76,3,273.1,819.3
12894,4337,30,2,70.69,141.38
12895,4337,78,2,279.16,558.32
12896,4337,94,3,41.72,125.16
12897,4337,36,1,74.4,74.4
12898,4338,66,2,384.26,768.52
12899,4338,59,3,330.91,992.73
12900,4339,88,5,275.64,1378.2
12901,4339,10,2,402.34,804.68
12902,4340,23,5,272.6,1363
12903,4341,46,5,446.64,2233.2
12904,4341,52,3,403.26,1209.78
12905,4341,69,2,414.94,829.88
12906,4341,61,3,135.79,407.37
12907,4341,99,3,107.85,323.55
12908,4342,79,5,34.53,172.65
12909,4342,8,3,30.66,91.98
12910,4342,13,2,234.45,468.9
12911,4342,63,5,229.68,1148.4
12912,4342,16,4,465.73,1862.92
12913,4343,54,3,375.27,1125.81
12914,4343,50,2,360.67,721.34
12915,4343,61,5,135.79,678.95
12916,4344,92,3,34.18,102.54
12917,4344,82,3,71.64,214.92
12918,4344,94,4,41.72,166.88
12919,4345,40,4,144.16,576.64
12920,4345,21,5,488.47,2442.35
12921,4345,31,4,214.73,858.92
12922,4345,64,1,325.29,325.29
12923,4346,95,2,442.92,885.84
12924,4346,84,5,397.33,1986.65
12925,4346,27,2,345.01,690.02
12926,4346,88,5,275.64,1378.2
12927,4347,91,4,196.31,785.24
12928,4347,3,1,321.8,321.8
12929,4347,27,1,345.01,345.01
12930,4347,9,5,133.05,665.25
12931,4347,42,4,10.28,41.12
12932,4348,3,3,321.8,965.4
12933,4348,26,2,313.45,626.9
12934,4349,39,2,461.01,922.02
12935,4349,58,3,433.93,1301.79
12936,4350,94,5,41.72,208.6
12937,4351,66,3,384.26,1152.78
12938,4351,77,2,112.25,224.5
12939,4352,87,4,476.96,1907.84
12940,4352,20,4,181.13,724.52
12941,4353,13,4,234.45,937.8
12942,4353,33,1,329.42,329.42
12943,4353,93,1,266.65,266.65
12944,4353,25,5,144.29,721.45
12945,4354,79,2,34.53,69.06
12946,4355,85,4,448.65,1794.6
12947,4355,13,4,234.45,937.8
12948,4356,55,4,205.95,823.8
12949,4356,13,2,234.45,468.9
12950,4356,12,2,235.36,470.72
12951,4357,13,3,234.45,703.35
12952,4358,22,1,202.6,202.6
12953,4358,2,3,243.6,730.8
12954,4359,26,1,313.45,313.45
12955,4359,11,2,147.32,294.64
12956,4359,13,2,234.45,468.9
12957,4359,53,2,120.42,240.84
12958,4359,62,2,144.69,289.38
12959,4360,44,2,71.57,143.14
12960,4360,94,1,41.72,41.72
12961,4360,26,5,313.45,1567.25
12962,4361,73,4,487.67,1950.68
12963,4362,56,2,180.06,360.12
12964,4363,12,1,235.36,235.36
12965,4363,78,4,279.16,1116.64
12966,4363,40,1,144.16,144.16
12967,4363,97,2,425.33,850.66
12968,4364,74,3,325.4,976.2
12969,4364,31,2,214.73,429.46
12970,4364,21,2,488.47,976.94
12971,4364,73,4,487.67,1950.68
12972,4364,13,2,234.45,468.9
12973,4365,89,4,63.06,252.24
12974,4365,13,5,234.45,1172.25
12975,4365,9,2,133.05,266.1
12976,4365,94,1,41.72,41.72
12977,4366,25,2,144.29,288.58
12978,4366,86,1,450.1,450.1
12979,4366,60,2,358.88,717.76
12980,4366,31,1,214.73,214.73
12981,4366,98,5,140.33,701.65
12982,4367,70,4,303.87,1215.48
12983,4367,44,3,71.57,214.71
12984,4367,86,4,450.1,1800.4
12985,4367,71,3,77.6,232.8
12986,4367,58,3,433.93,1301.79
12987,4368,87,3,476.96,1430.88
12988,4368,45,1,444.26,444.26
12989,4369,80,2,165.82,331.64
12990,4369,18,4,423.15,1692.6
12991,4370,29,2,122.88,245.76
12992,4370,68,3,100.19,300.57
12993,4371,24,2,217.84,435.68
12994,4371,1,2,483.17,966.34
12995,4371,27,2,345.01,690.02
12996,4371,33,4,329.42,1317.68
12997,4371,72,1,152.08,152.08
12998,4372,91,3,196.31,588.93
12999,4372,79,1,34.53,34.53
13000,4372,70,1,303.87,303.87
13001,4372,5,3,142.14,426.42
13002,4372,21,5,488.47,2442.35
13003,4373,48,2,391.48,782.96
13004,4373,89,4,63.06,252.24
13005,4373,14,5,472.64,2363.2
13006,4373,40,5,144.16,720.8
13007,4373,61,1,135.79,135.79
13008,4374,39,2,461.01,922.02
13009,4375,35,5,18.87,94.35
13010,4375,68,5,100.19,500.95
13011,4375,16,3,465.73,1397.19
13012,4375,79,4,34.53,138.12
13013,4375,61,3,135.79,407.37
13014,4376,32,5,260.99,1304.95
13015,4376,64,4,325.29,1301.16
13016,4377,93,2,266.65,533.3
13017,4377,12,3,235.36,706.08
13018,4377,73,5,487.67,2438.35
13019,4377,5,2,142.14,284.28
13020,4377,43,1,250.15,250.15
13021,4378,24,1,217.84,217.84
13022,4378,8,5,30.66,153.3
13023,4378,26,1,313.45,313.45
13024,4379,40,5,144.16,720.8
13025,4379,22,4,202.6,810.4
13026,4379,37,2,463.79,927.58
13027,4379,100,1,38.05,38.05
13028,4379,19,1,280.77,280.77
13029,4380,64,1,325.29,325.29
13030,4381,64,5,325.29,1626.45
13031,4382,76,5,273.1,1365.5
13032,4382,72,4,152.08,608.32
13033,4383,66,4,384.26,1537.04
13034,4383,23,2,272.6,545.2
13035,4384,12,5,235.36,1176.8
13036,4384,65,3,72.5,217.5
13037,4384,62,2,144.69,289.38
13038,4384,37,1,463.79,463.79
13039,4384,16,3,465.73,1397.19
13040,4385,42,1,10.28,10.28
13041,4385,20,3,181.13,543.39
13042,4385,83,5,130.62,653.1
13043,4385,63,1,229.68,229.68
13044,4386,23,4,272.6,1090.4
13045,4386,25,4,144.29,577.16
13046,4386,38,3,11.87,35.61
13047,4387,98,4,140.33,561.32
13048,4387,41,3,314.73,944.19
13049,4387,39,3,461.01,1383.03
13050,4387,54,4,375.27,1501.08
13051,4388,58,3,433.93,1301.79
13052,4388,94,3,41.72,125.16
13053,4389,97,5,425.33,2126.65
13054,4389,69,3,414.94,1244.82
13055,4389,95,2,442.92,885.84
13056,4389,30,3,70.69,212.07
13057,4390,49,1,388.97,388.97
13058,4390,86,2,450.1,900.2
13059,4390,81,4,499.89,1999.56
13060,4390,63,4,229.68,918.72
13061,4391,78,2,279.16,558.32
13062,4392,72,2,152.08,304.16
13063,4392,10,5,402.34,2011.7
13064,4393,51,5,101.56,507.8
13065,4393,21,5,488.47,2442.35
13066,4393,71,3,77.6,232.8
13067,4393,7,5,402.41,2012.05
13068,4393,92,4,34.18,136.72
13069,4394,42,1,10.28,10.28
13070,4394,100,2,38.05,76.1
13071,4395,43,1,250.15,250.15
13072,4395,8,3,30.66,91.98
13073,4395,40,4,144.16,576.64
13074,4395,87,1,476.96,476.96
13075,4395,96,1,130.71,130.71
13076,4396,84,5,397.33,1986.65
13077,4396,78,2,279.16,558.32
13078,4397,50,3,360.67,1082.01
13079,4397,18,4,423.15,1692.6
13080,4397,48,5,391.48,1957.4
13081,4397,48,1,391.48,391.48
13082,4397,91,5,196.31,981.55
13083,4398,43,5,250.15,1250.75
13084,4398,74,1,325.4,325.4
13085,4398,22,5,202.6,1013
13086,4398,40,1,144.16,144.16
13087,4398,40,2,144.16,288.32
13088,4399,82,4,71.64,286.56
13089,4399,3,2,321.8,643.6
13090,4399,5,2,142.14,284.28
13091,4400,82,4,71.64,286.56
13092,4400,21,1,488.47,488.47
13093,4400,83,2,130.62,261.24
13094,4400,39,3,461.01,1383.03
13095,4401,81,1,499.89,499.89
13096,4401,54,3,375.27,1125.81
13097,4401,26,3,313.45,940.35
13098,4401,28,3,87.71,263.13
13099,4402,11,3,147.32,441.96
13100,4402,3,1,321.8,321.8
13101,4402,38,3,11.87,35.61
13102,4403,24,2,217.84,435.68
13103,4403,94,3,41.72,125.16
13104,4403,32,3,260.99,782.97
13105,4404,35,5,18.87,94.35
13106,4404,26,1,313.45,313.45
13107,4404,11,4,147.32,589.28
13108,4404,25,1,144.29,144.29
13109,4405,3,5,321.8,1609
13110,4405,62,3,144.69,434.07
13111,4405,38,3,11.87,35.61
13112,4406,13,3,234.45,703.35
13113,4406,73,3,487.67,1463.01
13114,4406,73,3,487.67,1463.01
13115,4407,76,2,273.1,546.2
13116,4407,75,4,33.9,135.6
13117,4407,16,5,465.73,2328.65
13118,4408,33,4,329.42,1317.68
13119,4408,47,1,218.62,218.62
13120,4408,98,4,140.33,561.32
13121,4409,9,1,133.05,133.05
13122,4410,50,2,360.67,721.34
13123,4410,8,4,30.66,122.64
13124,4410,22,1,202.6,202.6
13125,4410,70,2,303.87,607.74
13126,4410,79,2,34.53,69.06
13127,4411,68,4,100.19,400.76
13128,4412,50,2,360.67,721.34
13129,4412,54,3,375.27,1125.81
13130,4412,50,2,360.67,721.34
13131,4412,56,1,180.06,180.06
13132,4412,1,1,483.17,483.17
13133,4413,95,4,442.92,1771.68
13134,4414,40,3,144.16,432.48
13135,4414,42,1,10.28,10.28
13136,4414,60,3,358.88,1076.64
13137,4415,80,3,165.82,497.46
13138,4415,98,4,140.33,561.32
13139,4415,82,1,71.64,71.64
13140,4415,27,2,345.01,690.02
13141,4416,38,2,11.87,23.74
13142,4416,87,3,476.96,1430.88
13143,4416,8,3,30.66,91.98
13144,4416,73,3,487.67,1463.01
13145,4417,15,4,371.75,1487
13146,4417,71,3,77.6,232.8
13147,4417,23,2,272.6,545.2
13148,4417,31,4,214.73,858.92
13149,4417,24,5,217.84,1089.2
13150,4418,71,3,77.6,232.8
13151,4419,87,3,476.96,1430.88
13152,4419,72,2,152.08,304.16
13153,4420,52,1,403.26,403.26
13154,4420,100,1,38.05,38.05
13155,4420,82,1,71.64,71.64
13156,4421,51,2,101.56,203.12
13157,4422,59,1,330.91,330.91
13158,4422,18,5,423.15,2115.75
13159,4422,60,4,358.88,1435.52
13160,4422,20,5,181.13,905.65
13161,4422,13,2,234.45,468.9
13162,4423,61,3,135.79,407.37
13163,4423,15,4,371.75,1487
13164,4423,44,1,71.57,71.57
13165,4423,93,1,266.65,266.65
13166,4423,88,2,275.64,551.28
13167,4424,37,2,463.79,927.58
13168,4425,51,4,101.56,406.24
13169,4425,24,2,217.84,435.68
13170,4425,97,3,425.33,1275.99
13171,4425,94,3,41.72,125.16
13172,4425,90,1,157.77,157.77
13173,4426,4,1,117.56,117.56
13174,4427,45,3,444.26,1332.78
13175,4427,29,5,122.88,614.4
13176,4427,40,1,144.16,144.16
13177,4428,5,1,142.14,142.14
13178,4428,26,5,313.45,1567.25
13179,4428,8,3,30.66,91.98
13180,4428,23,3,272.6,817.8
13181,4429,10,2,402.34,804.68
13182,4429,60,4,358.88,1435.52
13183,4429,7,2,402.41,804.82
13184,4430,97,1,425.33,425.33
13185,4430,12,4,235.36,941.44
13186,4430,10,1,402.34,402.34
13187,4430,60,4,358.88,1435.52
13188,4430,49,4,388.97,1555.88
13189,4431,25,3,144.29,432.87
13190,4432,68,3,100.19,300.57
13191,4432,43,1,250.15,250.15
13192,4433,46,4,446.64,1786.56
13193,4433,76,4,273.1,1092.4
13194,4434,36,3,74.4,223.2
13195,4434,84,2,397.33,794.66
13196,4434,38,3,11.87,35.61
13197,4435,25,3,144.29,432.87
13198,4436,50,4,360.67,1442.68
13199,4436,61,3,135.79,407.37
13200,4436,34,2,59.14,118.28
13201,4436,95,3,442.92,1328.76
13202,4437,32,1,260.99,260.99
13203,4437,75,1,33.9,33.9
13204,4438,81,4,499.89,1999.56
13205,4438,51,5,101.56,507.8
13206,4438,75,4,33.9,135.6
13207,4438,70,1,303.87,303.87
13208,4438,99,3,107.85,323.55
13209,4439,61,5,135.79,678.95
13210,4439,50,1,360.67,360.67
13211,4439,46,3,446.64,1339.92
13212,4439,51,3,101.56,304.68
13213,4439,58,5,433.93,2169.65
13214,4440,48,1,391.48,391.48
13215,4440,82,5,71.64,358.2
13216,4440,68,3,100.19,300.57
13217,4440,43,3,250.15,750.45
13218,4440,71,3,77.6,232.8
13219,4441,69,3,414.94,1244.82
13220,4441,37,5,463.79,2318.95
13221,4441,89,2,63.06,126.12
13222,4441,12,5,235.36,1176.8
13223,4442,72,3,152.08,456.24
13224,4443,25,5,144.29,721.45
13225,4444,22,3,202.6,607.8
13226,4445,11,1,147.32,147.32
13227,4445,23,4,272.6,1090.4
13228,4445,87,5,476.96,2384.8
13229,4445,19,5,280.77,1403.85
13230,4445,39,3,461.01,1383.03
13231,4446,35,2,18.87,37.74
13232,4446,39,5,461.01,2305.05
13233,4447,15,1,371.75,371.75
13234,4447,73,1,487.67,487.67
13235,4447,85,1,448.65,448.65
13236,4448,52,3,403.26,1209.78
13237,4448,85,3,448.65,1345.95
13238,4448,1,1,483.17,483.17
13239,4449,50,2,360.67,721.34
13240,4450,95,2,442.92,885.84
13241,4450,58,5,433.93,2169.65
13242,4450,68,2,100.19,200.38
13243,4451,47,2,218.62,437.24
13244,4452,85,1,448.65,448.65
13245,4452,68,1,100.19,100.19
13246,4452,21,4,488.47,1953.88
13247,4452,44,4,71.57,286.28
13248,4453,36,4,74.4,297.6
13249,4453,87,4,476.96,1907.84
13250,4453,71,3,77.6,232.8
13251,4453,10,2,402.34,804.68
13252,4454,21,3,488.47,1465.41
13253,4454,32,5,260.99,1304.95
13254,4454,65,3,72.5,217.5
13255,4454,36,2,74.4,148.8
13256,4454,43,1,250.15,250.15
13257,4455,86,3,450.1,1350.3
13258,4455,61,4,135.79,543.16
13259,4455,99,3,107.85,323.55
13260,4455,21,5,488.47,2442.35
13261,4455,9,4,133.05,532.2
13262,4456,91,2,196.31,392.62
13263,4456,70,1,303.87,303.87
13264,4457,73,4,487.67,1950.68
13265,4457,47,5,218.62,1093.1
13266,4457,72,4,152.08,608.32
13267,4457,99,2,107.85,215.7
13268,4457,20,5,181.13,905.65
13269,4458,30,1,70.69,70.69
13270,4458,77,4,112.25,449
13271,4459,78,4,279.16,1116.64
13272,4459,96,3,130.71,392.13
13273,4459,86,1,450.1,450.1
13274,4459,39,2,461.01,922.02
13275,4460,8,5,30.66,153.3
13276,4461,61,3,135.79,407.37
13277,4461,86,1,450.1,450.1
13278,4461,32,2,260.99,521.98
13279,4461,82,1,71.64,71.64
13280,4461,98,5,140.33,701.65
13281,4462,88,5,275.64,1378.2
13282,4462,65,1,72.5,72.5
13283,4463,44,1,71.57,71.57
13284,4464,94,5,41.72,208.6
13285,4464,41,2,314.73,629.46
13286,4465,83,2,130.62,261.24
13287,4465,88,5,275.64,1378.2
13288,4465,80,5,165.82,829.1
13289,4466,90,5,157.77,788.85
13290,4466,66,2,384.26,768.52
13291,4466,7,5,402.41,2012.05
13292,4466,79,2,34.53,69.06
13293,4466,41,1,314.73,314.73
13294,4467,13,1,234.45,234.45
13295,4468,64,1,325.29,325.29
13296,4468,33,4,329.42,1317.68
13297,4469,39,1,461.01,461.01
13298,4469,66,3,384.26,1152.78
13299,4469,4,2,117.56,235.12
13300,4469,2,3,243.6,730.8
13301,4469,70,2,303.87,607.74
13302,4470,13,1,234.45,234.45
13303,4470,53,3,120.42,361.26
13304,4470,47,3,218.62,655.86
13305,4470,96,2,130.71,261.42
13306,4471,27,4,345.01,1380.04
13307,4471,85,1,448.65,448.65
13308,4471,71,2,77.6,155.2
13309,4471,14,1,472.64,472.64
13310,4472,17,5,480.38,2401.9
13311,4472,16,4,465.73,1862.92
13312,4472,68,5,100.19,500.95
13313,4472,65,3,72.5,217.5
13314,4473,82,3,71.64,214.92
13315,4473,15,3,371.75,1115.25
13316,4473,43,1,250.15,250.15
13317,4473,67,4,146.48,585.92
13318,4473,5,5,142.14,710.7
13319,4474,73,2,487.67,975.34
13320,4475,1,2,483.17,966.34
13321,4475,96,4,130.71,522.84
13322,4476,34,3,59.14,177.42
13323,4476,38,5,11.87,59.35
13324,4477,79,2,34.53,69.06
13325,4477,62,4,144.69,578.76
13326,4477,37,1,463.79,463.79
13327,4477,19,1,280.77,280.77
13328,4477,22,5,202.6,1013
13329,4478,3,4,321.8,1287.2
13330,4478,29,1,122.88,122.88
13331,4478,90,4,157.77,631.08
13332,4478,40,3,144.16,432.48
13333,4479,71,3,77.6,232.8
13334,4479,81,1,499.89,499.89
13335,4480,87,1,476.96,476.96
13336,4480,32,4,260.99,1043.96
13337,4481,43,3,250.15,750.45
13338,4481,59,2,330.91,661.82
13339,4481,83,3,130.62,391.86
13340,4481,92,2,34.18,68.36
13341,4482,11,2,147.32,294.64
13342,4482,84,5,397.33,1986.65
13343,4482,65,5,72.5,362.5
13344,4483,92,2,34.18,68.36
13345,4483,62,2,144.69,289.38
13346,4483,69,4,414.94,1659.76
13347,4483,76,4,273.1,1092.4
13348,4484,26,4,313.45,1253.8
13349,4485,1,5,483.17,2415.85
13350,4485,34,5,59.14,295.7
13351,4485,36,4,74.4,297.6
13352,4485,76,5,273.1,1365.5
13353,4486,41,3,314.73,944.19
13354,4486,12,3,235.36,706.08
13355,4486,93,5,266.65,1333.25
13356,4487,97,3,425.33,1275.99
13357,4487,59,5,330.91,1654.55
13358,4487,32,4,260.99,1043.96
13359,4488,82,3,71.64,214.92
13360,4488,65,2,72.5,145
13361,4488,29,5,122.88,614.4
13362,4488,79,3,34.53,103.59
13363,4488,9,5,133.05,665.25
13364,4489,78,2,279.16,558.32
13365,4489,27,5,345.01,1725.05
13366,4489,44,5,71.57,357.85
13367,4490,36,1,74.4,74.4
13368,4490,100,3,38.05,114.15
13369,4490,20,1,181.13,181.13
13370,4490,74,5,325.4,1627
13371,4490,33,5,329.42,1647.1
13372,4491,32,5,260.99,1304.95
13373,4491,91,3,196.31,588.93
13374,4492,64,2,325.29,650.58
13375,4492,83,2,130.62,261.24
13376,4493,95,5,442.92,2214.6
13377,4493,7,1,402.41,402.41
13378,4493,65,2,72.5,145
13379,4493,37,2,463.79,927.58
13380,4494,76,4,273.1,1092.4
13381,4494,72,1,152.08,152.08
13382,4494,22,5,202.6,1013
13383,4495,86,2,450.1,900.2
13384,4495,56,2,180.06,360.12
13385,4495,90,2,157.77,315.54
13386,4496,94,1,41.72,41.72
13387,4496,2,2,243.6,487.2
13388,4497,11,2,147.32,294.64
13389,4497,47,3,218.62,655.86
13390,4497,57,5,55.2,276
13391,4497,74,5,325.4,1627
13392,4497,76,3,273.1,819.3
13393,4498,18,3,423.15,1269.45
13394,4498,80,3,165.82,497.46
13395,4498,85,4,448.65,1794.6
13396,4498,74,3,325.4,976.2
13397,4498,61,5,135.79,678.95
13398,4499,96,4,130.71,522.84
13399,4499,99,3,107.85,323.55
13400,4500,5,2,142.14,284.28
13401,4500,81,2,499.89,999.78
13402,4501,22,5,202.6,1013
13403,4501,32,3,260.99,782.97
13404,4501,30,2,70.69,141.38
13405,4502,46,4,446.64,1786.56
13406,4502,95,4,442.92,1771.68
13407,4502,56,2,180.06,360.12
13408,4503,29,1,122.88,122.88
13409,4503,57,2,55.2,110.4
13410,4503,70,4,303.87,1215.48
13411,4504,51,2,101.56,203.12
13412,4504,67,4,146.48,585.92
13413,4505,7,1,402.41,402.41
13414,4505,95,1,442.92,442.92
13415,4506,49,4,388.97,1555.88
13416,4506,67,5,146.48,732.4
13417,4506,61,3,135.79,407.37
13418,4507,27,1,345.01,345.01
13419,4507,97,4,425.33,1701.32
13420,4507,20,5,181.13,905.65
13421,4507,43,3,250.15,750.45
13422,4507,1,1,483.17,483.17
13423,4508,86,5,450.1,2250.5
13424,4509,14,1,472.64,472.64
13425,4510,54,2,375.27,750.54
13426,4510,34,1,59.14,59.14
13427,4510,24,5,217.84,1089.2
13428,4510,78,5,279.16,1395.8
13429,4510,49,3,388.97,1166.91
13430,4511,13,1,234.45,234.45
13431,4511,33,2,329.42,658.84
13432,4511,53,4,120.42,481.68
13433,4512,22,5,202.6,1013
13434,4513,91,2,196.31,392.62
13435,4514,87,5,476.96,2384.8
13436,4514,90,5,157.77,788.85
13437,4514,4,4,117.56,470.24
13438,4514,97,2,425.33,850.66
13439,4514,45,1,444.26,444.26
13440,4515,62,5,144.69,723.45
13441,4515,27,5,345.01,1725.05
13442,4515,95,4,442.92,1771.68
13443,4516,73,4,487.67,1950.68
13444,4516,90,4,157.77,631.08
13445,4516,68,1,100.19,100.19
13446,4517,60,2,358.88,717.76
13447,4517,18,5,423.15,2115.75
13448,4518,11,2,147.32,294.64
13449,4518,82,5,71.64,358.2
13450,4519,9,5,133.05,665.25
13451,4520,93,2,266.65,533.3
13452,4520,59,1,330.91,330.91
13453,4521,56,2,180.06,360.12
13454,4521,15,1,371.75,371.75
13455,4521,13,1,234.45,234.45
13456,4522,78,2,279.16,558.32
13457,4522,99,4,107.85,431.4
13458,4522,1,3,483.17,1449.51
13459,4523,85,2,448.65,897.3
13460,4524,25,3,144.29,432.87
13461,4524,57,4,55.2,220.8
13462,4525,88,4,275.64,1102.56
13463,4525,100,5,38.05,190.25
13464,4525,6,5,121.04,605.2
13465,4525,62,3,144.69,434.07
13466,4525,53,5,120.42,602.1
13467,4526,63,4,229.68,918.72
13468,4526,13,5,234.45,1172.25
13469,4526,17,1,480.38,480.38
13470,4526,96,1,130.71,130.71
13471,4526,58,4,433.93,1735.72
13472,4527,22,4,202.6,810.4
13473,4527,29,2,122.88,245.76
13474,4527,73,1,487.67,487.67
13475,4527,30,1,70.69,70.69
13476,4528,30,3,70.69,212.07
13477,4528,65,3,72.5,217.5
13478,4529,11,1,147.32,147.32
13479,4529,27,5,345.01,1725.05
13480,4529,97,2,425.33,850.66
13481,4529,81,5,499.89,2499.45
13482,4529,98,2,140.33,280.66
13483,4530,96,3,130.71,392.13
13484,4530,61,3,135.79,407.37
13485,4530,11,2,147.32,294.64
13486,4530,42,4,10.28,41.12
13487,4531,68,5,100.19,500.95
13488,4531,83,5,130.62,653.1
13489,4531,98,5,140.33,701.65
13490,4532,58,4,433.93,1735.72
13491,4532,55,4,205.95,823.8
13492,4532,24,2,217.84,435.68
13493,4532,57,2,55.2,110.4
13494,4532,3,3,321.8,965.4
13495,4533,65,2,72.5,145
13496,4533,95,2,442.92,885.84
13497,4533,53,4,120.42,481.68
13498,4534,38,1,11.87,11.87
13499,4534,63,5,229.68,1148.4
13500,4534,45,5,444.26,2221.3
13501,4535,1,1,483.17,483.17
13502,4536,74,3,325.4,976.2
13503,4536,41,5,314.73,1573.65
13504,4536,97,2,425.33,850.66
13505,4537,79,5,34.53,172.65
13506,4537,31,3,214.73,644.19
13507,4537,68,2,100.19,200.38
13508,4537,81,2,499.89,999.78
13509,4538,83,4,130.62,522.48
13510,4538,67,4,146.48,585.92
13511,4538,35,1,18.87,18.87
13512,4538,31,4,214.73,858.92
13513,4539,90,2,157.77,315.54
13514,4539,86,3,450.1,1350.3
13515,4539,57,5,55.2,276
13516,4539,71,2,77.6,155.2
13517,4539,51,5,101.56,507.8
13518,4540,21,2,488.47,976.94
13519,4540,87,2,476.96,953.92
13520,4540,62,1,144.69,144.69
13521,4541,2,2,243.6,487.2
13522,4542,23,5,272.6,1363
13523,4542,7,5,402.41,2012.05
13524,4542,30,5,70.69,353.45
13525,4542,15,1,371.75,371.75
13526,4542,41,1,314.73,314.73
13527,4543,43,4,250.15,1000.6
13528,4543,73,2,487.67,975.34
13529,4543,83,5,130.62,653.1
13530,4544,36,1,74.4,74.4
13531,4544,1,5,483.17,2415.85
13532,4544,97,5,425.33,2126.65
13533,4544,11,2,147.32,294.64
13534,4545,12,1,235.36,235.36
13535,4546,87,2,476.96,953.92
13536,4546,33,3,329.42,988.26
13537,4547,72,4,152.08,608.32
13538,4548,63,4,229.68,918.72
13539,4549,90,4,157.77,631.08
13540,4549,53,2,120.42,240.84
13541,4549,94,4,41.72,166.88
13542,4549,91,5,196.31,981.55
13543,4550,26,2,313.45,626.9
13544,4550,2,4,243.6,974.4
13545,4551,25,4,144.29,577.16
13546,4551,39,2,461.01,922.02
13547,4551,54,3,375.27,1125.81
13548,4552,12,3,235.36,706.08
13549,4553,45,1,444.26,444.26
13550,4553,64,1,325.29,325.29
13551,4553,12,5,235.36,1176.8
13552,4553,38,1,11.87,11.87
13553,4554,97,3,425.33,1275.99
13554,4555,49,4,388.97,1555.88
13555,4556,86,1,450.1,450.1
13556,4556,95,4,442.92,1771.68
13557,4556,64,4,325.29,1301.16
13558,4556,2,2,243.6,487.2
13559,4556,38,2,11.87,23.74
13560,4557,14,5,472.64,2363.2
13561,4557,6,2,121.04,242.08
13562,4557,6,4,121.04,484.16
13563,4558,96,1,130.71,130.71
13564,4558,8,5,30.66,153.3
13565,4558,68,4,100.19,400.76
13566,4559,15,1,371.75,371.75
13567,4559,74,2,325.4,650.8
13568,4560,2,2,243.6,487.2
13569,4560,65,3,72.5,217.5
13570,4560,35,4,18.87,75.48
13571,4560,62,1,144.69,144.69
13572,4560,8,2,30.66,61.32
13573,4561,87,3,476.96,1430.88
13574,4561,66,3,384.26,1152.78
13575,4561,15,2,371.75,743.5
13576,4562,22,3,202.6,607.8
13577,4562,73,2,487.67,975.34
13578,4562,87,3,476.96,1430.88
13579,4562,53,1,120.42,120.42
13580,4563,1,1,483.17,483.17
13581,4564,51,3,101.56,304.68
13582,4564,50,2,360.67,721.34
13583,4564,94,4,41.72,166.88
13584,4565,34,2,59.14,118.28
13585,4566,10,1,402.34,402.34
13586,4567,10,2,402.34,804.68
13587,4567,76,3,273.1,819.3
13588,4567,80,1,165.82,165.82
13589,4568,43,1,250.15,250.15
13590,4568,64,5,325.29,1626.45
13591,4568,87,1,476.96,476.96
13592,4569,46,2,446.64,893.28
13593,4570,93,3,266.65,799.95
13594,4570,27,5,345.01,1725.05
13595,4570,31,1,214.73,214.73
13596,4571,53,4,120.42,481.68
13597,4571,13,2,234.45,468.9
13598,4571,75,3,33.9,101.7
13599,4571,45,5,444.26,2221.3
13600,4571,79,5,34.53,172.65
13601,4572,27,2,345.01,690.02
13602,4572,72,2,152.08,304.16
13603,4572,75,3,33.9,101.7
13604,4572,2,5,243.6,1218
13605,4573,3,3,321.8,965.4
13606,4574,1,3,483.17,1449.51
13607,4575,15,2,371.75,743.5
13608,4576,95,3,442.92,1328.76
13609,4576,100,2,38.05,76.1
13610,4576,11,5,147.32,736.6
13611,4576,48,4,391.48,1565.92
13612,4577,75,2,33.9,67.8
13613,4577,68,1,100.19,100.19
13614,4577,88,3,275.64,826.92
13615,4578,52,3,403.26,1209.78
13616,4578,12,4,235.36,941.44
13617,4578,65,2,72.5,145
13618,4578,95,5,442.92,2214.6
13619,4578,21,1,488.47,488.47
13620,4579,84,3,397.33,1191.99
13621,4579,44,5,71.57,357.85
13622,4580,70,5,303.87,1519.35
13623,4580,28,4,87.71,350.84
13624,4580,66,4,384.26,1537.04
13625,4581,37,3,463.79,1391.37
13626,4581,55,1,205.95,205.95
13627,4581,22,2,202.6,405.2
13628,4581,58,5,433.93,2169.65
13629,4581,12,1,235.36,235.36
13630,4582,29,2,122.88,245.76
13631,4582,32,5,260.99,1304.95
13632,4582,35,1,18.87,18.87
13633,4583,8,4,30.66,122.64
13634,4583,95,1,442.92,442.92
13635,4583,45,5,444.26,2221.3
13636,4584,84,4,397.33,1589.32
13637,4584,17,5,480.38,2401.9
13638,4584,39,1,461.01,461.01
13639,4584,77,2,112.25,224.5
13640,4584,53,3,120.42,361.26
13641,4585,25,4,144.29,577.16
13642,4585,62,2,144.69,289.38
13643,4585,38,4,11.87,47.48
13644,4585,50,2,360.67,721.34
13645,4586,21,2,488.47,976.94
13646,4587,63,4,229.68,918.72
13647,4588,52,1,403.26,403.26
13648,4588,2,3,243.6,730.8
13649,4589,90,5,157.77,788.85
13650,4589,4,1,117.56,117.56
13651,4589,52,2,403.26,806.52
13652,4589,100,1,38.05,38.05
13653,4589,8,1,30.66,30.66
13654,4590,75,4,33.9,135.6
13655,4590,36,4,74.4,297.6
13656,4590,94,4,41.72,166.88
13657,4590,17,2,480.38,960.76
13658,4591,74,1,325.4,325.4
13659,4592,96,1,130.71,130.71
13660,4593,67,2,146.48,292.96
13661,4593,32,4,260.99,1043.96
13662,4594,46,3,446.64,1339.92
13663,4594,7,4,402.41,1609.64
13664,4594,67,5,146.48,732.4
13665,4594,86,3,450.1,1350.3
13666,4595,42,3,10.28,30.84
13667,4595,48,5,391.48,1957.4
13668,4596,7,5,402.41,2012.05
13669,4596,96,3,130.71,392.13
13670,4596,5,3,142.14,426.42
13671,4596,79,1,34.53,34.53
13672,4596,84,4,397.33,1589.32
13673,4597,73,3,487.67,1463.01
13674,4597,66,2,384.26,768.52
13675,4597,35,4,18.87,75.48
13676,4597,99,1,107.85,107.85
13677,4598,21,5,488.47,2442.35
13678,4598,18,5,423.15,2115.75
13679,4598,83,4,130.62,522.48
13680,4598,7,1,402.41,402.41
13681,4598,76,3,273.1,819.3
13682,4599,93,1,266.65,266.65
13683,4600,68,5,100.19,500.95
13684,4600,52,1,403.26,403.26
13685,4600,18,1,423.15,423.15
13686,4600,19,4,280.77,1123.08
13687,4600,50,4,360.67,1442.68
13688,4601,78,4,279.16,1116.64
13689,4601,53,5,120.42,602.1
13690,4602,81,4,499.89,1999.56
13691,4602,14,4,472.64,1890.56
13692,4603,78,3,279.16,837.48
13693,4603,32,4,260.99,1043.96
13694,4603,85,1,448.65,448.65
13695,4604,99,3,107.85,323.55
13696,4604,14,5,472.64,2363.2
13697,4604,94,4,41.72,166.88
13698,4604,89,2,63.06,126.12
13699,4604,75,1,33.9,33.9
13700,4605,98,3,140.33,420.99
13701,4605,84,3,397.33,1191.99
13702,4605,11,2,147.32,294.64
13703,4605,51,3,101.56,304.68
13704,4605,89,2,63.06,126.12
13705,4606,35,3,18.87,56.61
13706,4606,45,3,444.26,1332.78
13707,4606,37,1,463.79,463.79
13708,4606,23,4,272.6,1090.4
13709,4606,99,2,107.85,215.7
13710,4607,10,3,402.34,1207.02
13711,4607,93,5,266.65,1333.25
13712,4607,83,3,130.62,391.86
13713,4607,51,5,101.56,507.8
13714,4607,23,2,272.6,545.2
13715,4608,98,1,140.33,140.33
13716,4608,81,4,499.89,1999.56
13717,4608,30,5,70.69,353.45
13718,4608,27,5,345.01,1725.05
13719,4609,38,3,11.87,35.61
13720,4609,8,3,30.66,91.98
13721,4609,36,2,74.4,148.8
13722,4609,87,2,476.96,953.92
13723,4610,37,1,463.79,463.79
13724,4610,2,5,243.6,1218
13725,4610,22,3,202.6,607.8
13726,4610,7,2,402.41,804.82
13727,4611,73,3,487.67,1463.01
13728,4611,89,3,63.06,189.18
13729,4611,75,1,33.9,33.9
13730,4611,12,3,235.36,706.08
13731,4612,47,5,218.62,1093.1
13732,4612,79,2,34.53,69.06
13733,4612,81,5,499.89,2499.45
13734,4613,19,1,280.77,280.77
13735,4614,8,5,30.66,153.3
13736,4614,7,2,402.41,804.82
13737,4614,25,2,144.29,288.58
13738,4615,55,4,205.95,823.8
13739,4616,64,5,325.29,1626.45
13740,4616,14,4,472.64,1890.56
13741,4617,71,3,77.6,232.8
13742,4617,53,4,120.42,481.68
13743,4617,68,1,100.19,100.19
13744,4617,55,5,205.95,1029.75
13745,4617,52,4,403.26,1613.04
13746,4618,24,1,217.84,217.84
13747,4618,51,4,101.56,406.24
13748,4618,73,4,487.67,1950.68
13749,4619,45,1,444.26,444.26
13750,4619,30,3,70.69,212.07
13751,4619,55,5,205.95,1029.75
13752,4619,16,4,465.73,1862.92
13753,4620,69,1,414.94,414.94
13754,4620,83,1,130.62,130.62
13755,4620,7,2,402.41,804.82
13756,4620,98,3,140.33,420.99
13757,4620,88,3,275.64,826.92
13758,4621,93,3,266.65,799.95
13759,4621,3,4,321.8,1287.2
13760,4621,86,1,450.1,450.1
13761,4622,59,3,330.91,992.73
13762,4622,62,4,144.69,578.76
13763,4622,47,2,218.62,437.24
13764,4622,37,4,463.79,1855.16
13765,4623,9,2,133.05,266.1
13766,4623,25,5,144.29,721.45
13767,4624,71,4,77.6,310.4
13768,4624,25,4,144.29,577.16
13769,4624,49,4,388.97,1555.88
13770,4625,86,3,450.1,1350.3
13771,4625,34,1,59.14,59.14
13772,4625,18,5,423.15,2115.75
13773,4625,1,3,483.17,1449.51
13774,4625,66,5,384.26,1921.3
13775,4626,2,5,243.6,1218
13776,4626,24,1,217.84,217.84
13777,4627,50,5,360.67,1803.35
13778,4627,9,2,133.05,266.1
13779,4627,82,5,71.64,358.2
13780,4627,72,2,152.08,304.16
13781,4628,72,1,152.08,152.08
13782,4628,6,2,121.04,242.08
13783,4628,1,2,483.17,966.34
13784,4629,57,3,55.2,165.6
13785,4629,81,3,499.89,1499.67
13786,4630,30,4,70.69,282.76
13787,4631,1,2,483.17,966.34
13788,4631,100,3,38.05,114.15
13789,4631,95,5,442.92,2214.6
13790,4631,49,5,388.97,1944.85
13791,4632,77,1,112.25,112.25
13792,4632,82,4,71.64,286.56
13793,4632,75,5,33.9,169.5
13794,4633,52,3,403.26,1209.78
13795,4633,6,3,121.04,363.12
13796,4634,25,4,144.29,577.16
13797,4634,8,4,30.66,122.64
13798,4634,13,4,234.45,937.8
13799,4634,66,3,384.26,1152.78
13800,4634,69,4,414.94,1659.76
13801,4635,31,3,214.73,644.19
13802,4635,68,2,100.19,200.38
13803,4636,31,2,214.73,429.46
13804,4636,53,3,120.42,361.26
13805,4636,17,1,480.38,480.38
13806,4636,1,2,483.17,966.34
13807,4636,13,4,234.45,937.8
13808,4637,81,3,499.89,1499.67
13809,4638,53,4,120.42,481.68
13810,4638,68,2,100.19,200.38
13811,4638,64,3,325.29,975.87
13812,4639,22,5,202.6,1013
13813,4640,66,2,384.26,768.52
13814,4641,63,5,229.68,1148.4
13815,4641,18,1,423.15,423.15
13816,4641,100,1,38.05,38.05
13817,4641,94,1,41.72,41.72
13818,4642,89,1,63.06,63.06
13819,4643,26,5,313.45,1567.25
13820,4643,38,1,11.87,11.87
13821,4643,97,1,425.33,425.33
13822,4643,11,2,147.32,294.64
13823,4644,87,4,476.96,1907.84
13824,4644,65,2,72.5,145
13825,4644,87,2,476.96,953.92
13826,4644,26,1,313.45,313.45
13827,4644,83,4,130.62,522.48
13828,4645,45,4,444.26,1777.04
13829,4645,94,5,41.72,208.6
13830,4645,32,5,260.99,1304.95
13831,4645,82,3,71.64,214.92
13832,4646,78,1,279.16,279.16
13833,4646,12,1,235.36,235.36
13834,4646,50,4,360.67,1442.68
13835,4647,96,2,130.71,261.42
13836,4647,6,4,121.04,484.16
13837,4647,16,2,465.73,931.46
13838,4647,38,4,11.87,47.48
13839,4647,16,2,465.73,931.46
13840,4648,10,5,402.34,2011.7
13841,4648,41,2,314.73,629.46
13842,4648,44,2,71.57,143.14
13843,4648,10,4,402.34,1609.36
13844,4649,48,4,391.48,1565.92
13845,4649,50,5,360.67,1803.35
13846,4649,18,3,423.15,1269.45
13847,4650,38,3,11.87,35.61
13848,4650,84,4,397.33,1589.32
13849,4650,52,5,403.26,2016.3
13850,4650,82,2,71.64,143.28
13851,4651,22,5,202.6,1013
13852,4651,69,5,414.94,2074.7
13853,4652,75,2,33.9,67.8
13854,4652,82,3,71.64,214.92
13855,4653,59,5,330.91,1654.55
13856,4653,8,4,30.66,122.64
13857,4653,44,5,71.57,357.85
13858,4653,84,4,397.33,1589.32
13859,4654,79,3,34.53,103.59
13860,4655,41,5,314.73,1573.65
13861,4655,77,4,112.25,449
13862,4655,83,3,130.62,391.86
13863,4656,100,2,38.05,76.1
13864,4656,23,5,272.6,1363
13865,4656,90,5,157.77,788.85
13866,4656,17,3,480.38,1441.14
13867,4656,14,3,472.64,1417.92
13868,4657,88,3,275.64,826.92
13869,4657,28,5,87.71,438.55
13870,4658,87,4,476.96,1907.84
13871,4659,21,1,488.47,488.47
13872,4659,35,2,18.87,37.74
13873,4659,4,4,117.56,470.24
13874,4659,49,3,388.97,1166.91
13875,4660,72,3,152.08,456.24
13876,4660,43,3,250.15,750.45
13877,4661,79,1,34.53,34.53
13878,4661,92,5,34.18,170.9
13879,4661,47,3,218.62,655.86
13880,4661,16,1,465.73,465.73
13881,4661,38,2,11.87,23.74
13882,4662,13,2,234.45,468.9
13883,4663,23,3,272.6,817.8
13884,4663,52,2,403.26,806.52
13885,4663,91,4,196.31,785.24
13886,4664,13,2,234.45,468.9
13887,4664,79,4,34.53,138.12
13888,4664,85,2,448.65,897.3
13889,4664,48,4,391.48,1565.92
13890,4665,57,3,55.2,165.6
13891,4665,96,3,130.71,392.13
13892,4665,93,1,266.65,266.65
13893,4666,74,4,325.4,1301.6
13894,4666,38,2,11.87,23.74
13895,4667,5,3,142.14,426.42
13896,4667,98,5,140.33,701.65
13897,4667,66,4,384.26,1537.04
13898,4667,46,1,446.64,446.64
13899,4667,85,3,448.65,1345.95
13900,4668,34,5,59.14,295.7
13901,4668,49,5,388.97,1944.85
13902,4668,52,1,403.26,403.26
13903,4669,3,2,321.8,643.6
13904,4669,37,4,463.79,1855.16
13905,4670,100,3,38.05,114.15
13906,4670,58,5,433.93,2169.65
13907,4670,30,4,70.69,282.76
13908,4670,57,2,55.2,110.4
13909,4670,9,4,133.05,532.2
13910,4671,37,2,463.79,927.58
13911,4671,43,1,250.15,250.15
13912,4672,63,5,229.68,1148.4
13913,4672,100,1,38.05,38.05
13914,4672,45,5,444.26,2221.3
13915,4672,37,3,463.79,1391.37
13916,4673,17,1,480.38,480.38
13917,4674,10,5,402.34,2011.7
13918,4674,97,3,425.33,1275.99
13919,4674,6,4,121.04,484.16
13920,4674,48,2,391.48,782.96
13921,4675,25,2,144.29,288.58
13922,4675,39,2,461.01,922.02
13923,4675,32,3,260.99,782.97
13924,4675,7,1,402.41,402.41
13925,4675,38,4,11.87,47.48
13926,4676,55,2,205.95,411.9
13927,4676,59,5,330.91,1654.55
13928,4677,99,1,107.85,107.85
13929,4677,56,5,180.06,900.3
13930,4677,18,2,423.15,846.3
13931,4678,39,1,461.01,461.01
13932,4678,68,2,100.19,200.38
13933,4679,45,4,444.26,1777.04
13934,4679,88,5,275.64,1378.2
13935,4680,54,4,375.27,1501.08
13936,4680,12,2,235.36,470.72
13937,4680,13,5,234.45,1172.25
13938,4681,15,4,371.75,1487
13939,4682,91,5,196.31,981.55
13940,4682,79,5,34.53,172.65
13941,4682,42,1,10.28,10.28
13942,4682,43,5,250.15,1250.75
13943,4682,50,3,360.67,1082.01
13944,4683,79,1,34.53,34.53
13945,4683,97,3,425.33,1275.99
13946,4683,45,2,444.26,888.52
13947,4683,4,4,117.56,470.24
13948,4683,63,2,229.68,459.36
13949,4684,14,3,472.64,1417.92
13950,4685,93,2,266.65,533.3
13951,4686,70,3,303.87,911.61
13952,4686,56,1,180.06,180.06
13953,4687,84,2,397.33,794.66
13954,4687,62,4,144.69,578.76
13955,4687,87,3,476.96,1430.88
13956,4687,66,2,384.26,768.52
13957,4687,59,2,330.91,661.82
13958,4688,77,2,112.25,224.5
13959,4688,81,1,499.89,499.89
13960,4688,88,3,275.64,826.92
13961,4688,81,4,499.89,1999.56
13962,4689,91,4,196.31,785.24
13963,4689,48,3,391.48,1174.44
13964,4689,32,5,260.99,1304.95
13965,4690,63,2,229.68,459.36
13966,4690,43,5,250.15,1250.75
13967,4690,33,2,329.42,658.84
13968,4690,14,2,472.64,945.28
13969,4690,65,2,72.5,145
13970,4691,53,4,120.42,481.68
13971,4692,52,3,403.26,1209.78
13972,4693,52,4,403.26,1613.04
13973,4693,4,3,117.56,352.68
13974,4694,33,2,329.42,658.84
13975,4694,78,5,279.16,1395.8
13976,4694,53,2,120.42,240.84
13977,4695,27,2,345.01,690.02
13978,4695,71,1,77.6,77.6
13979,4696,3,2,321.8,643.6
13980,4696,50,1,360.67,360.67
13981,4696,58,1,433.93,433.93
13982,4696,69,3,414.94,1244.82
13983,4696,63,5,229.68,1148.4
13984,4697,84,4,397.33,1589.32
13985,4697,6,4,121.04,484.16
13986,4697,89,3,63.06,189.18
13987,4698,80,2,165.82,331.64
13988,4698,49,1,388.97,388.97
13989,4698,24,3,217.84,653.52
13990,4698,54,4,375.27,1501.08
13991,4698,49,2,388.97,777.94
13992,4699,34,5,59.14,295.7
13993,4699,100,2,38.05,76.1
13994,4700,75,4,33.9,135.6
13995,4701,33,2,329.42,658.84
13996,4701,92,3,34.18,102.54
13997,4702,8,5,30.66,153.3
13998,4703,87,3,476.96,1430.88
13999,4704,57,4,55.2,220.8
14000,4705,18,2,423.15,846.3
14001,4705,3,4,321.8,1287.2
14002,4705,15,4,371.75,1487
14003,4705,81,2,499.89,999.78
14004,4705,12,4,235.36,941.44
14005,4706,71,2,77.6,155.2
14006,4707,3,3,321.8,965.4
14007,4707,69,3,414.94,1244.82
14008,4707,72,2,152.08,304.16
14009,4707,5,5,142.14,710.7
14010,4707,36,1,74.4,74.4
14011,4708,34,4,59.14,236.56
14012,4708,28,4,87.71,350.84
14013,4708,88,2,275.64,551.28
14014,4708,13,2,234.45,468.9
14015,4709,51,4,101.56,406.24
14016,4710,27,4,345.01,1380.04
14017,4710,70,5,303.87,1519.35
14018,4710,63,4,229.68,918.72
14019,4710,30,2,70.69,141.38
14020,4711,76,1,273.1,273.1
14021,4712,47,2,218.62,437.24
14022,4712,53,1,120.42,120.42
14023,4712,92,1,34.18,34.18
14024,4713,65,2,72.5,145
14025,4714,97,4,425.33,1701.32
14026,4714,42,4,10.28,41.12
14027,4715,86,3,450.1,1350.3
14028,4715,100,3,38.05,114.15
14029,4715,5,3,142.14,426.42
14030,4716,95,2,442.92,885.84
14031,4716,85,1,448.65,448.65
14032,4716,79,2,34.53,69.06
14033,4717,87,5,476.96,2384.8
14034,4718,47,2,218.62,437.24
14035,4718,50,1,360.67,360.67
14036,4718,60,4,358.88,1435.52
14037,4718,43,4,250.15,1000.6
14038,4719,63,1,229.68,229.68
14039,4719,23,1,272.6,272.6
14040,4720,35,4,18.87,75.48
14041,4721,86,4,450.1,1800.4
14042,4721,17,1,480.38,480.38
14043,4721,37,4,463.79,1855.16
14044,4721,87,3,476.96,1430.88
14045,4722,33,4,329.42,1317.68
14046,4722,97,5,425.33,2126.65
14047,4723,70,2,303.87,607.74
14048,4723,45,2,444.26,888.52
14049,4723,7,5,402.41,2012.05
14050,4724,58,4,433.93,1735.72
14051,4724,8,4,30.66,122.64
14052,4725,28,5,87.71,438.55
14053,4725,89,3,63.06,189.18
14054,4725,73,2,487.67,975.34
14055,4726,54,3,375.27,1125.81
14056,4727,78,3,279.16,837.48
14057,4727,15,3,371.75,1115.25
14058,4727,42,5,10.28,51.4
14059,4727,33,5,329.42,1647.1
14060,4727,7,2,402.41,804.82
14061,4728,100,2,38.05,76.1
14062,4729,8,3,30.66,91.98
14063,4729,77,4,112.25,449
14064,4729,35,3,18.87,56.61
14065,4730,69,5,414.94,2074.7
14066,4730,49,5,388.97,1944.85
14067,4730,12,3,235.36,706.08
14068,4731,15,5,371.75,1858.75
14069,4731,16,3,465.73,1397.19
14070,4731,27,4,345.01,1380.04
14071,4731,91,1,196.31,196.31
14072,4731,89,1,63.06,63.06
14073,4732,25,2,144.29,288.58
14074,4733,34,1,59.14,59.14
14075,4733,73,1,487.67,487.67
14076,4733,92,3,34.18,102.54
14077,4733,45,2,444.26,888.52
14078,4733,21,1,488.47,488.47
14079,4734,43,5,250.15,1250.75
14080,4734,32,2,260.99,521.98
14081,4734,44,4,71.57,286.28
14082,4734,61,4,135.79,543.16
14083,4735,96,5,130.71,653.55
14084,4735,9,1,133.05,133.05
14085,4735,32,1,260.99,260.99
14086,4736,76,2,273.1,546.2
14087,4736,52,5,403.26,2016.3
14088,4736,54,2,375.27,750.54
14089,4737,79,4,34.53,138.12
14090,4737,93,2,266.65,533.3
14091,4738,89,3,63.06,189.18
14092,4739,20,4,181.13,724.52
14093,4739,91,5,196.31,981.55
14094,4739,28,4,87.71,350.84
14095,4740,74,4,325.4,1301.6
14096,4740,3,1,321.8,321.8
14097,4740,49,3,388.97,1166.91
14098,4741,62,2,144.69,289.38
14099,4741,21,3,488.47,1465.41
14100,4741,73,3,487.67,1463.01
14101,4741,80,3,165.82,497.46
14102,4742,61,3,135.79,407.37
14103,4742,78,2,279.16,558.32
14104,4742,38,3,11.87,35.61
14105,4742,70,2,303.87,607.74
14106,4743,10,5,402.34,2011.7
14107,4743,68,2,100.19,200.38
14108,4744,81,1,499.89,499.89
14109,4744,11,2,147.32,294.64
14110,4744,45,4,444.26,1777.04
14111,4745,19,4,280.77,1123.08
14112,4745,22,4,202.6,810.4
14113,4745,2,2,243.6,487.2
14114,4745,93,4,266.65,1066.6
14115,4745,59,5,330.91,1654.55
14116,4746,25,1,144.29,144.29
14117,4746,33,5,329.42,1647.1
14118,4746,54,2,375.27,750.54
14119,4746,3,5,321.8,1609
14120,4747,62,4,144.69,578.76
14121,4748,39,5,461.01,2305.05
14122,4748,86,5,450.1,2250.5
14123,4748,31,4,214.73,858.92
14124,4748,60,1,358.88,358.88
14125,4748,76,4,273.1,1092.4
14126,4749,22,2,202.6,405.2
14127,4749,67,3,146.48,439.44
14128,4750,98,1,140.33,140.33
14129,4750,7,5,402.41,2012.05
14130,4750,65,1,72.5,72.5
14131,4751,99,5,107.85,539.25
14132,4751,83,2,130.62,261.24
14133,4751,54,2,375.27,750.54
14134,4752,38,4,11.87,47.48
14135,4752,89,1,63.06,63.06
14136,4752,74,2,325.4,650.8
14137,4752,68,1,100.19,100.19
14138,4753,7,2,402.41,804.82
14139,4753,37,5,463.79,2318.95
14140,4753,75,4,33.9,135.6
14141,4753,3,5,321.8,1609
14142,4753,29,5,122.88,614.4
14143,4754,93,2,266.65,533.3
14144,4754,86,4,450.1,1800.4
14145,4754,22,2,202.6,405.2
14146,4754,87,2,476.96,953.92
14147,4754,89,2,63.06,126.12
14148,4755,29,5,122.88,614.4
14149,4755,70,5,303.87,1519.35
14150,4755,59,4,330.91,1323.64
14151,4755,23,5,272.6,1363
14152,4756,7,5,402.41,2012.05
14153,4757,9,4,133.05,532.2
14154,4757,98,5,140.33,701.65
14155,4757,94,4,41.72,166.88
14156,4758,49,5,388.97,1944.85
14157,4758,75,4,33.9,135.6
14158,4758,59,2,330.91,661.82
14159,4758,90,1,157.77,157.77
14160,4759,86,2,450.1,900.2
14161,4759,17,4,480.38,1921.52
14162,4759,31,1,214.73,214.73
14163,4760,100,1,38.05,38.05
14164,4760,65,2,72.5,145
14165,4761,40,3,144.16,432.48
14166,4761,85,5,448.65,2243.25
14167,4761,78,5,279.16,1395.8
14168,4762,100,2,38.05,76.1
14169,4762,24,2,217.84,435.68
14170,4762,8,2,30.66,61.32
14171,4762,64,4,325.29,1301.16
14172,4763,5,1,142.14,142.14
14173,4763,40,1,144.16,144.16
14174,4763,13,1,234.45,234.45
14175,4764,74,1,325.4,325.4
14176,4764,76,3,273.1,819.3
14177,4765,61,2,135.79,271.58
14178,4765,40,4,144.16,576.64
14179,4765,32,3,260.99,782.97
14180,4765,75,4,33.9,135.6
14181,4765,38,2,11.87,23.74
14182,4766,18,3,423.15,1269.45
14183,4767,23,5,272.6,1363
14184,4767,22,4,202.6,810.4
14185,4767,63,1,229.68,229.68
14186,4768,83,1,130.62,130.62
14187,4769,74,4,325.4,1301.6
14188,4769,39,2,461.01,922.02
14189,4769,66,4,384.26,1537.04
14190,4769,75,4,33.9,135.6
14191,4770,58,3,433.93,1301.79
14192,4770,46,3,446.64,1339.92
14193,4771,67,4,146.48,585.92
14194,4771,18,4,423.15,1692.6
14195,4772,78,2,279.16,558.32
14196,4772,98,5,140.33,701.65
14197,4772,49,2,388.97,777.94
14198,4772,50,1,360.67,360.67
14199,4773,61,1,135.79,135.79
14200,4773,45,4,444.26,1777.04
14201,4773,18,2,423.15,846.3
14202,4774,26,3,313.45,940.35
14203,4774,21,1,488.47,488.47
14204,4775,67,3,146.48,439.44
14205,4776,22,5,202.6,1013
14206,4777,76,3,273.1,819.3
14207,4777,54,3,375.27,1125.81
14208,4778,34,4,59.14,236.56
14209,4778,97,5,425.33,2126.65
14210,4778,10,2,402.34,804.68
14211,4779,43,1,250.15,250.15
14212,4779,66,2,384.26,768.52
14213,4780,62,1,144.69,144.69
14214,4780,73,3,487.67,1463.01
14215,4781,81,5,499.89,2499.45
14216,4781,10,4,402.34,1609.36
14217,4781,75,2,33.9,67.8
14218,4781,82,1,71.64,71.64
14219,4782,17,5,480.38,2401.9
14220,4782,25,1,144.29,144.29
14221,4782,48,3,391.48,1174.44
14222,4782,37,5,463.79,2318.95
14223,4782,83,4,130.62,522.48
14224,4783,13,4,234.45,937.8
14225,4784,78,5,279.16,1395.8
14226,4784,76,2,273.1,546.2
14227,4784,61,5,135.79,678.95
14228,4785,92,5,34.18,170.9
14229,4785,61,2,135.79,271.58
14230,4785,49,4,388.97,1555.88
14231,4785,52,2,403.26,806.52
14232,4786,1,2,483.17,966.34
14233,4787,86,3,450.1,1350.3
14234,4787,31,4,214.73,858.92
14235,4788,12,2,235.36,470.72
14236,4788,83,1,130.62,130.62
14237,4789,65,5,72.5,362.5
14238,4789,41,3,314.73,944.19
14239,4789,25,5,144.29,721.45
14240,4789,97,2,425.33,850.66
14241,4789,99,2,107.85,215.7
14242,4790,90,4,157.77,631.08
14243,4791,90,5,157.77,788.85
14244,4792,48,2,391.48,782.96
14245,4792,10,5,402.34,2011.7
14246,4792,55,3,205.95,617.85
14247,4793,72,4,152.08,608.32
14248,4793,79,4,34.53,138.12
14249,4793,85,1,448.65,448.65
14250,4794,87,3,476.96,1430.88
14251,4795,78,5,279.16,1395.8
14252,4796,16,4,465.73,1862.92
14253,4796,84,5,397.33,1986.65
14254,4796,24,4,217.84,871.36
14255,4796,45,1,444.26,444.26
14256,4797,95,4,442.92,1771.68
14257,4798,56,3,180.06,540.18
14258,4798,5,2,142.14,284.28
14259,4798,74,5,325.4,1627
14260,4799,82,5,71.64,358.2
14261,4799,24,1,217.84,217.84
14262,4799,40,1,144.16,144.16
14263,4800,28,3,87.71,263.13
14264,4800,14,1,472.64,472.64
14265,4800,95,4,442.92,1771.68
14266,4800,74,4,325.4,1301.6
14267,4801,25,2,144.29,288.58
14268,4801,73,1,487.67,487.67
14269,4801,83,4,130.62,522.48
14270,4801,49,5,388.97,1944.85
14271,4801,43,5,250.15,1250.75
14272,4802,83,4,130.62,522.48
14273,4802,33,1,329.42,329.42
14274,4803,16,4,465.73,1862.92
14275,4803,87,3,476.96,1430.88
14276,4804,75,2,33.9,67.8
14277,4805,34,4,59.14,236.56
14278,4805,22,5,202.6,1013
14279,4805,17,1,480.38,480.38
14280,4805,84,5,397.33,1986.65
14281,4805,37,4,463.79,1855.16
14282,4806,86,3,450.1,1350.3
14283,4806,11,2,147.32,294.64
14284,4806,23,4,272.6,1090.4
14285,4806,52,5,403.26,2016.3
14286,4806,54,2,375.27,750.54
14287,4807,82,4,71.64,286.56
14288,4808,18,2,423.15,846.3
14289,4808,79,1,34.53,34.53
14290,4809,50,5,360.67,1803.35
14291,4809,26,1,313.45,313.45
14292,4809,94,2,41.72,83.44
14293,4809,11,1,147.32,147.32
14294,4810,87,1,476.96,476.96
14295,4810,93,3,266.65,799.95
14296,4811,28,2,87.71,175.42
14297,4811,14,5,472.64,2363.2
14298,4811,4,5,117.56,587.8
14299,4812,47,1,218.62,218.62
14300,4812,36,2,74.4,148.8
14301,4812,7,3,402.41,1207.23
14302,4813,89,2,63.06,126.12
14303,4813,31,5,214.73,1073.65
14304,4813,35,5,18.87,94.35
14305,4814,74,2,325.4,650.8
14306,4814,87,4,476.96,1907.84
14307,4814,57,1,55.2,55.2
14308,4814,48,4,391.48,1565.92
14309,4815,48,2,391.48,782.96
14310,4815,41,3,314.73,944.19
14311,4815,90,5,157.77,788.85
14312,4815,23,2,272.6,545.2
14313,4816,58,2,433.93,867.86
14314,4816,30,1,70.69,70.69
14315,4816,92,3,34.18,102.54
14316,4817,97,1,425.33,425.33
14317,4818,10,2,402.34,804.68
14318,4819,49,3,388.97,1166.91
14319,4820,58,1,433.93,433.93
14320,4820,50,4,360.67,1442.68
14321,4820,85,3,448.65,1345.95
14322,4820,40,2,144.16,288.32
14323,4820,10,3,402.34,1207.02
14324,4821,27,5,345.01,1725.05
14325,4821,23,5,272.6,1363
14326,4821,17,4,480.38,1921.52
14327,4822,89,5,63.06,315.3
14328,4822,30,2,70.69,141.38
14329,4822,91,5,196.31,981.55
14330,4823,67,5,146.48,732.4
14331,4823,1,5,483.17,2415.85
14332,4823,52,4,403.26,1613.04
14333,4824,60,5,358.88,1794.4
14334,4825,31,2,214.73,429.46
14335,4825,66,5,384.26,1921.3
14336,4825,34,3,59.14,177.42
14337,4826,60,2,358.88,717.76
14338,4826,86,2,450.1,900.2
14339,4827,73,5,487.67,2438.35
14340,4827,65,3,72.5,217.5
14341,4827,78,1,279.16,279.16
14342,4828,78,3,279.16,837.48
14343,4828,14,2,472.64,945.28
14344,4828,23,1,272.6,272.6
14345,4829,12,3,235.36,706.08
14346,4829,71,3,77.6,232.8
14347,4829,42,4,10.28,41.12
14348,4829,32,1,260.99,260.99
14349,4829,75,2,33.9,67.8
14350,4830,24,4,217.84,871.36
14351,4830,81,5,499.89,2499.45
14352,4830,36,1,74.4,74.4
14353,4830,19,3,280.77,842.31
14354,4831,79,3,34.53,103.59
14355,4832,12,1,235.36,235.36
14356,4833,40,2,144.16,288.32
14357,4833,4,3,117.56,352.68
14358,4833,85,3,448.65,1345.95
14359,4834,14,3,472.64,1417.92
14360,4835,87,2,476.96,953.92
14361,4835,93,4,266.65,1066.6
14362,4835,77,3,112.25,336.75
14363,4836,69,2,414.94,829.88
14364,4836,62,2,144.69,289.38
14365,4836,48,1,391.48,391.48
14366,4836,3,4,321.8,1287.2
14367,4837,34,4,59.14,236.56
14368,4838,44,2,71.57,143.14
14369,4838,64,2,325.29,650.58
14370,4838,32,2,260.99,521.98
14371,4838,65,4,72.5,290
14372,4838,86,2,450.1,900.2
14373,4839,17,1,480.38,480.38
14374,4840,87,4,476.96,1907.84
14375,4840,39,3,461.01,1383.03
14376,4840,66,4,384.26,1537.04
14377,4840,18,5,423.15,2115.75
14378,4841,49,2,388.97,777.94
14379,4841,46,5,446.64,2233.2
14380,4841,96,1,130.71,130.71
14381,4842,80,1,165.82,165.82
14382,4842,76,5,273.1,1365.5
14383,4843,14,5,472.64,2363.2
14384,4843,56,1,180.06,180.06
14385,4843,67,4,146.48,585.92
14386,4844,70,5,303.87,1519.35
14387,4844,31,1,214.73,214.73
14388,4844,21,2,488.47,976.94
14389,4844,1,2,483.17,966.34
14390,4845,6,2,121.04,242.08
14391,4845,64,1,325.29,325.29
14392,4845,23,3,272.6,817.8
14393,4845,38,5,11.87,59.35
14394,4846,43,5,250.15,1250.75
14395,4846,86,5,450.1,2250.5
14396,4846,94,5,41.72,208.6
14397,4846,29,5,122.88,614.4
14398,4846,64,1,325.29,325.29
14399,4847,34,3,59.14,177.42
14400,4847,9,4,133.05,532.2
14401,4848,15,2,371.75,743.5
14402,4849,3,1,321.8,321.8
14403,4849,46,4,446.64,1786.56
14404,4849,58,1,433.93,433.93
14405,4849,60,2,358.88,717.76
14406,4850,84,2,397.33,794.66
14407,4850,32,1,260.99,260.99
14408,4850,81,4,499.89,1999.56
14409,4850,73,5,487.67,2438.35
14410,4851,9,3,133.05,399.15
14411,4851,86,5,450.1,2250.5
14412,4851,87,1,476.96,476.96
14413,4852,61,5,135.79,678.95
14414,4852,74,5,325.4,1627
14415,4852,72,5,152.08,760.4
14416,4853,93,1,266.65,266.65
14417,4853,6,5,121.04,605.2
14418,4853,50,5,360.67,1803.35
14419,4854,23,2,272.6,545.2
14420,4854,54,2,375.27,750.54
14421,4855,82,3,71.64,214.92
14422,4855,62,4,144.69,578.76
14423,4855,20,5,181.13,905.65
14424,4855,95,5,442.92,2214.6
14425,4856,21,2,488.47,976.94
14426,4856,3,3,321.8,965.4
14427,4856,55,1,205.95,205.95
14428,4856,29,3,122.88,368.64
14429,4857,16,1,465.73,465.73
14430,4857,20,2,181.13,362.26
14431,4858,81,2,499.89,999.78
14432,4858,61,4,135.79,543.16
14433,4858,63,3,229.68,689.04
14434,4858,74,4,325.4,1301.6
14435,4859,38,5,11.87,59.35
14436,4859,3,4,321.8,1287.2
14437,4860,39,1,461.01,461.01
14438,4860,62,5,144.69,723.45
14439,4860,78,5,279.16,1395.8
14440,4861,63,2,229.68,459.36
14441,4861,9,1,133.05,133.05
14442,4861,3,4,321.8,1287.2
14443,4861,82,2,71.64,143.28
14444,4861,95,3,442.92,1328.76
14445,4862,5,5,142.14,710.7
14446,4862,9,3,133.05,399.15
14447,4863,38,3,11.87,35.61
14448,4863,67,1,146.48,146.48
14449,4864,77,4,112.25,449
14450,4864,5,4,142.14,568.56
14451,4864,21,1,488.47,488.47
14452,4865,29,5,122.88,614.4
14453,4865,24,2,217.84,435.68
14454,4865,49,4,388.97,1555.88
14455,4865,24,1,217.84,217.84
14456,4865,64,5,325.29,1626.45
14457,4866,75,2,33.9,67.8
14458,4866,25,1,144.29,144.29
14459,4867,55,1,205.95,205.95
14460,4868,65,4,72.5,290
14461,4868,61,1,135.79,135.79
14462,4869,41,3,314.73,944.19
14463,4869,45,2,444.26,888.52
14464,4869,20,3,181.13,543.39
14465,4870,69,3,414.94,1244.82
14466,4871,65,1,72.5,72.5
14467,4872,33,3,329.42,988.26
14468,4873,95,5,442.92,2214.6
14469,4873,69,5,414.94,2074.7
14470,4873,49,1,388.97,388.97
14471,4874,26,4,313.45,1253.8
14472,4874,28,3,87.71,263.13
14473,4875,58,4,433.93,1735.72
14474,4875,47,1,218.62,218.62
14475,4876,33,5,329.42,1647.1
14476,4877,54,1,375.27,375.27
14477,4877,35,3,18.87,56.61
14478,4877,2,3,243.6,730.8
14479,4877,77,1,112.25,112.25
14480,4878,75,5,33.9,169.5
14481,4878,71,3,77.6,232.8
14482,4879,28,3,87.71,263.13
14483,4879,52,5,403.26,2016.3
14484,4880,11,5,147.32,736.6
14485,4880,65,5,72.5,362.5
14486,4880,94,2,41.72,83.44
14487,4880,96,4,130.71,522.84
14488,4880,37,2,463.79,927.58
14489,4881,8,1,30.66,30.66
14490,4881,6,2,121.04,242.08
14491,4881,75,2,33.9,67.8
14492,4881,79,4,34.53,138.12
14493,4882,38,1,11.87,11.87
14494,4882,10,5,402.34,2011.7
14495,4883,84,4,397.33,1589.32
14496,4883,85,2,448.65,897.3
14497,4883,75,1,33.9,33.9
14498,4883,78,1,279.16,279.16
14499,4883,37,1,463.79,463.79
14500,4884,81,4,499.89,1999.56
14501,4884,66,2,384.26,768.52
14502,4884,73,2,487.67,975.34
14503,4885,21,3,488.47,1465.41
14504,4885,3,2,321.8,643.6
14505,4885,34,4,59.14,236.56
14506,4886,30,5,70.69,353.45
14507,4886,32,4,260.99,1043.96
14508,4886,37,1,463.79,463.79
14509,4886,18,3,423.15,1269.45
14510,4886,87,3,476.96,1430.88
14511,4887,38,2,11.87,23.74
14512,4887,84,5,397.33,1986.65
14513,4887,55,5,205.95,1029.75
14514,4887,79,3,34.53,103.59
14515,4887,37,2,463.79,927.58
14516,4888,47,5,218.62,1093.1
14517,4888,92,3,34.18,102.54
14518,4888,51,4,101.56,406.24
14519,4888,23,2,272.6,545.2
14520,4888,71,3,77.6,232.8
14521,4889,44,5,71.57,357.85
14522,4889,36,4,74.4,297.6
14523,4890,59,4,330.91,1323.64
14524,4891,19,2,280.77,561.54
14525,4892,41,4,314.73,1258.92
14526,4892,5,4,142.14,568.56
14527,4892,10,1,402.34,402.34
14528,4892,10,4,402.34,1609.36
14529,4893,30,3,70.69,212.07
14530,4893,60,3,358.88,1076.64
14531,4893,39,4,461.01,1844.04
14532,4893,24,3,217.84,653.52
14533,4894,11,1,147.32,147.32
14534,4895,27,1,345.01,345.01
14535,4895,61,5,135.79,678.95
14536,4895,32,5,260.99,1304.95
14537,4895,93,5,266.65,1333.25
14538,4896,31,1,214.73,214.73
14539,4896,36,2,74.4,148.8
14540,4896,50,3,360.67,1082.01
14541,4897,99,3,107.85,323.55
14542,4897,3,3,321.8,965.4
14543,4897,7,5,402.41,2012.05
14544,4898,1,3,483.17,1449.51
14545,4899,72,5,152.08,760.4
14546,4900,20,3,181.13,543.39
14547,4900,50,5,360.67,1803.35
14548,4900,96,1,130.71,130.71
14549,4901,97,5,425.33,2126.65
14550,4901,72,2,152.08,304.16
14551,4901,97,5,425.33,2126.65
14552,4901,49,3,388.97,1166.91
14553,4902,29,1,122.88,122.88
14554,4902,90,1,157.77,157.77
14555,4902,91,2,196.31,392.62
14556,4903,64,4,325.29,1301.16
14557,4903,35,5,18.87,94.35
14558,4904,86,5,450.1,2250.5
14559,4905,20,1,181.13,181.13
14560,4905,95,5,442.92,2214.6
14561,4905,9,1,133.05,133.05
14562,4905,38,1,11.87,11.87
14563,4906,65,3,72.5,217.5
14564,4906,28,3,87.71,263.13
14565,4907,71,4,77.6,310.4
14566,4907,5,1,142.14,142.14
14567,4907,40,4,144.16,576.64
14568,4908,59,5,330.91,1654.55
14569,4908,15,1,371.75,371.75
14570,4908,78,4,279.16,1116.64
14571,4908,11,5,147.32,736.6
14572,4909,37,3,463.79,1391.37
14573,4909,85,5,448.65,2243.25
14574,4909,3,1,321.8,321.8
14575,4909,78,4,279.16,1116.64
14576,4909,31,1,214.73,214.73
14577,4910,35,5,18.87,94.35
14578,4910,53,1,120.42,120.42
14579,4910,76,2,273.1,546.2
14580,4910,57,5,55.2,276
14581,4911,59,3,330.91,992.73
14582,4911,46,3,446.64,1339.92
14583,4911,60,3,358.88,1076.64
14584,4911,95,3,442.92,1328.76
14585,4912,62,3,144.69,434.07
14586,4912,59,2,330.91,661.82
14587,4913,97,3,425.33,1275.99
14588,4913,31,4,214.73,858.92
14589,4913,28,1,87.71,87.71
14590,4913,27,1,345.01,345.01
14591,4914,5,3,142.14,426.42
14592,4915,48,1,391.48,391.48
14593,4915,50,2,360.67,721.34
14594,4915,18,4,423.15,1692.6
14595,4915,6,5,121.04,605.2
14596,4915,28,1,87.71,87.71
14597,4916,61,4,135.79,543.16
14598,4916,54,3,375.27,1125.81
14599,4916,87,5,476.96,2384.8
14600,4916,68,4,100.19,400.76
14601,4916,98,5,140.33,701.65
14602,4917,49,4,388.97,1555.88
14603,4917,88,4,275.64,1102.56
14604,4917,71,3,77.6,232.8
14605,4917,37,5,463.79,2318.95
14606,4918,25,3,144.29,432.87
14607,4918,42,4,10.28,41.12
14608,4919,90,1,157.77,157.77
14609,4919,31,1,214.73,214.73
14610,4920,79,3,34.53,103.59
14611,4920,72,2,152.08,304.16
14612,4921,83,4,130.62,522.48
14613,4921,97,5,425.33,2126.65
14614,4922,21,5,488.47,2442.35
14615,4922,45,2,444.26,888.52
14616,4922,30,4,70.69,282.76
14617,4922,12,3,235.36,706.08
14618,4922,22,3,202.6,607.8
14619,4923,3,1,321.8,321.8
14620,4923,60,4,358.88,1435.52
14621,4924,49,2,388.97,777.94
14622,4924,9,4,133.05,532.2
14623,4924,100,4,38.05,152.2
14624,4925,24,5,217.84,1089.2
14625,4926,95,5,442.92,2214.6
14626,4927,92,2,34.18,68.36
14627,4927,83,3,130.62,391.86
14628,4927,27,2,345.01,690.02
14629,4927,92,1,34.18,34.18
14630,4928,73,4,487.67,1950.68
14631,4929,58,3,433.93,1301.79
14632,4929,65,3,72.5,217.5
14633,4929,66,5,384.26,1921.3
14634,4929,94,2,41.72,83.44
14635,4930,21,2,488.47,976.94
14636,4930,31,4,214.73,858.92
14637,4931,23,5,272.6,1363
14638,4931,12,5,235.36,1176.8
14639,4931,25,4,144.29,577.16
14640,4931,85,5,448.65,2243.25
14641,4932,19,2,280.77,561.54
14642,4932,10,3,402.34,1207.02
14643,4932,89,5,63.06,315.3
14644,4933,10,2,402.34,804.68
14645,4933,73,5,487.67,2438.35
14646,4933,57,1,55.2,55.2
14647,4933,31,4,214.73,858.92
14648,4934,28,4,87.71,350.84
14649,4934,99,4,107.85,431.4
14650,4935,52,1,403.26,403.26
14651,4935,36,5,74.4,372
14652,4936,41,5,314.73,1573.65
14653,4937,70,3,303.87,911.61
14654,4937,98,4,140.33,561.32
14655,4937,100,3,38.05,114.15
14656,4937,74,4,325.4,1301.6
14657,4937,62,4,144.69,578.76
14658,4938,49,1,388.97,388.97
14659,4938,45,5,444.26,2221.3
14660,4938,64,5,325.29,1626.45
14661,4938,1,2,483.17,966.34
14662,4938,62,3,144.69,434.07
14663,4939,27,3,345.01,1035.03
14664,4939,34,5,59.14,295.7
14665,4939,84,4,397.33,1589.32
14666,4939,80,5,165.82,829.1
14667,4940,81,2,499.89,999.78
14668,4940,74,2,325.4,650.8
14669,4940,18,2,423.15,846.3
14670,4941,59,1,330.91,330.91
14671,4942,52,4,403.26,1613.04
14672,4942,81,2,499.89,999.78
14673,4942,49,1,388.97,388.97
14674,4942,15,2,371.75,743.5
14675,4942,67,3,146.48,439.44
14676,4943,83,1,130.62,130.62
14677,4943,72,5,152.08,760.4
14678,4943,9,2,133.05,266.1
14679,4943,28,5,87.71,438.55
14680,4943,76,1,273.1,273.1
14681,4944,52,2,403.26,806.52
14682,4944,77,1,112.25,112.25
14683,4945,78,1,279.16,279.16
14684,4945,73,3,487.67,1463.01
14685,4945,65,3,72.5,217.5
14686,4945,51,5,101.56,507.8
14687,4945,71,4,77.6,310.4
14688,4946,30,4,70.69,282.76
14689,4947,67,4,146.48,585.92
14690,4947,1,3,483.17,1449.51
14691,4948,85,4,448.65,1794.6
14692,4948,2,4,243.6,974.4
14693,4949,84,3,397.33,1191.99
14694,4949,62,2,144.69,289.38
14695,4949,49,2,388.97,777.94
14696,4950,59,3,330.91,992.73
14697,4950,36,5,74.4,372
14698,4951,26,2,313.45,626.9
14699,4951,63,2,229.68,459.36
14700,4951,8,1,30.66,30.66
14701,4951,21,4,488.47,1953.88
14702,4951,81,5,499.89,2499.45
14703,4952,99,2,107.85,215.7
14704,4952,75,2,33.9,67.8
14705,4952,55,2,205.95,411.9
14706,4952,61,3,135.79,407.37
14707,4953,67,5,146.48,732.4
14708,4953,67,2,146.48,292.96
14709,4953,7,4,402.41,1609.64
14710,4954,24,3,217.84,653.52
14711,4954,57,3,55.2,165.6
14712,4954,13,1,234.45,234.45
14713,4954,10,1,402.34,402.34
14714,4955,50,3,360.67,1082.01
14715,4955,14,2,472.64,945.28
14716,4955,95,4,442.92,1771.68
14717,4956,45,5,444.26,2221.3
14718,4956,40,1,144.16,144.16
14719,4957,65,3,72.5,217.5
14720,4957,47,1,218.62,218.62
14721,4957,87,1,476.96,476.96
14722,4958,89,3,63.06,189.18
14723,4958,43,1,250.15,250.15
14724,4958,52,4,403.26,1613.04
14725,4959,61,1,135.79,135.79
14726,4959,93,1,266.65,266.65
14727,4959,6,5,121.04,605.2
14728,4959,92,5,34.18,170.9
14729,4959,77,1,112.25,112.25
14730,4960,96,1,130.71,130.71
14731,4960,98,3,140.33,420.99
14732,4960,41,5,314.73,1573.65
14733,4960,9,5,133.05,665.25
14734,4960,69,1,414.94,414.94
14735,4961,94,2,41.72,83.44
14736,4961,74,5,325.4,1627
14737,4961,63,5,229.68,1148.4
14738,4962,2,5,243.6,1218
14739,4962,87,1,476.96,476.96
14740,4962,68,1,100.19,100.19
14741,4962,8,4,30.66,122.64
14742,4962,29,4,122.88,491.52
14743,4963,15,5,371.75,1858.75
14744,4963,28,1,87.71,87.71
14745,4963,78,3,279.16,837.48
14746,4964,86,5,450.1,2250.5
14747,4964,80,1,165.82,165.82
14748,4965,78,2,279.16,558.32
14749,4965,55,3,205.95,617.85
14750,4966,30,3,70.69,212.07
14751,4966,92,4,34.18,136.72
14752,4966,41,4,314.73,1258.92
14753,4966,30,5,70.69,353.45
14754,4967,31,2,214.73,429.46
14755,4967,50,5,360.67,1803.35
14756,4967,43,3,250.15,750.45
14757,4967,5,3,142.14,426.42
14758,4967,56,1,180.06,180.06
14759,4968,7,1,402.41,402.41
14760,4968,36,3,74.4,223.2
14761,4968,28,3,87.71,263.13
14762,4968,76,4,273.1,1092.4
14763,4968,59,3,330.91,992.73
14764,4969,2,5,243.6,1218
14765,4969,28,4,87.71,350.84
14766,4970,85,4,448.65,1794.6
14767,4971,75,1,33.9,33.9
14768,4972,45,1,444.26,444.26
14769,4973,4,1,117.56,117.56
14770,4973,54,3,375.27,1125.81
14771,4974,66,3,384.26,1152.78
14772,4974,27,3,345.01,1035.03
14773,4974,44,4,71.57,286.28
14774,4975,13,4,234.45,937.8
14775,4975,43,1,250.15,250.15
14776,4976,75,5,33.9,169.5
14777,4977,87,1,476.96,476.96
14778,4977,79,5,34.53,172.65
14779,4977,70,4,303.87,1215.48
14780,4978,41,4,314.73,1258.92
14781,4978,99,1,107.85,107.85
14782,4978,53,5,120.42,602.1
14783,4978,50,2,360.67,721.34
14784,4979,76,2,273.1,546.2
14785,4979,31,5,214.73,1073.65
14786,4979,48,2,391.48,782.96
14787,4979,25,5,144.29,721.45
14788,4979,95,2,442.92,885.84
14789,4980,32,2,260.99,521.98
14790,4980,100,3,38.05,114.15
14791,4980,28,1,87.71,87.71
14792,4981,64,2,325.29,650.58
14793,4981,72,3,152.08,456.24
14794,4981,58,2,433.93,867.86
14795,4982,81,1,499.89,499.89
14796,4982,9,4,133.05,532.2
14797,4982,67,2,146.48,292.96
14798,4983,32,3,260.99,782.97
14799,4983,63,4,229.68,918.72
14800,4983,99,3,107.85,323.55
14801,4984,7,4,402.41,1609.64
14802,4984,55,4,205.95,823.8
14803,4984,27,3,345.01,1035.03
14804,4985,46,3,446.64,1339.92
14805,4986,22,4,202.6,810.4
14806,4986,25,4,144.29,577.16
14807,4986,78,3,279.16,837.48
14808,4986,95,2,442.92,885.84
14809,4986,18,3,423.15,1269.45
14810,4987,67,4,146.48,585.92
14811,4988,89,4,63.06,252.24
14812,4988,50,4,360.67,1442.68
14813,4988,79,4,34.53,138.12
14814,4988,4,5,117.56,587.8
14815,4988,35,2,18.87,37.74
14816,4989,96,5,130.71,653.55
14817,4990,77,5,112.25,561.25
14818,4990,56,5,180.06,900.3
14819,4990,81,5,499.89,2499.45
14820,4990,19,2,280.77,561.54
14821,4990,35,1,18.87,18.87
14822,4991,7,3,402.41,1207.23
14823,4991,99,5,107.85,539.25
14824,4991,48,1,391.48,391.48
14825,4991,58,1,433.93,433.93
14826,4992,14,2,472.64,945.28
14827,4992,14,3,472.64,1417.92
14828,4992,49,5,388.97,1944.85
14829,4992,66,2,384.26,768.52
14830,4993,47,2,218.62,437.24
14831,4994,7,3,402.41,1207.23
14832,4994,23,2,272.6,545.2
14833,4994,91,3,196.31,588.93
14834,4995,82,5,71.64,358.2
14835,4996,42,4,10.28,41.12
14836,4996,28,4,87.71,350.84
14837,4996,33,5,329.42,1647.1
14838,4996,58,4,433.93,1735.72
14839,4997,94,4,41.72,166.88
14840,4997,17,3,480.38,1441.14
14841,4997,17,1,480.38,480.38
14842,4997,44,1,71.57,71.57
14843,4998,31,5,214.73,1073.65
14844,4998,2,3,243.6,730.8
14845,4999,72,2,152.08,304.16
14846,4999,62,5,144.69,723.45
14847,5000,6,1,121.04,121.04