order_id,order_number,customer_id,order_date,status,subtotal,discount_percent,shipping_cost,tax_amount,total_amount,payment_method,shipping_method,promotion_id,notes
1,ORD-20240320-00001,369,2024-03-20,pendiente,2724.08,12,380,572.06,3349.25,debit_card,same_day,,Nota del cliente: Envolver para regalo
2,ORD-20230707-00002,154,2023-07-07,procesando,3195.29,10,340,671.01,3886.77,credit_card,pickup,8,
3,ORD-20250816-00003,428,2025-08-16,procesando,2885.94,5,280,606.05,3627.69,paypal,pickup,,
4,ORD-20250707-00004,143,2025-07-07,procesando,1777.04,15,260,373.18,2143.66,debit_card,pickup,,
5,ORD-20230110-00005,183,2023-01-10,entregado,1730.63,0,350,363.43,2444.06,credit_card,standard,,
6,ORD-20240427-00006,440,2024-04-27,entregado,1841.14,15,130,386.64,2081.61,credit_card,same_day,,
7,ORD-20240117-00007,378,2024-01-17,entregado,405.2,2,100,85.09,582.19,credit_card,pickup,,Nota del cliente: Llamar antes
8,ORD-20251219-00008,222,2025-12-19,procesando,4003.22,16,110,840.68,4313.38,credit_card,standard,,
9,ORD-20240818-00009,231,2024-08-18,pendiente,1562.1,15,400,328.04,2055.83,bank_transfer,same_day,6,
10,ORD-20250201-00010,353,2025-02-01,cancelado,2775.97,20,280,582.95,3083.73,cash_on_delivery,pickup,,
11,ORD-20230614-00011,301,2023-06-14,cancelado,2011.7,18,350,422.46,2422.05,bank_transfer,pickup,6,
12,ORD-20240203-00012,323,2024-02-03,cancelado,4974.51,15,380,1044.65,5652.98,bank_transfer,standard,,
13,ORD-20240815-00013,387,2024-08-15,cancelado,1124.88,11,450,236.22,1687.36,credit_card,same_day,,
14,ORD-20230101-00014,201,2023-01-01,pendiente,2392.17,18,390,502.36,2853.94,paypal,standard,10,
15,ORD-20240302-00015,197,2024-03-02,cancelado,767.94,7,0,161.27,875.45,cash_on_delivery,standard,10,
16,ORD-20230925-00016,45,2023-09-25,enviado,2229.06,17,360,468.1,2678.22,bank_transfer,standard,,
17,ORD-20250425-00017,470,2025-04-25,procesando,1670.82,16,180,350.87,1934.36,paypal,same_day,,Nota del cliente: Envolver para regalo
18,ORD-20240414-00018,412,2024-04-14,enviado,4697.8,17,230,986.54,5115.71,paypal,express,1,
19,ORD-20250530-00019,476,2025-05-30,cancelado,638.15,13,440,134.01,1129.2,credit_card,pickup,,
20,ORD-20250319-00020,401,2025-03-19,cancelado,2587.44,20,320,543.36,2933.31,paypal,express,,
21,ORD-20240406-00021,68,2024-04-06,entregado,3252.87,4,20,683.1,3825.86,paypal,pickup,,
22,ORD-20230217-00022,17,2023-02-17,procesando,5258.99,1,220,1104.39,6530.79,bank_transfer,express,,
23,ORD-20230223-00023,1,2023-02-23,pendiente,854.56,16,260,179.46,1157.29,debit_card,express,2,Nota del cliente: Llamar antes
24,ORD-20230924-00024,192,2023-09-24,enviado,2991.59,1,410,628.23,3999.9,cash_on_delivery,standard,7,Nota del cliente: Envolver para regalo
25,ORD-20251026-00025,370,2025-10-26,pendiente,4132.31,11,370,867.79,4915.55,debit_card,pickup,,
26,ORD-20240419-00026,292,2024-04-19,cancelado,342.36,14,210,71.9,576.33,credit_card,same_day,,
27,ORD-20250106-00027,359,2025-01-06,procesando,302.42,2,350,63.51,709.88,paypal,express,,
28,ORD-20250625-00028,209,2025-06-25,entregado,3527,7,220,740.67,4240.78,paypal,express,,
29,ORD-20240516-00029,359,2024-05-16,enviado,2383.96,10,480,500.63,3126.19,bank_transfer,pickup,10,Nota del cliente: Envolver para regalo
30,ORD-20231206-00030,317,2023-12-06,cancelado,2081.87,0,120,437.19,2639.06,paypal,same_day,,
31,ORD-20240922-00031,385,2024-09-22,enviado,147.32,18,470,30.94,621.74,cash_on_delivery,standard,,
32,ORD-20250609-00032,452,2025-06-09,cancelado,1201.38,8,230,252.29,1587.56,credit_card,express,,Nota del cliente: Envolver para regalo
33,ORD-20250208-00033,80,2025-02-08,enviado,1855.16,14,290,389.58,2275.02,bank_transfer,pickup,7,Nota del cliente: Llamar antes
34,ORD-20241009-00034,101,2024-10-09,enviado,352.68,6,450,74.06,855.58,bank_transfer,same_day,,
35,ORD-20230904-00035,493,2023-09-04,cancelado,5772.02,6,190,1212.12,6827.82,debit_card,standard,,
36,ORD-20250228-00036,44,2025-02-28,procesando,3287.26,20,280,690.32,3600.13,bank_transfer,standard,,
37,ORD-20240107-00037,199,2024-01-07,pendiente,2949.3,16,400,619.35,3496.76,bank_transfer,pickup,,Nota del cliente: Dejar en portería
38,ORD-20231124-00038,460,2023-11-24,entregado,6370.98,19,430,1337.91,6928.4,credit_card,express,3,
39,ORD-20240726-00039,216,2024-07-26,pendiente,165.55,10,30,34.77,213.77,cash_on_delivery,same_day,,
40,ORD-20230530-00040,417,2023-05-30,entregado,1006.77,0,120,211.42,1338.19,paypal,same_day,5,
41,ORD-20240424-00041,376,2024-04-24,procesando,3989.11,2,420,837.71,5167.04,debit_card,pickup,,Nota del cliente: Dejar en portería
42,ORD-20231111-00042,456,2023-11-11,pendiente,3164.02,12,290,664.44,3738.78,cash_on_delivery,standard,,
43,ORD-20240610-00043,237,2024-06-10,pendiente,433.81,13,430,91.1,898.51,cash_on_delivery,same_day,3,
44,ORD-20230627-00044,58,2023-06-27,cancelado,4500.37,19,80,945.08,4670.38,credit_card,same_day,,
45,ORD-20251129-00045,208,2025-11-29,enviado,6325.63,6,430,1328.38,7704.47,paypal,pickup,,Nota del cliente: Envolver para regalo
46,ORD-20251120-00046,13,2025-11-20,procesando,5045.12,5,290,1059.48,6142.34,paypal,express,,
47,ORD-20240828-00047,104,2024-08-28,entregado,463.79,15,150,97.4,641.62,credit_card,same_day,,Nota del cliente: Entregar por la tarde
48,ORD-20230105-00048,416,2023-01-05,entregado,1491.91,19,250,313.3,1771.75,bank_transfer,same_day,,
49,ORD-20241126-00049,313,2024-11-26,pendiente,942.07,19,60,197.83,1020.91,paypal,pickup,7,
50,ORD-20230525-00050,148,2023-05-25,cancelado,4695.96,13,110,986.15,5181.64,cash_on_delivery,express,,
51,ORD-20240317-00051,95,2024-03-17,entregado,2233.2,17,60,468.97,2382.53,debit_card,same_day,,Nota del cliente: Llamar antes
52,ORD-20230227-00052,108,2023-02-27,enviado,859.38,10,410,180.47,1363.91,debit_card,standard,,Nota del cliente: Entregar por la tarde
53,ORD-20240204-00053,394,2024-02-04,entregado,730.8,3,380,153.47,1242.35,credit_card,pickup,,
54,ORD-20230321-00054,366,2023-03-21,procesando,5405.89,14,150,1135.24,5934.31,cash_on_delivery,same_day,5,
55,ORD-20250615-00055,17,2025-06-15,entregado,2115.8,2,20,444.32,2537.8,credit_card,pickup,,Nota del cliente: Entregar por la tarde
56,ORD-20250205-00056,102,2025-02-05,entregado,1105.69,0,440,232.19,1777.88,bank_transfer,same_day,,Nota del cliente: Llamar antes
57,ORD-20260215-00057,379,2026-02-15,entregado,63.06,8,200,13.24,271.26,credit_card,same_day,8,
58,ORD-20250911-00058,36,2025-09-11,cancelado,2046.46,1,300,429.76,2755.76,cash_on_delivery,same_day,,
59,ORD-20241118-00059,291,2024-11-18,pendiente,1417.92,17,220,297.76,1694.63,paypal,pickup,7,
60,ORD-20250117-00060,332,2025-01-17,cancelado,3211.23,18,430,674.36,3737.57,bank_transfer,standard,,
61,ORD-20230320-00061,148,2023-03-20,enviado,1317.58,18,370,276.69,1727.11,debit_card,express,3,
62,ORD-20250304-00062,21,2025-03-04,pendiente,1090.4,4,240,228.98,1515.76,paypal,same_day,,Nota del cliente: Llamar antes
63,ORD-20231022-00063,465,2023-10-22,procesando,1024.07,18,90,215.05,1144.79,debit_card,express,,Nota del cliente: Dejar en portería
64,ORD-20241124-00064,221,2024-11-24,pendiente,3799.7,6,480,797.94,4849.66,bank_transfer,standard,,
65,ORD-20250225-00065,156,2025-02-25,entregado,1191.99,10,170,250.32,1493.11,paypal,express,,
66,ORD-20240409-00066,448,2024-04-09,procesando,522.48,5,440,109.72,1046.08,credit_card,standard,2,
67,ORD-20250504-00067,235,2025-05-04,cancelado,643.6,6,270,135.16,1010.14,credit_card,standard,1,
68,ORD-20230117-00068,116,2023-01-17,cancelado,356.59,3,60,74.88,480.77,paypal,same_day,,
69,ORD-20241025-00069,450,2024-10-25,enviado,2952.55,1,460,620.04,4003.06,paypal,same_day,10,
70,ORD-20240625-00070,475,2024-06-25,pendiente,2072.22,3,150,435.17,2595.22,credit_card,express,,
71,ORD-20240415-00071,300,2024-04-15,pendiente,2977.99,19,190,625.38,3227.55,credit_card,same_day,,
72,ORD-20251104-00072,299,2025-11-04,pendiente,4603.83,9,240,966.8,5396.29,bank_transfer,express,,
73,ORD-20230519-00073,475,2023-05-19,entregado,701.79,20,320,147.38,1028.81,bank_transfer,same_day,,
74,ORD-20240511-00074,93,2024-05-11,entregado,2268.19,6,300,476.32,2908.42,bank_transfer,standard,3,
75,ORD-20230930-00075,137,2023-09-30,cancelado,1521.29,7,210,319.47,1944.27,paypal,same_day,,
76,ORD-20240330-00076,286,2024-03-30,procesando,2462.43,3,150,517.11,3055.67,paypal,pickup,,
77,ORD-20240117-00077,417,2024-01-17,cancelado,1890.56,7,500,397.02,2655.24,bank_transfer,same_day,,Nota del cliente: Entregar por la tarde
78,ORD-20231016-00078,96,2023-10-16,enviado,137.17,2,460,28.81,623.24,paypal,same_day,5,
79,ORD-20250617-00079,133,2025-06-17,pendiente,4202.02,9,270,882.42,4976.26,credit_card,pickup,,
80,ORD-20240314-00080,275,2024-03-14,cancelado,1013,17,380,212.73,1433.52,bank_transfer,express,,Nota del cliente: Envolver para regalo
81,ORD-20230929-00081,430,2023-09-29,pendiente,4645.02,7,110,975.45,5405.32,cash_on_delivery,same_day,3,
82,ORD-20231117-00082,415,2023-11-17,procesando,1759.24,8,430,369.44,2417.94,debit_card,express,,
83,ORD-20250809-00083,138,2025-08-09,enviado,532.45,2,130,111.81,763.61,debit_card,express,,
84,ORD-20240929-00084,361,2024-09-29,procesando,4767.09,19,490,1001.09,5352.43,paypal,pickup,,
85,ORD-20241105-00085,180,2024-11-05,pendiente,1744.9,18,200,366.43,1997.25,credit_card,standard,,
86,ORD-20251109-00086,19,2025-11-09,enviado,3299.29,4,400,692.85,4260.17,paypal,standard,,
87,ORD-20260202-00087,241,2026-02-02,enviado,1269.45,7,320,266.58,1767.17,bank_transfer,standard,,
88,ORD-20260119-00088,196,2026-01-19,entregado,585.92,9,370,123.04,1026.23,cash_on_delivery,pickup,5,
89,ORD-20241026-00089,72,2024-10-26,enviado,4268.94,3,280,896.48,5317.35,credit_card,standard,,
90,ORD-20230607-00090,447,2023-06-07,procesando,3759.01,11,420,789.39,4554.91,debit_card,standard,,
91,ORD-20240117-00091,42,2024-01-17,pendiente,1512.08,15,290,317.54,1892.81,paypal,standard,,
92,ORD-20230821-00092,151,2023-08-21,procesando,2364.41,5,310,496.53,3052.72,cash_on_delivery,standard,,
93,ORD-20250708-00093,400,2025-07-08,cancelado,1157.25,1,210,243.02,1598.7,cash_on_delivery,express,,
94,ORD-20241024-00094,38,2024-10-24,enviado,6119.05,17,440,1285,6803.81,paypal,pickup,,
95,ORD-20251009-00095,277,2025-10-09,pendiente,3782.09,2,230,794.24,4730.69,paypal,express,,
96,ORD-20250215-00096,107,2025-02-15,enviado,3926.69,17,30,824.6,4113.75,cash_on_delivery,express,,
97,ORD-20250715-00097,212,2025-07-15,enviado,2585.03,1,440,542.86,3542.04,paypal,pickup,,
98,ORD-20250601-00098,314,2025-06-01,procesando,463.79,13,360,97.4,860.9,credit_card,standard,,Nota del cliente: Entregar por la tarde
99,ORD-20240412-00099,336,2024-04-12,pendiente,1601,1,460,336.21,2381.2,paypal,pickup,,Nota del cliente: Dejar en portería
100,ORD-20231227-00100,276,2023-12-27,cancelado,4341.48,6,410,911.71,5402.7,bank_transfer,express,6,
101,ORD-20240327-00101,447,2024-03-27,procesando,2900.51,15,0,609.11,3074.54,debit_card,pickup,,
102,ORD-20231105-00102,226,2023-11-05,cancelado,1397.19,15,410,293.41,1891.02,cash_on_delivery,express,,
103,ORD-20240714-00103,413,2024-07-14,procesando,2280.44,6,390,478.89,3012.5,bank_transfer,standard,,Nota del cliente: Llamar antes
104,ORD-20250415-00104,455,2025-04-15,enviado,2105.76,17,160,442.21,2349.99,debit_card,same_day,,
105,ORD-20250215-00105,444,2025-02-15,entregado,5774.2,14,470,1212.58,6648.39,cash_on_delivery,pickup,,
106,ORD-20240524-00106,8,2024-05-24,pendiente,2775.84,0,250,582.93,3608.77,bank_transfer,pickup,,
107,ORD-20241219-00107,491,2024-12-19,cancelado,1212.05,17,400,254.53,1660.53,cash_on_delivery,standard,3,
108,ORD-20260104-00108,35,2026-01-04,enviado,2338.83,6,240,491.15,2929.65,credit_card,standard,,
109,ORD-20230605-00109,399,2023-06-05,pendiente,3597.69,10,480,755.51,4473.43,debit_card,same_day,,
110,ORD-20251120-00110,130,2025-11-20,enviado,590.84,9,130,124.08,791.74,paypal,pickup,,
111,ORD-20250319-00111,70,2025-03-19,cancelado,1360.15,0,140,285.63,1785.78,debit_card,pickup,,
112,ORD-20250911-00112,245,2025-09-11,cancelado,1383.74,18,290,290.59,1715.26,bank_transfer,express,,
113,ORD-20240602-00113,462,2024-06-02,procesando,855.62,14,140,179.68,1055.51,credit_card,express,2,Nota del cliente: Dejar en portería
114,ORD-20251026-00114,64,2025-10-26,enviado,3250.48,9,210,682.6,3850.54,credit_card,express,,
115,ORD-20251014-00115,2,2025-10-14,cancelado,214.73,9,300,45.09,540.49,credit_card,same_day,10,
116,ORD-20251104-00116,8,2025-11-04,pendiente,2694,6,450,565.74,3548.1,bank_transfer,express,,
117,ORD-20260218-00117,237,2026-02-18,pendiente,1850.99,20,90,388.71,1959.5,credit_card,pickup,,
118,ORD-20240528-00118,272,2024-05-28,cancelado,545.2,12,10,114.49,604.27,bank_transfer,standard,,
119,ORD-20240613-00119,84,2024-06-13,entregado,2343.22,17,290,492.08,2726.95,cash_on_delivery,pickup,10,
120,ORD-20231230-00120,416,2023-12-30,cancelado,5107.68,11,340,1072.61,5958.45,cash_on_delivery,express,,
121,ORD-20251025-00121,115,2025-10-25,cancelado,1437.75,9,440,301.93,2050.28,credit_card,express,,
122,ORD-20250114-00122,43,2025-01-14,cancelado,2395.19,3,190,502.99,3016.32,paypal,pickup,,
123,ORD-20240315-00123,450,2024-03-15,cancelado,1637.68,9,30,343.91,1864.2,credit_card,express,,
124,ORD-20241212-00124,192,2024-12-12,procesando,975.87,19,400,204.93,1395.38,debit_card,express,8,
125,ORD-20250502-00125,248,2025-05-02,pendiente,456.81,14,380,95.93,868.79,bank_transfer,pickup,2,
126,ORD-20251001-00126,208,2025-10-01,cancelado,637.16,3,420,133.8,1171.85,cash_on_delivery,standard,,
127,ORD-20241129-00127,292,2024-11-29,cancelado,710.7,13,430,149.25,1197.56,bank_transfer,pickup,,
128,ORD-20250519-00128,152,2025-05-19,cancelado,2534.13,1,410,532.17,3450.96,bank_transfer,same_day,3,
129,ORD-20250325-00129,487,2025-03-25,cancelado,1396.78,11,250,293.32,1786.45,cash_on_delivery,pickup,7,
130,ORD-20230418-00130,455,2023-04-18,procesando,5058.27,19,100,1062.24,5259.44,paypal,same_day,9,
131,ORD-20230228-00131,84,2023-02-28,cancelado,2140.23,14,240,449.45,2530.05,debit_card,same_day,,
132,ORD-20250525-00132,141,2025-05-25,entregado,2690.17,12,20,564.94,2952.29,credit_card,same_day,7,
133,ORD-20250328-00133,441,2025-03-28,cancelado,546.2,7,460,114.7,1082.67,cash_on_delivery,standard,,
134,ORD-20250604-00134,411,2025-06-04,enviado,1372.73,3,160,288.27,1779.82,credit_card,standard,,
135,ORD-20230108-00135,470,2023-01-08,enviado,4248.09,1,110,892.1,5207.71,bank_transfer,same_day,,
136,ORD-20230929-00136,145,2023-09-29,entregado,5167.27,12,390,1085.13,6022.33,paypal,express,,
137,ORD-20250326-00137,38,2025-03-26,pendiente,561.32,2,70,117.88,737.97,bank_transfer,same_day,,
138,ORD-20230315-00138,368,2023-03-15,enviado,2961.48,19,170,621.91,3190.71,credit_card,express,,
139,ORD-20250331-00139,499,2025-03-31,pendiente,2959.29,6,160,621.45,3563.18,debit_card,pickup,,
140,ORD-20231122-00140,473,2023-11-22,procesando,939.37,19,40,197.27,998.16,credit_card,pickup,,
141,ORD-20230504-00141,343,2023-05-04,enviado,4724.81,14,500,992.21,5555.55,debit_card,pickup,4,
142,ORD-20240930-00142,272,2024-09-30,enviado,3606.84,3,90,757.44,4346.07,credit_card,express,,
143,ORD-20250910-00143,169,2025-09-10,enviado,3001.16,10,110,630.24,3441.28,debit_card,express,,Nota del cliente: Entregar por la tarde
144,ORD-20250618-00144,432,2025-06-18,pendiente,851.51,4,100,178.82,1096.27,cash_on_delivery,pickup,4,
145,ORD-20230713-00145,366,2023-07-13,enviado,1189.34,7,190,249.76,1545.85,debit_card,standard,,
146,ORD-20230223-00146,21,2023-02-23,cancelado,3222.53,19,10,676.73,3296.98,paypal,same_day,,
147,ORD-20250906-00147,14,2025-09-06,entregado,1251.64,8,490,262.84,1904.35,credit_card,pickup,,
148,ORD-20240523-00148,50,2024-05-23,pendiente,2178.86,20,70,457.56,2270.65,debit_card,pickup,,
149,ORD-20260302-00149,459,2026-03-02,pendiente,1270.21,15,210,266.74,1556.42,paypal,standard,2,
150,ORD-20250323-00150,428,2025-03-23,enviado,166.88,1,390,35.04,590.25,paypal,same_day,,
151,ORD-20240410-00151,36,2024-04-10,cancelado,1301.79,8,260,273.38,1731.03,credit_card,pickup,,
152,ORD-20240730-00152,6,2024-07-30,enviado,1740.45,8,420,365.49,2386.7,credit_card,pickup,,
153,ORD-20231020-00153,195,2023-10-20,procesando,4575.35,17,480,960.82,5238.36,cash_on_delivery,same_day,,Nota del cliente: Dejar en portería
154,ORD-20260311-00154,45,2026-03-11,enviado,473.31,4,450,99.4,1003.78,credit_card,pickup,3,
155,ORD-20240416-00155,160,2024-04-16,enviado,1631.86,9,180,342.69,2007.68,cash_on_delivery,pickup,,
156,ORD-20230628-00156,278,2023-06-28,entregado,2815.35,18,60,591.22,2959.81,cash_on_delivery,same_day,,
157,ORD-20240928-00157,142,2024-09-28,pendiente,1011.18,16,270,212.35,1331.74,bank_transfer,pickup,2,
158,ORD-20231121-00158,1,2023-11-21,entregado,4275.85,4,80,897.93,5082.75,debit_card,express,,
159,ORD-20250222-00159,51,2025-02-22,enviado,5051.26,5,360,1060.76,6219.46,bank_transfer,pickup,,
160,ORD-20241110-00160,364,2024-11-10,pendiente,903.96,20,480,189.83,1393,paypal,same_day,,Nota del cliente: Entregar por la tarde
161,ORD-20250513-00161,365,2025-05-13,enviado,1374.9,14,310,288.73,1781.14,credit_card,same_day,6,
162,ORD-20230324-00162,361,2023-03-24,pendiente,1150.04,12,60,241.51,1313.55,credit_card,standard,,
163,ORD-20250125-00163,427,2025-01-25,entregado,3115.86,2,170,654.33,3877.87,paypal,pickup,,
164,ORD-20250717-00164,326,2025-07-17,pendiente,3341.76,4,220,701.77,4129.86,bank_transfer,express,,
165,ORD-20260211-00165,81,2026-02-11,enviado,667.48,9,330,140.17,1077.58,credit_card,standard,2,Nota del cliente: Envolver para regalo
166,ORD-20240606-00166,121,2024-06-06,pendiente,2019.81,19,60,424.16,2120.21,credit_card,same_day,7,
167,ORD-20250919-00167,237,2025-09-19,cancelado,1876.97,6,410,394.16,2568.51,paypal,express,,
168,ORD-20250811-00168,372,2025-08-11,procesando,1870.55,16,210,392.82,2174.08,paypal,pickup,,
169,ORD-20230808-00169,331,2023-08-08,cancelado,334.72,12,50,70.29,414.84,paypal,express,,Nota del cliente: Envolver para regalo
170,ORD-20231021-00170,419,2023-10-21,entregado,2367.79,5,440,497.24,3186.64,cash_on_delivery,standard,,Nota del cliente: Llamar antes
171,ORD-20230802-00171,383,2023-08-02,enviado,445.35,13,50,93.52,530.97,paypal,standard,,
172,ORD-20240901-00172,421,2024-09-01,cancelado,2090.7,15,340,439.05,2556.15,bank_transfer,pickup,,
173,ORD-20260211-00173,398,2026-02-11,entregado,3249.35,16,100,682.36,3511.81,debit_card,express,9,
174,ORD-20250112-00174,94,2025-01-12,cancelado,2751.99,16,480,577.92,3369.59,cash_on_delivery,express,1,
175,ORD-20231215-00175,269,2023-12-15,pendiente,1865.48,10,20,391.75,2090.68,cash_on_delivery,same_day,,
176,ORD-20241110-00176,254,2024-11-10,cancelado,1194.92,12,30,250.93,1332.46,cash_on_delivery,pickup,,Nota del cliente: Envolver para regalo
177,ORD-20230108-00177,356,2023-01-08,enviado,3294.99,3,10,691.95,3898.09,paypal,pickup,,
178,ORD-20250321-00178,388,2025-03-21,enviado,2198.36,10,440,461.66,2880.18,paypal,same_day,,
179,ORD-20250622-00179,361,2025-06-22,pendiente,2214.56,1,40,465.06,2697.47,paypal,pickup,,Nota del cliente: Entregar por la tarde
180,ORD-20251001-00180,435,2025-10-01,procesando,2643.97,15,370,555.23,3172.6,bank_transfer,same_day,,
181,ORD-20250615-00181,448,2025-06-15,procesando,232.8,16,410,48.89,654.44,credit_card,express,,
182,ORD-20240218-00182,413,2024-02-18,procesando,1301.16,15,370,273.24,1749.23,debit_card,standard,,
183,ORD-20240807-00183,162,2024-08-07,procesando,142.14,3,110,29.85,277.73,paypal,express,,
184,ORD-20241119-00184,153,2024-11-19,cancelado,1043.96,3,320,219.23,1551.87,bank_transfer,express,,Nota del cliente: Envolver para regalo
185,ORD-20240201-00185,453,2024-02-01,procesando,1477.27,17,220,310.23,1756.36,paypal,same_day,,Nota del cliente: Dejar en portería
186,ORD-20240719-00186,314,2024-07-19,cancelado,3767.93,4,100,791.27,4508.48,paypal,standard,,
187,ORD-20250727-00187,483,2025-07-27,cancelado,2839.61,10,50,596.32,3201.97,paypal,pickup,,Nota del cliente: Entregar por la tarde
188,ORD-20250529-00188,468,2025-05-29,pendiente,1634.87,2,490,343.32,2435.49,bank_transfer,standard,1,Nota del cliente: Llamar antes
189,ORD-20240603-00189,167,2024-06-03,procesando,1546.68,20,260,324.8,1822.14,cash_on_delivery,standard,,
190,ORD-20250426-00190,164,2025-04-26,entregado,1671.86,19,340,351.09,2045.3,cash_on_delivery,same_day,,Nota del cliente: Envolver para regalo
191,ORD-20230609-00191,324,2023-06-09,cancelado,1251.13,8,40,262.74,1453.78,paypal,express,4,
192,ORD-20230810-00192,261,2023-08-10,enviado,2944.54,4,160,618.35,3605.11,paypal,express,2,
193,ORD-20241104-00193,194,2024-11-04,pendiente,1772.48,10,210,372.22,2177.45,paypal,express,9,
194,ORD-20231229-00194,301,2023-12-29,entregado,371.75,16,40,78.07,430.34,credit_card,express,,
195,ORD-20250302-00195,60,2025-03-02,enviado,2140.82,1,120,449.57,2688.98,credit_card,standard,,
196,ORD-20260130-00196,69,2026-01-30,pendiente,3218.28,20,460,675.84,3710.46,paypal,standard,,
197,ORD-20250112-00197,193,2025-01-12,entregado,1801.36,0,130,378.29,2309.65,debit_card,pickup,,
198,ORD-20260311-00198,416,2026-03-11,cancelado,997.76,0,250,209.53,1457.29,cash_on_delivery,express,,Nota del cliente: Llamar antes
199,ORD-20251004-00199,241,2025-10-04,pendiente,3404.11,10,220,714.86,3998.56,credit_card,express,,
200,ORD-20230806-00200,217,2023-08-06,cancelado,2442.35,14,290,512.89,2903.31,bank_transfer,pickup,1,
201,ORD-20230620-00201,126,2023-06-20,pendiente,2489.93,3,370,522.89,3308.12,cash_on_delivery,standard,,Nota del cliente: Dejar en portería
202,ORD-20260112-00202,367,2026-01-12,procesando,1890.56,15,410,397.02,2414,bank_transfer,express,2,Nota del cliente: Entregar por la tarde
203,ORD-20250715-00203,103,2025-07-15,enviado,2912.31,15,0,611.59,3087.05,credit_card,pickup,,
204,ORD-20240620-00204,129,2024-06-20,cancelado,863.41,2,240,181.32,1267.46,credit_card,same_day,,Nota del cliente: Llamar antes
205,ORD-20241228-00205,303,2024-12-28,procesando,1076.26,6,240,226.01,1477.69,credit_card,standard,,Nota del cliente: Llamar antes
206,ORD-20250603-00206,74,2025-06-03,cancelado,1373.01,15,160,288.33,1615.39,paypal,express,10,
207,ORD-20241129-00207,258,2024-11-29,pendiente,2756.2,4,470,578.8,3694.75,bank_transfer,standard,,
208,ORD-20241112-00208,443,2024-11-12,procesando,1370.85,15,0,287.88,1453.1,paypal,express,,Nota del cliente: Entregar por la tarde
209,ORD-20250929-00209,455,2025-09-29,cancelado,1369.96,4,300,287.69,1902.85,cash_on_delivery,express,,Nota del cliente: Dejar en portería
210,ORD-20230531-00210,101,2023-05-31,entregado,1206.97,20,300,253.46,1519.04,credit_card,pickup,,
211,ORD-20250514-00211,425,2025-05-14,procesando,1697.14,19,280,356.4,2011.08,debit_card,pickup,,
212,ORD-20240429-00212,130,2024-04-29,procesando,905.25,17,360,190.1,1301.46,cash_on_delivery,express,5,
213,ORD-20241209-00213,473,2024-12-09,entregado,390.26,2,350,81.95,814.4,paypal,standard,,
214,ORD-20230818-00214,56,2023-08-18,enviado,3607.04,17,190,757.48,3941.32,bank_transfer,pickup,,
215,ORD-20260222-00215,216,2026-02-22,entregado,2720.26,5,70,571.25,3225.5,debit_card,pickup,,Nota del cliente: Envolver para regalo
216,ORD-20240914-00216,55,2024-09-14,entregado,3605.87,4,240,757.23,4458.87,debit_card,same_day,4,
217,ORD-20241221-00217,92,2024-12-21,entregado,2777.66,0,310,583.31,3670.97,bank_transfer,same_day,,
218,ORD-20240805-00218,243,2024-08-05,cancelado,789.32,15,260,165.76,1096.68,bank_transfer,same_day,,
219,ORD-20240410-00219,89,2024-04-10,cancelado,2142.41,15,120,449.91,2390.96,bank_transfer,same_day,,
220,ORD-20241116-00220,25,2024-11-16,enviado,2309.66,13,70,485.03,2564.43,bank_transfer,same_day,,Nota del cliente: Entregar por la tarde
221,ORD-20240314-00221,291,2024-03-14,entregado,2459.32,12,340,516.46,3020.66,paypal,standard,10,
222,ORD-20240715-00222,58,2024-07-15,enviado,850.66,8,440,178.64,1401.25,cash_on_delivery,express,1,Nota del cliente: Entregar por la tarde
223,ORD-20240117-00223,248,2024-01-17,pendiente,1319.07,6,480,277,1996.93,credit_card,pickup,,
224,ORD-20230709-00224,255,2023-07-09,pendiente,1599.22,8,450,335.84,2257.12,debit_card,standard,,Nota del cliente: Entregar por la tarde
225,ORD-20251227-00225,134,2025-12-27,procesando,568.56,18,360,119.4,945.62,credit_card,same_day,,
226,ORD-20241005-00226,12,2024-10-05,procesando,2524.39,7,230,530.12,3107.8,cash_on_delivery,standard,,
227,ORD-20230513-00227,469,2023-05-13,pendiente,1542.64,5,90,323.95,1879.46,credit_card,express,,
228,ORD-20260114-00228,363,2026-01-14,procesando,751.83,5,420,157.88,1292.12,paypal,pickup,,
229,ORD-20240616-00229,2,2024-06-16,cancelado,190.25,13,350,39.95,555.47,cash_on_delivery,express,,Nota del cliente: Envolver para regalo
230,ORD-20240919-00230,386,2024-09-19,entregado,4641.05,6,300,974.62,5637.21,debit_card,standard,8,
231,ORD-20230210-00231,488,2023-02-10,enviado,2685.27,3,350,563.91,3518.62,bank_transfer,same_day,9,
232,ORD-20240705-00232,221,2024-07-05,procesando,136.72,19,50,28.71,189.45,cash_on_delivery,standard,,
233,ORD-20230906-00233,74,2023-09-06,cancelado,2622.12,13,370,550.65,3201.89,cash_on_delivery,express,,
234,ORD-20260227-00234,136,2026-02-27,entregado,3408.22,17,170,715.73,3714.55,paypal,same_day,,
235,ORD-20241221-00235,381,2024-12-21,pendiente,607.74,16,0,127.63,638.13,cash_on_delivery,pickup,,
236,ORD-20240903-00236,385,2024-09-03,procesando,1278.5,2,460,268.49,1981.42,bank_transfer,pickup,,Nota del cliente: Envolver para regalo
237,ORD-20231027-00237,350,2023-10-27,procesando,2722.79,18,190,571.79,2994.48,paypal,pickup,,Nota del cliente: Llamar antes
238,ORD-20260104-00238,492,2026-01-04,procesando,1267.89,6,60,266.26,1518.08,bank_transfer,standard,,Nota del cliente: Entregar por la tarde
239,ORD-20250513-00239,165,2025-05-13,enviado,1076.13,0,390,225.99,1692.12,paypal,standard,,
240,ORD-20250223-00240,85,2025-02-23,pendiente,1358.75,2,410,285.34,2026.92,credit_card,pickup,10,
241,ORD-20230403-00241,122,2023-04-03,pendiente,1685.42,8,70,353.94,1974.53,cash_on_delivery,standard,,
242,ORD-20260115-00242,285,2026-01-15,pendiente,388.97,11,10,81.68,437.86,debit_card,same_day,,
243,ORD-20230518-00243,263,2023-05-18,cancelado,1301.6,19,460,273.34,1787.64,cash_on_delivery,standard,,
244,ORD-20260222-00244,173,2026-02-22,cancelado,4092.16,8,370,859.35,4994.14,credit_card,same_day,,
245,ORD-20250614-00245,367,2025-06-14,cancelado,3403.82,11,200,714.8,3944.2,paypal,standard,6,
246,ORD-20250330-00246,9,2025-03-30,cancelado,122.88,16,50,25.8,179.02,debit_card,pickup,,
247,ORD-20250515-00247,95,2025-05-15,enviado,2094.44,12,490,439.83,2772.94,debit_card,same_day,,
248,ORD-20241216-00248,88,2024-12-16,procesando,1639.92,16,390,344.38,2111.91,paypal,same_day,,
249,ORD-20250120-00249,473,2025-01-20,enviado,3226.91,11,240,677.65,3789.6,cash_on_delivery,pickup,,
250,ORD-20250618-00250,135,2025-06-18,cancelado,3489.36,2,490,732.77,4642.34,debit_card,express,,Nota del cliente: Envolver para regalo
251,ORD-20250704-00251,232,2025-07-04,entregado,1647.1,14,390,345.89,2152.4,bank_transfer,standard,,
252,ORD-20241130-00252,85,2024-11-30,procesando,2078.27,5,250,436.44,2660.8,bank_transfer,standard,,
253,ORD-20250630-00253,499,2025-06-30,entregado,3920.13,0,380,823.23,5123.36,cash_on_delivery,standard,,
254,ORD-20241109-00254,55,2024-11-09,pendiente,2011.7,9,480,422.46,2733.11,bank_transfer,same_day,,
255,ORD-20250826-00255,490,2025-08-26,entregado,273.1,7,120,57.35,431.33,debit_card,express,,
256,ORD-20231008-00256,277,2023-10-08,cancelado,2287.54,6,440,480.38,3070.67,cash_on_delivery,pickup,,
257,ORD-20250722-00257,181,2025-07-22,procesando,1332.45,1,0,279.81,1598.94,paypal,express,,
258,ORD-20250324-00258,139,2025-03-24,cancelado,710.34,15,220,149.17,972.96,cash_on_delivery,same_day,7,
259,ORD-20230610-00259,43,2023-06-10,pendiente,3940.9,4,40,827.59,4650.85,debit_card,express,,Nota del cliente: Dejar en portería
260,ORD-20260127-00260,311,2026-01-27,cancelado,360.67,20,230,75.74,594.28,credit_card,same_day,,
261,ORD-20230124-00261,483,2023-01-24,enviado,2789.93,20,350,585.89,3167.83,paypal,same_day,,
262,ORD-20250518-00262,188,2025-05-18,procesando,2395.16,2,330,502.98,3180.24,credit_card,pickup,6,
263,ORD-20240307-00263,430,2024-03-07,procesando,4921.92,20,290,1033.6,5261.14,paypal,express,,Nota del cliente: Dejar en portería
264,ORD-20251029-00264,318,2025-10-29,pendiente,589.28,18,60,123.75,666.96,debit_card,standard,,Nota del cliente: Dejar en portería
265,ORD-20230524-00265,490,2023-05-24,cancelado,2280.81,6,480,478.97,3102.93,paypal,pickup,,
266,ORD-20260205-00266,275,2026-02-05,procesando,497.46,19,270,104.47,777.41,cash_on_delivery,same_day,,
267,ORD-20230222-00267,490,2023-02-22,pendiente,2549.13,5,30,535.32,2986.99,paypal,same_day,,
268,ORD-20240708-00268,317,2024-07-08,procesando,612.24,14,80,128.57,735.1,debit_card,same_day,,Nota del cliente: Entregar por la tarde
269,ORD-20260306-00269,154,2026-03-06,enviado,905.65,9,200,190.19,1214.33,cash_on_delivery,standard,5,
270,ORD-20231021-00270,130,2023-10-21,enviado,3698.93,14,170,776.78,4127.86,paypal,pickup,,
271,ORD-20230302-00271,40,2023-03-02,enviado,4680,7,50,982.8,5385.2,paypal,pickup,,
272,ORD-20260204-00272,152,2026-02-04,procesando,1979.01,10,180,415.59,2376.7,cash_on_delivery,pickup,,
273,ORD-20250601-00273,32,2025-06-01,procesando,4410.56,20,370,926.22,4824.67,debit_card,express,,
274,ORD-20240121-00274,362,2024-01-21,entregado,6148.97,8,350,1291.28,7298.33,cash_on_delivery,same_day,,
275,ORD-20230128-00275,440,2023-01-28,enviado,1253.62,17,370,263.26,1673.76,bank_transfer,standard,2,
276,ORD-20250712-00276,237,2025-07-12,procesando,2700.24,20,40,567.05,2767.24,paypal,pickup,,
277,ORD-20230314-00277,374,2023-03-14,cancelado,1810.16,14,390,380.13,2326.87,bank_transfer,express,,
278,ORD-20231127-00278,163,2023-11-27,cancelado,3367.41,15,200,707.16,3769.46,paypal,standard,,
279,ORD-20230311-00279,137,2023-03-11,entregado,2273.64,11,200,477.46,2701,paypal,same_day,7,Nota del cliente: Entregar por la tarde
280,ORD-20230410-00280,336,2023-04-10,pendiente,2328.65,4,390,489.02,3114.52,cash_on_delivery,express,,
281,ORD-20250930-00281,90,2025-09-30,cancelado,1768.38,17,150,371.36,1989.12,paypal,same_day,,Nota del cliente: Envolver para regalo
282,ORD-20251206-00282,86,2025-12-06,cancelado,609.57,12,470,128.01,1134.43,bank_transfer,same_day,,
283,ORD-20230822-00283,205,2023-08-22,pendiente,363.72,7,170,76.38,584.64,cash_on_delivery,standard,,Nota del cliente: Envolver para regalo
284,ORD-20241125-00284,325,2024-11-25,procesando,5569.97,5,50,1169.69,6511.16,debit_card,same_day,,
285,ORD-20241006-00285,398,2024-10-06,entregado,3267.88,3,210,686.25,4066.09,paypal,pickup,7,
286,ORD-20250515-00286,338,2025-05-15,entregado,1784.19,6,410,374.68,2461.82,paypal,standard,,
287,ORD-20230205-00287,377,2023-02-05,cancelado,2090.6,5,40,439.03,2465.1,debit_card,pickup,,
288,ORD-20260220-00288,26,2026-02-20,pendiente,2262.18,6,50,475.06,2651.51,cash_on_delivery,standard,,
289,ORD-20250723-00289,271,2025-07-23,cancelado,4842.15,1,190,1016.85,6000.58,paypal,express,,
290,ORD-20240107-00290,44,2024-01-07,cancelado,703.02,3,150,147.63,979.56,credit_card,express,,
291,ORD-20250926-00291,452,2025-09-26,enviado,1304.95,1,70,274.04,1635.94,debit_card,same_day,,
292,ORD-20260209-00292,156,2026-02-09,enviado,4323.42,6,360,907.92,5331.93,bank_transfer,pickup,9,
293,ORD-20230212-00293,467,2023-02-12,cancelado,3451.69,8,50,724.85,3950.4,debit_card,express,,Nota del cliente: Envolver para regalo
294,ORD-20240213-00294,266,2024-02-13,procesando,3983.79,1,220,836.6,5000.55,cash_on_delivery,express,,
295,ORD-20250722-00295,191,2025-07-22,entregado,6232.82,2,160,1308.89,7577.05,credit_card,express,,
296,ORD-20251129-00296,168,2025-11-29,procesando,1513.23,1,310,317.78,2125.88,bank_transfer,standard,5,
297,ORD-20231207-00297,474,2023-12-07,cancelado,2382.66,16,20,500.36,2521.79,bank_transfer,express,,
298,ORD-20260101-00298,401,2026-01-01,pendiente,296.58,0,310,62.28,668.86,debit_card,pickup,,
299,ORD-20240404-00299,187,2024-04-04,entregado,2941.76,19,90,617.77,3090.6,cash_on_delivery,express,,
300,ORD-20230909-00300,486,2023-09-09,entregado,279.16,13,390,58.62,691.49,paypal,standard,,
301,ORD-20250901-00301,343,2025-09-01,enviado,2037.74,19,0,427.93,2078.5,paypal,express,,Nota del cliente: Dejar en portería
302,ORD-20230126-00302,163,2023-01-26,entregado,122.88,20,120,25.8,244.1,credit_card,pickup,,
303,ORD-20251009-00303,157,2025-10-09,enviado,1332.78,20,480,279.88,1826.1,paypal,standard,,
304,ORD-20240331-00304,147,2024-03-31,entregado,2091.37,5,400,439.19,2825.99,credit_card,standard,,
305,ORD-20240324-00305,147,2024-03-24,cancelado,1430.88,4,80,300.48,1754.12,cash_on_delivery,standard,,
306,ORD-20231203-00306,27,2023-12-03,cancelado,2441.03,12,350,512.62,3010.73,debit_card,same_day,,
307,ORD-20240512-00307,138,2024-05-12,procesando,3302.94,14,60,693.62,3594.15,bank_transfer,express,,
308,ORD-20241121-00308,76,2024-11-21,cancelado,2391.68,18,360,502.25,2823.43,paypal,same_day,,
309,ORD-20240629-00309,373,2024-06-29,cancelado,435.06,4,350,91.36,859.02,cash_on_delivery,pickup,3,
310,ORD-20240710-00310,291,2024-07-10,pendiente,172.65,1,240,36.26,447.18,debit_card,standard,2,
311,ORD-20250527-00311,146,2025-05-27,procesando,4092.46,18,200,859.42,4415.24,credit_card,pickup,,
312,ORD-20241103-00312,62,2024-11-03,enviado,2064.49,2,380,433.54,2836.74,credit_card,pickup,1,Nota del cliente: Envolver para regalo
313,ORD-20240614-00313,386,2024-06-14,pendiente,2339.51,20,220,491.3,2582.91,paypal,express,4,Nota del cliente: Llamar antes
314,ORD-20230206-00314,475,2023-02-06,cancelado,1612.35,14,440,338.59,2165.21,paypal,pickup,8,Nota del cliente: Dejar en portería
315,ORD-20230125-00315,93,2023-01-25,entregado,649.95,5,370,136.49,1123.94,cash_on_delivery,same_day,,
316,ORD-20240410-00316,412,2024-04-10,procesando,3787.62,13,100,795.4,4190.63,paypal,pickup,,Nota del cliente: Dejar en portería
317,ORD-20240926-00317,141,2024-09-26,enviado,362.5,15,100,76.13,484.26,paypal,pickup,,
318,ORD-20250131-00318,93,2025-01-31,cancelado,551.28,15,320,115.77,904.36,cash_on_delivery,pickup,,
319,ORD-20251217-00319,145,2025-12-17,enviado,1969.93,9,240,413.69,2446.33,debit_card,standard,,
320,ORD-20230413-00320,90,2023-04-13,enviado,2442.35,20,320,512.89,2786.77,bank_transfer,same_day,,
321,ORD-20230714-00321,282,2023-07-14,procesando,3556.23,10,150,746.81,4097.42,cash_on_delivery,same_day,,
322,ORD-20230302-00322,220,2023-03-02,entregado,295.7,14,210,62.1,526.4,debit_card,standard,,Nota del cliente: Llamar antes
323,ORD-20240202-00323,58,2024-02-02,entregado,794.56,20,140,166.86,942.51,cash_on_delivery,same_day,2,
324,ORD-20260102-00324,494,2026-01-02,enviado,727.9,0,210,152.86,1090.76,credit_card,same_day,10,
325,ORD-20230531-00325,18,2023-05-31,procesando,3981.19,10,130,836.05,4549.12,bank_transfer,pickup,,
326,ORD-20240609-00326,104,2024-06-09,enviado,4790.14,15,50,1005.93,5127.55,bank_transfer,standard,,
327,ORD-20260117-00327,358,2026-01-17,enviado,898.8,13,420,188.75,1390.71,paypal,standard,,
328,ORD-20241003-00328,38,2024-10-03,pendiente,300.57,5,480,63.12,828.66,debit_card,same_day,,Nota del cliente: Llamar antes
329,ORD-20250908-00329,405,2025-09-08,cancelado,1157.94,14,360,243.17,1599,credit_card,pickup,,
330,ORD-20230819-00330,473,2023-08-19,enviado,2556,5,180,536.76,3144.96,bank_transfer,pickup,,
331,ORD-20231225-00331,367,2023-12-25,entregado,653.1,20,340,137.15,999.63,debit_card,standard,9,
332,ORD-20260221-00332,353,2026-02-21,enviado,1742.42,7,320,365.91,2306.36,debit_card,pickup,,
333,ORD-20230115-00333,225,2023-01-15,cancelado,3528.42,5,280,740.97,4372.97,bank_transfer,same_day,,
334,ORD-20250722-00334,492,2025-07-22,pendiente,2653.54,2,50,557.24,3207.71,cash_on_delivery,standard,,
335,ORD-20230509-00335,63,2023-05-09,pendiente,2554.57,9,210,536.46,3071.12,debit_card,same_day,10,
336,ORD-20251101-00336,189,2025-11-01,entregado,4421.21,1,130,928.45,5435.45,debit_card,same_day,,
337,ORD-20250630-00337,350,2025-06-30,cancelado,6647.42,17,480,1395.96,7393.32,debit_card,express,,
338,ORD-20241110-00338,279,2024-11-10,entregado,4838.75,6,460,1016.14,6024.57,credit_card,pickup,9,Nota del cliente: Dejar en portería
339,ORD-20230304-00339,318,2023-03-04,entregado,723.91,4,100,152.02,946.97,cash_on_delivery,pickup,,
340,ORD-20240104-00340,330,2024-01-04,entregado,1706.18,5,240,358.3,2219.17,bank_transfer,pickup,,
341,ORD-20240728-00341,215,2024-07-28,pendiente,654.82,1,130,137.51,915.78,paypal,express,9,
342,ORD-20230818-00342,137,2023-08-18,entregado,2935.13,13,80,616.38,3249.94,bank_transfer,same_day,,
343,ORD-20250103-00343,131,2025-01-03,enviado,1172.25,19,190,246.17,1385.69,debit_card,express,,
344,ORD-20250409-00344,365,2025-04-09,cancelado,3404.2,14,60,714.88,3702.49,credit_card,express,,
345,ORD-20240729-00345,186,2024-07-29,pendiente,2929.53,0,430,615.2,3974.73,bank_transfer,express,,
346,ORD-20240911-00346,141,2024-09-11,pendiente,3365.48,8,480,706.75,4282.99,paypal,express,,Nota del cliente: Dejar en portería
347,ORD-20240720-00347,9,2024-07-20,cancelado,402.41,8,380,84.51,834.73,bank_transfer,pickup,,
348,ORD-20250801-00348,480,2025-08-01,pendiente,689.04,1,340,144.7,1166.85,paypal,same_day,,Nota del cliente: Entregar por la tarde
349,ORD-20240304-00349,298,2024-03-04,pendiente,4563.68,10,40,958.37,5105.68,bank_transfer,standard,6,
350,ORD-20231121-00350,44,2023-11-21,cancelado,1680.02,5,340,352.8,2288.82,credit_card,pickup,6,
351,ORD-20250524-00351,293,2025-05-24,enviado,3185.06,16,70,668.86,3414.31,credit_card,express,,
352,ORD-20251202-00352,271,2025-12-02,pendiente,981.55,6,280,206.13,1408.79,bank_transfer,express,10,
353,ORD-20240226-00353,349,2024-02-26,cancelado,1125.73,3,420,236.4,1748.36,cash_on_delivery,pickup,9,Nota del cliente: Envolver para regalo
354,ORD-20230113-00354,24,2023-01-13,procesando,1531.55,16,320,321.63,1928.13,debit_card,standard,10,
355,ORD-20230502-00355,91,2023-05-02,pendiente,6138.96,7,290,1289.18,7288.41,cash_on_delivery,same_day,,
356,ORD-20250421-00356,480,2025-04-21,procesando,2170.34,13,0,455.77,2343.97,cash_on_delivery,same_day,,
357,ORD-20240103-00357,124,2024-01-03,cancelado,362.26,5,250,76.07,670.22,paypal,pickup,2,
358,ORD-20241220-00358,278,2024-12-20,enviado,3330.41,2,290,699.39,4253.19,paypal,standard,,
359,ORD-20231017-00359,412,2023-10-17,pendiente,1581.9,17,190,332.2,1835.18,paypal,express,2,
360,ORD-20230705-00360,355,2023-07-05,entregado,4041.5,3,170,848.72,4938.98,credit_card,same_day,,
361,ORD-20240424-00361,402,2024-04-24,entregado,3487.08,16,420,732.29,4081.44,cash_on_delivery,same_day,10,Nota del cliente: Llamar antes
362,ORD-20240517-00362,162,2024-05-17,cancelado,829.88,13,460,174.27,1356.27,cash_on_delivery,express,,
363,ORD-20251015-00363,289,2025-10-15,procesando,2254.95,15,220,473.54,2610.25,debit_card,pickup,,
364,ORD-20250817-00364,190,2025-08-17,procesando,3366,11,50,706.86,3752.6,paypal,standard,,
365,ORD-20250820-00365,223,2025-08-20,pendiente,1785.09,4,330,374.87,2418.56,paypal,pickup,,
366,ORD-20260130-00366,308,2026-01-30,entregado,5090.74,20,470,1069.06,5611.65,bank_transfer,standard,,Nota del cliente: Dejar en portería
367,ORD-20230314-00367,257,2023-03-14,cancelado,2150.5,11,150,451.61,2515.56,cash_on_delivery,same_day,,Nota del cliente: Llamar antes
368,ORD-20240803-00368,192,2024-08-03,cancelado,4175.11,2,440,876.77,5408.38,debit_card,pickup,,
369,ORD-20250428-00369,12,2025-04-28,cancelado,889.76,3,200,186.85,1249.92,bank_transfer,standard,,
370,ORD-20250602-00370,164,2025-06-02,procesando,809.06,14,190,169.9,1055.69,bank_transfer,same_day,,Nota del cliente: Dejar en portería
371,ORD-20241204-00371,407,2024-12-04,entregado,4739.58,14,90,995.31,5161.35,debit_card,express,,
372,ORD-20250923-00372,389,2025-09-23,entregado,3119.05,2,150,655,3861.67,debit_card,same_day,7,
373,ORD-20230507-00373,42,2023-05-07,entregado,1597.93,4,410,335.57,2279.58,debit_card,same_day,,
374,ORD-20230923-00374,101,2023-09-23,procesando,1702.38,1,180,357.5,2222.86,cash_on_delivery,pickup,,
375,ORD-20251129-00375,464,2025-11-29,enviado,325.29,5,230,68.31,607.34,bank_transfer,same_day,3,
376,ORD-20250529-00376,291,2025-05-29,enviado,125.16,8,320,26.28,461.43,bank_transfer,pickup,9,
377,ORD-20241211-00377,205,2024-12-11,procesando,1304.95,15,390,274.04,1773.25,paypal,same_day,,
378,ORD-20250504-00378,477,2025-05-04,pendiente,5861.08,6,370,1230.83,7110.25,credit_card,standard,,
379,ORD-20240410-00379,284,2024-04-10,procesando,2407.85,12,140,505.65,2764.56,credit_card,same_day,,
380,ORD-20231110-00380,25,2023-11-10,entregado,856.22,9,430,179.81,1388.97,cash_on_delivery,same_day,,
381,ORD-20240410-00381,89,2024-04-10,entregado,3333.24,19,340,699.98,3739.9,cash_on_delivery,same_day,,
382,ORD-20250731-00382,332,2025-07-31,pendiente,966.34,1,130,202.93,1289.61,cash_on_delivery,same_day,,
383,ORD-20230404-00383,70,2023-04-04,entregado,1538.47,0,310,323.08,2171.55,credit_card,express,,
384,ORD-20250601-00384,447,2025-06-01,cancelado,1395.18,16,480,292.99,1944.94,debit_card,standard,,Nota del cliente: Entregar por la tarde
385,ORD-20251008-00385,211,2025-10-08,entregado,360.67,8,350,75.74,757.56,cash_on_delivery,express,,
386,ORD-20240110-00386,392,2024-01-10,entregado,2999.61,17,470,629.92,3589.6,credit_card,express,6,Nota del cliente: Entregar por la tarde
387,ORD-20250420-00387,447,2025-04-20,entregado,2660.15,6,340,558.63,3399.17,cash_on_delivery,express,,
388,ORD-20230109-00388,166,2023-01-09,pendiente,1633.22,19,320,342.98,1985.89,debit_card,standard,9,
389,ORD-20231016-00389,33,2023-10-16,pendiente,181.13,4,40,38.04,251.92,bank_transfer,pickup,,
390,ORD-20230922-00390,92,2023-09-22,pendiente,1589.03,18,180,333.7,1816.7,credit_card,express,9,
391,ORD-20251213-00391,464,2025-12-13,pendiente,4173.24,18,250,876.38,4548.44,debit_card,same_day,,
392,ORD-20241016-00392,347,2024-10-16,procesando,2274.58,0,210,477.66,2962.24,debit_card,pickup,,
393,ORD-20230929-00393,301,2023-09-29,enviado,3237.62,5,30,679.9,3785.64,credit_card,same_day,,
394,ORD-20240201-00394,74,2024-02-01,pendiente,1573.5,20,180,330.44,1769.24,cash_on_delivery,pickup,,
395,ORD-20231029-00395,93,2023-10-29,cancelado,224.43,10,60,47.13,309.12,bank_transfer,same_day,9,
396,ORD-20250615-00396,488,2025-06-15,procesando,2485.48,6,60,521.95,2918.3,cash_on_delivery,express,,
397,ORD-20251202-00397,484,2025-12-02,procesando,720.8,14,320,151.37,1091.26,paypal,pickup,,
398,ORD-20241124-00398,197,2024-11-24,pendiente,3347.39,0,200,702.95,4250.34,credit_card,express,9,
399,ORD-20230127-00399,401,2023-01-27,entregado,1897.42,7,140,398.46,2303.06,paypal,pickup,,
400,ORD-20231025-00400,323,2023-10-25,pendiente,203.12,1,490,42.66,733.75,paypal,same_day,,
401,ORD-20250417-00401,403,2025-04-17,enviado,708.16,10,300,148.71,1086.05,bank_transfer,same_day,,Nota del cliente: Entregar por la tarde
402,ORD-20250514-00402,441,2025-05-14,cancelado,2415.85,4,230,507.33,3056.55,debit_card,standard,8,
403,ORD-20250112-00403,412,2025-01-12,entregado,3249.84,0,120,682.47,4052.31,debit_card,same_day,,
404,ORD-20231211-00404,422,2023-12-11,procesando,280.66,15,220,58.94,517.5,paypal,pickup,5,
405,ORD-20241019-00405,121,2024-10-19,enviado,643.6,14,350,135.16,1038.66,debit_card,express,,
406,ORD-20241116-00406,284,2024-11-16,procesando,2920.26,17,280,613.25,3317.07,bank_transfer,standard,,
407,ORD-20230705-00407,432,2023-07-05,cancelado,2352.49,4,290,494.02,3042.41,credit_card,standard,,
408,ORD-20251128-00408,487,2025-11-28,enviado,4418.72,15,90,927.93,4773.84,debit_card,standard,9,
409,ORD-20230407-00409,69,2023-04-07,enviado,3602.75,5,20,756.58,4199.19,paypal,standard,,
410,ORD-20260311-00410,16,2026-03-11,entregado,2868.96,12,100,602.48,3227.16,debit_card,pickup,,Nota del cliente: Dejar en portería
411,ORD-20260213-00411,65,2026-02-13,enviado,1576.4,12,300,331.04,2018.27,cash_on_delivery,pickup,,
412,ORD-20230316-00412,2,2023-03-16,enviado,568.56,8,490,119.4,1132.48,credit_card,standard,,
413,ORD-20231219-00413,196,2023-12-19,pendiente,1158.87,20,140,243.36,1310.46,bank_transfer,pickup,,
414,ORD-20251024-00414,151,2025-10-24,procesando,3642.91,7,80,765.01,4232.92,cash_on_delivery,standard,,
415,ORD-20240413-00415,189,2024-04-13,pendiente,2148.36,16,150,451.16,2405.78,paypal,pickup,,
416,ORD-20250322-00416,410,2025-03-22,entregado,4408.51,16,240,925.79,4868.94,credit_card,pickup,,
417,ORD-20250820-00417,242,2025-08-20,pendiente,1698.8,8,400,356.75,2319.65,debit_card,standard,3,
418,ORD-20250902-00418,166,2025-09-02,cancelado,732.46,15,430,153.82,1206.41,credit_card,pickup,5,Nota del cliente: Entregar por la tarde
419,ORD-20230318-00419,478,2023-03-18,entregado,4041.94,17,100,848.81,4303.62,credit_card,same_day,,
420,ORD-20241016-00420,427,2024-10-16,cancelado,2897.6,4,70,608.5,3460.2,cash_on_delivery,standard,,Nota del cliente: Llamar antes
421,ORD-20260216-00421,358,2026-02-16,procesando,3042.23,3,460,638.87,4049.83,debit_card,express,,
422,ORD-20251214-00422,314,2025-12-14,procesando,976.94,9,180,205.16,1274.18,credit_card,pickup,9,
423,ORD-20230510-00423,305,2023-05-10,enviado,1881.95,18,290,395.21,2228.41,bank_transfer,pickup,9,
424,ORD-20240315-00424,75,2024-03-15,entregado,3424.38,13,190,719.12,3888.33,debit_card,express,,
425,ORD-20240415-00425,333,2024-04-15,cancelado,3932.6,12,290,825.85,4576.54,credit_card,same_day,,
426,ORD-20250819-00426,455,2025-08-19,enviado,2441.97,20,250,512.81,2716.39,bank_transfer,same_day,,
427,ORD-20250826-00427,65,2025-08-26,pendiente,2989.32,4,430,627.76,3927.51,paypal,standard,,
428,ORD-20240315-00428,250,2024-03-15,pendiente,402.41,14,460,84.51,890.58,cash_on_delivery,express,,
429,ORD-20240718-00429,395,2024-07-18,entregado,5037.42,6,480,1057.86,6273.03,debit_card,pickup,,
430,ORD-20251120-00430,424,2025-11-20,procesando,2243.25,11,200,471.08,2667.57,paypal,same_day,6,
431,ORD-20250131-00431,377,2025-01-31,entregado,1593.87,1,490,334.71,2402.64,paypal,pickup,,
432,ORD-20240611-00432,408,2024-06-11,enviado,288.32,3,360,60.55,700.22,paypal,standard,10,
433,ORD-20250820-00433,350,2025-08-20,cancelado,2390.29,9,320,501.96,2997.12,cash_on_delivery,pickup,,
434,ORD-20240204-00434,205,2024-02-04,entregado,3389.61,8,190,711.82,4020.26,cash_on_delivery,standard,10,
435,ORD-20230614-00435,157,2023-06-14,pendiente,2196.21,16,170,461.2,2476.02,cash_on_delivery,same_day,5,
436,ORD-20230615-00436,319,2023-06-15,cancelado,3487,11,200,732.27,4035.7,paypal,standard,,
437,ORD-20250222-00437,452,2025-02-22,pendiente,976.94,14,370,205.16,1415.33,cash_on_delivery,same_day,,
438,ORD-20230423-00438,214,2023-04-23,procesando,1691.99,16,110,355.32,1886.59,credit_card,same_day,,
439,ORD-20240606-00439,312,2024-06-06,cancelado,3689.05,2,280,774.7,4669.97,debit_card,same_day,,
440,ORD-20240819-00440,456,2024-08-19,procesando,567.84,16,250,119.25,846.24,bank_transfer,pickup,,Nota del cliente: Envolver para regalo
441,ORD-20230817-00441,231,2023-08-17,enviado,631.08,0,160,132.53,923.61,bank_transfer,pickup,,Nota del cliente: Envolver para regalo
442,ORD-20230619-00442,113,2023-06-19,pendiente,1890.56,18,340,397.02,2287.28,paypal,same_day,,
443,ORD-20250929-00443,423,2025-09-29,procesando,940.35,2,450,197.47,1569.01,debit_card,same_day,1,
444,ORD-20241231-00444,192,2024-12-31,enviado,1788.57,16,420,375.6,2298,paypal,same_day,,
445,ORD-20241218-00445,314,2024-12-18,pendiente,653.52,17,210,137.24,889.66,bank_transfer,express,,Nota del cliente: Dejar en portería
446,ORD-20230320-00446,467,2023-03-20,procesando,497.78,18,20,104.53,532.71,paypal,standard,,
447,ORD-20231013-00447,167,2023-10-13,pendiente,1227.2,14,450,257.71,1763.1,cash_on_delivery,standard,,
448,ORD-20240404-00448,460,2024-04-04,procesando,1700.34,20,140,357.07,1857.34,paypal,standard,,
449,ORD-20240829-00449,364,2024-08-29,cancelado,228.71,10,60,48.03,313.87,paypal,express,,
450,ORD-20231216-00450,431,2023-12-16,cancelado,4984.83,9,420,1046.81,6003.01,credit_card,express,,Nota del cliente: Dejar en portería
451,ORD-20230119-00451,161,2023-01-19,cancelado,1074.56,6,180,225.66,1415.75,paypal,express,,
452,ORD-20230307-00452,10,2023-03-07,cancelado,411.9,4,110,86.5,591.92,paypal,pickup,6,
453,ORD-20240826-00453,243,2024-08-26,cancelado,3670.39,13,100,770.78,4064.02,bank_transfer,standard,,
454,ORD-20240425-00454,82,2024-04-25,pendiente,4444.05,19,360,933.25,4892.93,debit_card,same_day,,
455,ORD-20260222-00455,37,2026-02-22,enviado,561.25,20,40,117.86,606.86,credit_card,same_day,,
456,ORD-20250326-00456,212,2025-03-26,enviado,6291.45,3,400,1321.2,7823.91,credit_card,same_day,,
457,ORD-20241224-00457,226,2024-12-24,enviado,7595.58,11,60,1595.07,8415.14,cash_on_delivery,express,,
458,ORD-20250502-00458,42,2025-05-02,cancelado,1969.76,12,270,413.65,2417.04,cash_on_delivery,express,10,
459,ORD-20240719-00459,260,2024-07-19,pendiente,243.6,5,270,51.16,552.58,cash_on_delivery,pickup,3,
460,ORD-20251212-00460,414,2025-12-12,cancelado,3615.68,11,400,759.29,4377.25,bank_transfer,standard,,
461,ORD-20250802-00461,487,2025-08-02,procesando,1063.7,7,320,223.38,1532.62,paypal,express,,Nota del cliente: Dejar en portería
462,ORD-20230620-00462,183,2023-06-20,procesando,1042.2,0,290,218.86,1551.06,credit_card,same_day,,
463,ORD-20251008-00463,224,2025-10-08,cancelado,1965.2,8,40,412.69,2260.67,debit_card,standard,,
464,ORD-20240119-00464,468,2024-01-19,enviado,4393.39,2,310,922.61,5538.13,debit_card,pickup,5,
465,ORD-20250304-00465,342,2025-03-04,cancelado,1042.93,19,350,219.02,1413.79,bank_transfer,express,,
466,ORD-20230712-00466,484,2023-07-12,entregado,2883.69,0,10,605.57,3499.26,debit_card,pickup,,
467,ORD-20231029-00467,469,2023-10-29,entregado,1793.38,14,230,376.61,2148.92,paypal,pickup,,
468,ORD-20241018-00468,107,2024-10-18,enviado,2475.59,3,490,519.87,3411.19,debit_card,same_day,5,
469,ORD-20240309-00469,268,2024-03-09,entregado,617.85,9,420,129.75,1111.99,credit_card,same_day,,
470,ORD-20250506-00470,495,2025-05-06,entregado,6308.81,9,480,1324.85,7545.87,cash_on_delivery,standard,,
471,ORD-20231219-00471,399,2023-12-19,entregado,1150.14,20,60,241.53,1221.64,cash_on_delivery,standard,1,Nota del cliente: Dejar en portería
472,ORD-20251129-00472,276,2025-11-29,entregado,3946.77,9,50,828.82,4470.38,cash_on_delivery,standard,7,
473,ORD-20230313-00473,436,2023-03-13,entregado,1718.82,2,180,360.95,2225.39,paypal,pickup,9,
474,ORD-20231130-00474,194,2023-11-30,pendiente,3435.72,15,50,721.5,3691.86,credit_card,same_day,10,
475,ORD-20250407-00475,44,2025-04-07,entregado,1045.03,3,260,219.46,1493.14,credit_card,same_day,,
476,ORD-20240928-00476,379,2024-09-28,cancelado,4078.96,10,500,856.58,5027.64,paypal,standard,,Nota del cliente: Envolver para regalo
477,ORD-20230706-00477,314,2023-07-06,enviado,1269.45,2,40,266.58,1550.64,bank_transfer,same_day,9,Nota del cliente: Llamar antes
478,ORD-20250324-00478,426,2025-03-24,procesando,497.46,14,290,104.47,822.29,debit_card,express,,
479,ORD-20241121-00479,396,2024-11-21,pendiente,959.91,6,410,201.58,1513.9,cash_on_delivery,standard,,Nota del cliente: Llamar antes
480,ORD-20250906-00480,240,2025-09-06,entregado,4244.18,3,350,891.28,5358.13,debit_card,standard,1,Nota del cliente: Envolver para regalo
481,ORD-20251105-00481,482,2025-11-05,cancelado,3446.92,15,240,723.85,3893.73,credit_card,same_day,,
482,ORD-20240128-00482,218,2024-01-28,procesando,1728.55,19,40,363,1803.13,paypal,express,,Nota del cliente: Entregar por la tarde
483,ORD-20231230-00483,475,2023-12-30,cancelado,148.8,16,10,31.25,166.24,paypal,express,,
484,ORD-20241228-00484,260,2024-12-28,entregado,3061.98,19,230,643.02,3353.22,debit_card,standard,,
485,ORD-20231220-00485,381,2023-12-20,procesando,1790.43,15,0,375.99,1897.86,debit_card,same_day,,
486,ORD-20260107-00486,329,2026-01-07,entregado,2113.68,4,500,443.87,2973,debit_card,pickup,,
487,ORD-20250105-00487,30,2025-01-05,entregado,2861.69,15,140,600.95,3173.39,credit_card,same_day,,
488,ORD-20260207-00488,55,2026-02-07,enviado,1554.47,6,260,326.44,2047.64,credit_card,express,,
489,ORD-20240910-00489,129,2024-09-10,enviado,3988.01,16,470,837.48,4657.41,credit_card,standard,,
490,ORD-20241224-00490,8,2024-12-24,procesando,76.1,19,330,15.98,407.62,debit_card,pickup,,
491,ORD-20250105-00491,280,2025-01-05,cancelado,2887.02,6,80,606.27,3400.07,paypal,pickup,2,
492,ORD-20250220-00492,444,2025-02-20,enviado,4642.08,17,280,974.84,5107.77,cash_on_delivery,pickup,10,
493,ORD-20250511-00493,382,2025-05-11,cancelado,1564.43,8,240,328.53,2007.81,debit_card,express,,
494,ORD-20231001-00494,196,2023-10-01,cancelado,200.38,1,350,42.08,590.46,paypal,pickup,2,
495,ORD-20240905-00495,252,2024-09-05,procesando,169.5,13,250,35.6,433.07,bank_transfer,pickup,8,
496,ORD-20240809-00496,408,2024-08-09,cancelado,6211.63,16,280,1304.44,6802.21,debit_card,express,2,
497,ORD-20240523-00497,322,2024-05-23,cancelado,4070.38,17,400,854.78,4633.2,credit_card,same_day,,
498,ORD-20250114-00498,171,2025-01-14,entregado,3187.14,13,280,669.3,3722.11,cash_on_delivery,pickup,4,
499,ORD-20240623-00499,118,2024-06-23,enviado,1406.02,17,270,295.26,1732.26,credit_card,express,,
500,ORD-20251127-00500,339,2025-11-27,enviado,2788.87,7,240,585.66,3419.31,cash_on_delivery,pickup,5,
501,ORD-20251220-00501,134,2025-12-20,pendiente,4028.35,5,0,845.95,4672.88,credit_card,express,,
502,ORD-20240130-00502,109,2024-01-30,entregado,3971.97,13,90,834.11,4379.72,credit_card,express,,
503,ORD-20230608-00503,335,2023-06-08,entregado,562.51,7,470,118.13,1111.26,cash_on_delivery,same_day,,
504,ORD-20250604-00504,308,2025-06-04,cancelado,1639.57,20,90,344.31,1745.97,credit_card,standard,9,
505,ORD-20231011-00505,123,2023-10-11,enviado,2377.3,12,0,499.23,2591.25,cash_on_delivery,express,,
506,ORD-20231113-00506,338,2023-11-13,procesando,2299.68,9,390,482.93,2965.64,debit_card,same_day,,
507,ORD-20250104-00507,202,2025-01-04,cancelado,392.49,13,400,82.42,823.89,paypal,pickup,,Nota del cliente: Dejar en portería
508,ORD-20230513-00508,419,2023-05-13,cancelado,614.4,14,380,129.02,1037.4,paypal,express,,
509,ORD-20250607-00509,185,2025-06-07,procesando,2442.72,7,100,512.97,2884.7,credit_card,pickup,,
510,ORD-20250516-00510,273,2025-05-16,enviado,297.6,6,470,62.5,812.24,bank_transfer,same_day,7,
511,ORD-20231212-00511,259,2023-12-12,entregado,1035.03,3,100,217.36,1321.34,debit_card,pickup,,Nota del cliente: Dejar en portería
512,ORD-20250608-00512,145,2025-06-08,enviado,59.35,11,250,12.46,315.28,bank_transfer,pickup,,
513,ORD-20240727-00513,3,2024-07-27,pendiente,3877.29,2,280,814.23,4893.97,credit_card,express,,
514,ORD-20231211-00514,13,2023-12-11,enviado,2241.02,20,70,470.61,2333.43,cash_on_delivery,standard,,Nota del cliente: Dejar en portería
515,ORD-20231124-00515,451,2023-11-24,pendiente,2852.04,16,400,598.93,3394.64,bank_transfer,standard,,Nota del cliente: Llamar antes
516,ORD-20240119-00516,419,2024-01-19,procesando,71.57,8,380,15.03,460.87,bank_transfer,standard,,
517,ORD-20230330-00517,83,2023-03-30,cancelado,1555.62,12,260,326.68,1955.63,paypal,express,6,
518,ORD-20250615-00518,424,2025-06-15,entregado,4288.42,20,290,900.57,4621.31,debit_card,standard,,
519,ORD-20231006-00519,188,2023-10-06,enviado,4619.87,13,240,970.17,5229.46,paypal,same_day,3,
520,ORD-20251115-00520,108,2025-11-15,entregado,4955.86,17,440,1040.73,5594.09,debit_card,standard,4,Nota del cliente: Envolver para regalo
521,ORD-20240625-00521,216,2024-06-25,cancelado,384.26,5,420,80.69,865.74,credit_card,standard,1,
522,ORD-20230227-00522,452,2023-02-27,pendiente,1807.93,3,200,379.67,2333.36,bank_transfer,pickup,,
523,ORD-20230420-00523,167,2023-04-20,procesando,3373.94,19,260,708.53,3701.42,bank_transfer,pickup,,Nota del cliente: Llamar antes
524,ORD-20250420-00524,110,2025-04-20,pendiente,3014.22,2,180,632.99,3766.93,debit_card,standard,,
525,ORD-20240607-00525,429,2024-06-07,entregado,2653.4,13,230,557.21,3095.67,cash_on_delivery,standard,,
526,ORD-20240222-00526,415,2024-02-22,entregado,1609.36,7,290,337.97,2124.67,paypal,standard,3,
527,ORD-20230117-00527,250,2023-01-17,procesando,4231.63,9,300,888.64,5039.42,credit_card,same_day,,
528,ORD-20230718-00528,460,2023-07-18,procesando,3290.18,18,470,690.94,3858.89,credit_card,same_day,,
529,ORD-20230122-00529,64,2023-01-22,cancelado,3762.82,2,140,790.19,4617.75,credit_card,express,,
530,ORD-20231012-00530,139,2023-10-12,cancelado,2173.48,13,410,456.43,2757.36,paypal,standard,,
531,ORD-20260101-00531,155,2026-01-01,procesando,1695,12,160,355.95,2007.55,bank_transfer,express,,Nota del cliente: Envolver para regalo
532,ORD-20240908-00532,344,2024-09-08,enviado,3663.11,19,190,769.25,3926.37,bank_transfer,pickup,2,
533,ORD-20240702-00533,400,2024-07-02,procesando,1660.36,8,290,348.68,2166.21,credit_card,pickup,,
534,ORD-20230117-00534,49,2023-01-17,enviado,1217.79,11,290,255.74,1629.57,paypal,standard,6,
535,ORD-20230909-00535,120,2023-09-09,enviado,1301.6,17,90,273.34,1443.67,credit_card,standard,,
536,ORD-20240331-00536,229,2024-03-31,procesando,540.18,4,470,113.44,1102.01,bank_transfer,pickup,2,
537,ORD-20230512-00537,227,2023-05-12,cancelado,2284.02,7,90,479.64,2693.78,paypal,pickup,,
538,ORD-20240705-00538,48,2024-07-05,cancelado,2486.69,13,400,522.2,3085.62,bank_transfer,same_day,2,
539,ORD-20250614-00539,217,2025-06-14,procesando,3600.3,19,150,756.06,3822.3,credit_card,standard,8,
540,ORD-20240629-00540,371,2024-06-29,entregado,2011.82,4,480,422.48,2833.83,paypal,standard,,Nota del cliente: Entregar por la tarde
541,ORD-20240503-00541,98,2024-05-03,pendiente,1914.91,18,300,402.13,2272.36,debit_card,pickup,,
542,ORD-20250323-00542,203,2025-03-23,entregado,2122.05,14,260,445.63,2530.59,bank_transfer,pickup,1,
543,ORD-20231124-00543,219,2023-11-24,enviado,4521.75,6,500,949.57,5700.02,paypal,express,,
544,ORD-20241109-00544,8,2024-11-09,pendiente,3719.79,6,470,781.16,4747.76,bank_transfer,standard,,Nota del cliente: Envolver para regalo
545,ORD-20230331-00545,483,2023-03-31,pendiente,2581.99,12,310,542.22,3124.37,cash_on_delivery,pickup,,
546,ORD-20231030-00546,17,2023-10-30,pendiente,3556.52,17,260,746.87,3958.78,debit_card,same_day,1,
547,ORD-20240424-00547,183,2024-04-24,pendiente,2140.1,7,100,449.42,2539.71,credit_card,standard,,
548,ORD-20241101-00548,12,2024-11-01,enviado,38.05,7,330,7.99,373.38,credit_card,standard,,
549,ORD-20251101-00549,108,2025-11-01,entregado,5099.89,20,280,1070.98,5430.89,bank_transfer,express,3,
550,ORD-20250814-00550,161,2025-08-14,procesando,1664.18,2,360,349.48,2340.38,bank_transfer,express,,
551,ORD-20251027-00551,111,2025-10-27,cancelado,3561.96,12,20,748.01,3902.53,cash_on_delivery,pickup,,
552,ORD-20251125-00552,477,2025-11-25,enviado,4293.8,11,280,901.7,5003.18,paypal,express,1,
553,ORD-20230530-00553,76,2023-05-30,enviado,397.33,3,500,83.44,968.85,credit_card,same_day,,
554,ORD-20251201-00554,469,2025-12-01,cancelado,2535.9,1,260,532.54,3303.08,debit_card,same_day,,Nota del cliente: Envolver para regalo
555,ORD-20230816-00555,429,2023-08-16,cancelado,2025.78,12,80,425.41,2288.1,paypal,express,,
556,ORD-20240820-00556,220,2024-08-20,enviado,759.44,16,200,159.48,997.41,bank_transfer,standard,,
557,ORD-20260102-00557,483,2026-01-02,enviado,608.32,19,150,127.75,770.49,paypal,express,5,
558,ORD-20230713-00558,32,2023-07-13,cancelado,1399.73,8,380,293.94,1961.69,paypal,pickup,,
559,ORD-20241115-00559,267,2024-11-15,pendiente,33.9,19,310,7.12,344.58,bank_transfer,express,,
560,ORD-20251227-00560,217,2025-12-27,entregado,5563.23,11,480,1168.28,6599.55,paypal,same_day,,
561,ORD-20240907-00561,117,2024-09-07,cancelado,3648.1,18,110,766.1,3867.54,cash_on_delivery,same_day,,Nota del cliente: Envolver para regalo
562,ORD-20250112-00562,417,2025-01-12,cancelado,717.76,3,310,150.73,1156.96,paypal,standard,7,
563,ORD-20231104-00563,266,2023-11-04,entregado,2084.39,4,360,437.72,2798.73,paypal,express,,
564,ORD-20260215-00564,180,2026-02-15,entregado,1297.82,11,40,272.54,1467.6,paypal,standard,,
565,ORD-20240519-00565,473,2024-05-19,enviado,1928.9,13,330,405.07,2413.21,cash_on_delivery,standard,9,
566,ORD-20250725-00566,300,2025-07-25,enviado,1277.92,20,70,268.36,1360.7,paypal,same_day,7,
567,ORD-20230615-00567,311,2023-06-15,enviado,7191.53,6,110,1510.22,8380.26,debit_card,standard,1,
568,ORD-20250728-00568,284,2025-07-28,procesando,708.51,7,350,148.79,1157.7,credit_card,pickup,9,
569,ORD-20260306-00569,228,2026-03-06,procesando,2305.05,13,250,484.06,2739.45,paypal,pickup,,Nota del cliente: Llamar antes
570,ORD-20230118-00570,298,2023-01-18,enviado,2565.78,9,430,538.81,3303.67,credit_card,pickup,,
571,ORD-20230924-00571,475,2023-09-24,pendiente,2920.65,10,110,613.34,3351.93,bank_transfer,express,,
572,ORD-20240204-00572,193,2024-02-04,pendiente,798.5,7,30,167.69,940.3,paypal,same_day,,
573,ORD-20240721-00573,358,2024-07-21,procesando,1654.55,6,120,347.46,2022.74,bank_transfer,express,,
574,ORD-20231220-00574,49,2023-12-20,enviado,1654.55,0,430,347.46,2432.01,cash_on_delivery,pickup,,
575,ORD-20230623-00575,399,2023-06-23,enviado,1172.25,12,260,246.17,1537.75,bank_transfer,same_day,,
576,ORD-20240606-00576,480,2024-06-06,enviado,1890.56,8,170,397.02,2306.34,bank_transfer,same_day,,
577,ORD-20241107-00577,122,2024-11-07,entregado,2046.4,13,270,429.74,2480.11,cash_on_delivery,express,,
578,ORD-20250909-00578,206,2025-09-09,cancelado,4717.24,3,430,990.62,5996.34,cash_on_delivery,same_day,,
579,ORD-20240731-00579,132,2024-07-31,pendiente,2397.15,18,480,503.4,2949.06,cash_on_delivery,pickup,10,
580,ORD-20230127-00580,38,2023-01-27,enviado,2688.73,9,320,564.63,3331.37,cash_on_delivery,standard,,
581,ORD-20251223-00581,483,2025-12-23,cancelado,1164.72,18,290,244.59,1489.66,bank_transfer,standard,,
582,ORD-20240701-00582,34,2024-07-01,cancelado,102.54,19,110,21.53,214.59,credit_card,same_day,,
583,ORD-20251201-00583,194,2025-12-01,procesando,2074.7,15,100,435.69,2299.19,credit_card,pickup,,
584,ORD-20250509-00584,401,2025-05-09,procesando,4218.45,4,430,885.87,5365.58,bank_transfer,standard,6,
585,ORD-20240518-00585,148,2024-05-18,enviado,1968.83,3,360,413.45,2683.22,paypal,pickup,,
586,ORD-20250205-00586,205,2025-02-05,pendiente,3935.92,13,370,826.54,4620.79,cash_on_delivery,express,,
587,ORD-20250813-00587,399,2025-08-13,pendiente,2993.07,17,440,628.54,3552.79,credit_card,express,7,Nota del cliente: Envolver para regalo
588,ORD-20240608-00588,265,2024-06-08,procesando,5060.56,9,160,1062.72,5827.83,credit_card,express,,
589,ORD-20250406-00589,323,2025-04-06,procesando,2119.49,14,90,445.09,2357.85,bank_transfer,standard,,Nota del cliente: Envolver para regalo
590,ORD-20260129-00590,168,2026-01-29,procesando,2880.7,14,60,604.95,3142.35,credit_card,pickup,,
591,ORD-20230212-00591,63,2023-02-12,pendiente,1173.01,19,120,246.33,1316.47,credit_card,same_day,,
592,ORD-20240314-00592,378,2024-03-14,cancelado,2099.18,19,400,440.83,2541.17,credit_card,pickup,8,
593,ORD-20250126-00593,277,2025-01-26,cancelado,2311.53,5,410,485.42,3091.37,bank_transfer,express,3,
594,ORD-20230429-00594,231,2023-04-29,cancelado,2232.95,10,160,468.92,2638.58,debit_card,express,,
595,ORD-20241016-00595,426,2024-10-16,enviado,483.17,5,260,101.47,820.48,cash_on_delivery,pickup,,
596,ORD-20240416-00596,126,2024-04-16,entregado,1177.3,20,70,247.23,1259.07,debit_card,express,4,
597,ORD-20230327-00597,412,2023-03-27,pendiente,1609.64,12,460,338.02,2214.5,cash_on_delivery,same_day,4,
598,ORD-20230916-00598,24,2023-09-16,cancelado,2781.06,1,340,584.02,3677.27,cash_on_delivery,express,,Nota del cliente: Entregar por la tarde
599,ORD-20231027-00599,361,2023-10-27,enviado,2285.77,7,470,480.01,3075.78,paypal,same_day,,
600,ORD-20250125-00600,222,2025-01-25,cancelado,1994.51,10,330,418.85,2543.91,bank_transfer,express,,
601,ORD-20240303-00601,484,2024-03-03,pendiente,4562.4,9,170,958.1,5279.88,paypal,pickup,,
602,ORD-20240917-00602,396,2024-09-17,pendiente,420.99,2,150,88.41,650.98,credit_card,express,3,
603,ORD-20231208-00603,384,2023-12-08,pendiente,2129.04,5,380,447.1,2849.69,debit_card,pickup,,
604,ORD-20250314-00604,77,2025-03-14,pendiente,1304.95,6,340,274.04,1840.69,paypal,standard,7,
605,ORD-20230327-00605,416,2023-03-27,pendiente,1843.99,5,120,387.24,2259.03,bank_transfer,same_day,,
606,ORD-20231228-00606,451,2023-12-28,procesando,2271.12,18,360,476.94,2699.26,paypal,same_day,,Nota del cliente: Llamar antes
607,ORD-20230721-00607,302,2023-07-21,pendiente,762.98,18,0,160.23,785.87,cash_on_delivery,express,,Nota del cliente: Entregar por la tarde
608,ORD-20251029-00608,413,2025-10-29,enviado,1910.44,8,450,401.19,2608.79,cash_on_delivery,express,,
609,ORD-20230324-00609,154,2023-03-24,pendiente,804.82,18,460,169.01,1288.96,credit_card,pickup,,
610,ORD-20230428-00610,260,2023-04-28,entregado,4545.27,15,160,954.51,4977.99,bank_transfer,pickup,,
611,ORD-20260202-00611,497,2026-02-02,pendiente,1287.2,13,0,270.31,1390.17,credit_card,same_day,,
612,ORD-20251214-00612,414,2025-12-14,entregado,1188.98,1,20,249.69,1446.78,paypal,pickup,,
613,ORD-20240328-00613,1,2024-03-28,pendiente,2667.83,6,60,560.24,3128,credit_card,express,,
614,ORD-20250628-00614,296,2025-06-28,enviado,2337.85,3,30,490.95,2788.66,paypal,same_day,7,
615,ORD-20230112-00615,136,2023-01-12,enviado,4290.73,11,70,901.05,4789.8,debit_card,pickup,,
616,ORD-20250602-00616,269,2025-06-02,pendiente,2363.64,1,380,496.36,3216.36,paypal,express,,Nota del cliente: Envolver para regalo
617,ORD-20240622-00617,283,2024-06-22,pendiente,1249.33,4,250,262.36,1711.72,paypal,standard,,
618,ORD-20240411-00618,167,2024-04-11,cancelado,1487,0,210,312.27,2009.27,paypal,express,,
619,ORD-20241119-00619,411,2024-11-19,entregado,3881.03,3,330,815.02,4909.62,cash_on_delivery,pickup,,
620,ORD-20230321-00620,75,2023-03-21,enviado,1771.68,19,50,372.05,1857.11,bank_transfer,express,7,
621,ORD-20241102-00621,201,2024-11-02,procesando,3602.3,3,350,756.48,4600.71,bank_transfer,express,,
622,ORD-20230223-00622,227,2023-02-23,cancelado,2395.51,11,190,503.06,2825.06,bank_transfer,express,8,
623,ORD-20240209-00623,146,2024-02-09,pendiente,1860.47,8,30,390.7,2132.33,credit_card,same_day,,Nota del cliente: Entregar por la tarde
624,ORD-20240824-00624,201,2024-08-24,cancelado,331.64,19,270,69.64,608.27,paypal,same_day,,
625,ORD-20260127-00625,254,2026-01-27,pendiente,4209.72,8,30,884.04,4786.98,debit_card,pickup,2,
626,ORD-20230513-00626,90,2023-05-13,entregado,1977.54,12,440,415.28,2595.52,paypal,same_day,6,
627,ORD-20240219-00627,135,2024-02-19,cancelado,135.79,4,130,28.52,288.88,cash_on_delivery,pickup,10,
628,ORD-20230302-00628,309,2023-03-02,pendiente,1393.96,15,480,292.73,1957.6,paypal,express,,
629,ORD-20230908-00629,490,2023-09-08,pendiente,959.28,8,10,201.45,1093.99,paypal,express,7,
630,ORD-20260203-00630,483,2026-02-03,procesando,6058.16,16,260,1272.21,6621.06,debit_card,pickup,,
631,ORD-20230727-00631,275,2023-07-27,procesando,1726.67,11,10,362.6,1909.34,paypal,express,7,
632,ORD-20250919-00632,306,2025-09-19,pendiente,1325.92,6,420,278.44,1944.8,credit_card,standard,2,Nota del cliente: Entregar por la tarde
633,ORD-20240728-00633,41,2024-07-28,procesando,1664.48,16,270,349.54,2017.7,cash_on_delivery,standard,,Nota del cliente: Envolver para regalo
634,ORD-20230620-00634,295,2023-06-20,enviado,3282.97,19,380,689.42,3728.63,debit_card,pickup,8,
635,ORD-20240410-00635,347,2024-04-10,entregado,2886.91,5,260,606.25,3608.81,credit_card,standard,,
636,ORD-20230302-00636,469,2023-03-02,cancelado,732.4,13,390,153.8,1180.99,paypal,same_day,10,
637,ORD-20240603-00637,271,2024-06-03,cancelado,2485.58,14,370,521.97,3029.57,debit_card,express,,
638,ORD-20230810-00638,453,2023-08-10,procesando,1796.49,10,430,377.26,2424.1,bank_transfer,same_day,,
639,ORD-20251130-00639,232,2025-11-30,entregado,316.45,13,420,66.45,761.76,debit_card,pickup,,Nota del cliente: Dejar en portería
640,ORD-20250925-00640,470,2025-09-25,procesando,7028.1,18,490,1475.9,7728.94,credit_card,pickup,,
641,ORD-20240706-00641,60,2024-07-06,enviado,2834.97,14,10,595.34,3043.41,paypal,standard,,
642,ORD-20240108-00642,423,2024-01-08,procesando,3165.91,6,410,664.84,4050.8,paypal,same_day,,
643,ORD-20250421-00643,167,2025-04-21,enviado,3572.45,15,420,750.21,4206.79,credit_card,pickup,,
644,ORD-20260208-00644,291,2026-02-08,procesando,2165.39,16,30,454.73,2303.66,debit_card,pickup,,
645,ORD-20250119-00645,237,2025-01-19,procesando,1325.57,5,30,278.37,1567.66,credit_card,express,,
646,ORD-20240526-00646,327,2024-05-26,entregado,4749.24,7,480,997.34,5894.13,cash_on_delivery,pickup,,
647,ORD-20250605-00647,354,2025-06-05,procesando,3200.06,20,360,672.01,3592.06,bank_transfer,pickup,2,Nota del cliente: Dejar en portería
648,ORD-20230728-00648,14,2023-07-28,pendiente,664.41,16,110,139.53,807.63,credit_card,express,5,
649,ORD-20240129-00649,470,2024-01-29,cancelado,1935.35,4,310,406.42,2574.36,cash_on_delivery,express,,
650,ORD-20230319-00650,279,2023-03-19,procesando,4006.95,20,240,841.46,4287.02,bank_transfer,standard,,
651,ORD-20260102-00651,169,2026-01-02,pendiente,2877.81,7,210,604.34,3490.7,bank_transfer,same_day,,
652,ORD-20250425-00652,187,2025-04-25,enviado,644.19,13,370,135.28,1065.73,cash_on_delivery,express,,
653,ORD-20251028-00653,180,2025-10-28,procesando,2072.74,5,330,435.28,2734.38,debit_card,express,,
654,ORD-20240922-00654,344,2024-09-22,pendiente,397.04,10,440,83.38,880.72,debit_card,pickup,,
655,ORD-20251229-00655,348,2025-12-29,pendiente,4370.72,9,420,917.85,5315.21,debit_card,express,,
656,ORD-20240128-00656,85,2024-01-28,cancelado,3814.95,2,150,801.14,4689.79,credit_card,same_day,,Nota del cliente: Llamar antes
657,ORD-20241019-00657,427,2024-10-19,cancelado,1367.25,10,10,287.12,1527.65,cash_on_delivery,same_day,6,
658,ORD-20250701-00658,327,2025-07-01,cancelado,3755.74,13,250,788.71,4306.2,debit_card,standard,6,
659,ORD-20250905-00659,47,2025-09-05,entregado,1654.55,2,370,347.46,2338.92,bank_transfer,standard,,
660,ORD-20251010-00660,467,2025-10-10,procesando,858.92,2,500,180.37,1522.11,debit_card,same_day,,
661,ORD-20230211-00661,404,2023-02-11,cancelado,844.24,17,90,177.29,968.01,bank_transfer,express,4,
662,ORD-20240710-00662,178,2024-07-10,enviado,1492.57,4,160,313.44,1906.31,bank_transfer,standard,,
663,ORD-20250730-00663,458,2025-07-30,procesando,1823.2,18,480,382.87,2357.89,paypal,standard,,
664,ORD-20230111-00664,475,2023-01-11,cancelado,3192.94,19,50,670.52,3306.8,cash_on_delivery,standard,,
665,ORD-20250529-00665,333,2025-05-29,enviado,850.66,13,190,178.64,1108.71,credit_card,pickup,10,
666,ORD-20241108-00666,89,2024-11-08,enviado,900.3,10,390,189.06,1389.33,paypal,express,,
667,ORD-20240224-00667,105,2024-02-24,procesando,2476.4,1,210,520.04,3181.68,debit_card,pickup,,
668,ORD-20251205-00668,285,2025-12-05,procesando,3210.46,9,250,674.2,3845.72,credit_card,standard,,
669,ORD-20230224-00669,415,2023-02-24,cancelado,2889.35,3,190,606.76,3599.43,credit_card,pickup,,
670,ORD-20251126-00670,296,2025-11-26,enviado,475.05,14,250,99.76,758.3,bank_transfer,standard,,
671,ORD-20241124-00671,148,2024-11-24,pendiente,2596.72,2,350,545.31,3440.1,cash_on_delivery,express,,
672,ORD-20250319-00672,175,2025-03-19,cancelado,369.72,3,0,77.64,436.27,credit_card,standard,,
673,ORD-20240213-00673,390,2024-02-13,pendiente,4785.26,9,440,1004.9,5799.49,bank_transfer,express,1,
674,ORD-20230427-00674,339,2023-04-27,procesando,4991.44,10,140,1048.2,5680.5,cash_on_delivery,pickup,,Nota del cliente: Dejar en portería
675,ORD-20250808-00675,257,2025-08-08,enviado,2462.22,19,110,517.07,2621.47,debit_card,pickup,,
676,ORD-20250624-00676,79,2025-06-24,cancelado,1080.76,6,230,226.96,1472.87,credit_card,standard,6,
677,ORD-20230328-00677,68,2023-03-28,procesando,432.87,14,90,90.9,553.17,cash_on_delivery,same_day,,
678,ORD-20230105-00678,216,2023-01-05,pendiente,4732.84,15,450,993.9,5466.81,cash_on_delivery,pickup,10,Nota del cliente: Envolver para regalo
679,ORD-20230521-00679,457,2023-05-21,entregado,1430.88,15,410,300.48,1926.73,bank_transfer,pickup,,
680,ORD-20240329-00680,44,2024-03-29,entregado,2763.13,20,0,580.26,2790.76,credit_card,standard,,
681,ORD-20230228-00681,334,2023-02-28,cancelado,3536.56,16,190,742.68,3903.39,paypal,standard,,
682,ORD-20230909-00682,66,2023-09-09,enviado,3485.19,9,250,731.89,4153.41,debit_card,pickup,,Nota del cliente: Dejar en portería
683,ORD-20250830-00683,205,2025-08-30,cancelado,4565.3,2,190,958.71,5622.7,bank_transfer,express,3,
684,ORD-20230630-00684,152,2023-06-30,pendiente,4513.51,16,410,947.84,5149.19,credit_card,standard,,Nota del cliente: Dejar en portería
685,ORD-20250326-00685,418,2025-03-26,entregado,2936.24,20,110,616.61,3075.6,debit_card,same_day,,Nota del cliente: Dejar en portería
686,ORD-20230427-00686,216,2023-04-27,pendiente,3105.17,18,380,652.09,3578.33,cash_on_delivery,standard,,Nota del cliente: Dejar en portería
687,ORD-20250405-00687,484,2025-04-05,procesando,1066.77,10,70,224.02,1254.11,bank_transfer,pickup,2,
688,ORD-20250724-00688,49,2025-07-24,entregado,461.01,4,310,96.81,849.38,cash_on_delivery,express,,
689,ORD-20230927-00689,9,2023-09-27,pendiente,3831.64,10,70,804.64,4323.12,paypal,standard,,
690,ORD-20230925-00690,83,2023-09-25,pendiente,2438.61,17,120,512.11,2656.16,credit_card,same_day,6,
691,ORD-20231108-00691,19,2023-11-08,procesando,1170.4,11,340,245.78,1627.44,paypal,standard,,
692,ORD-20230620-00692,138,2023-06-20,pendiente,3615.94,19,360,759.35,4048.26,credit_card,express,,
693,ORD-20250609-00693,466,2025-06-09,procesando,3219.11,6,410,676.01,4111.97,debit_card,pickup,9,
694,ORD-20240911-00694,435,2024-09-11,cancelado,401.04,20,310,84.22,715.05,credit_card,express,,
695,ORD-20251120-00695,244,2025-11-20,procesando,1679.24,6,320,352.64,2251.13,paypal,pickup,,
696,ORD-20231110-00696,326,2023-11-10,entregado,5774.9,11,300,1212.73,6652.39,credit_card,pickup,,Nota del cliente: Llamar antes
697,ORD-20250817-00697,22,2025-08-17,cancelado,890.05,2,390,186.91,1449.16,debit_card,express,,
698,ORD-20240713-00698,114,2024-07-13,procesando,2314.03,18,220,485.95,2603.45,paypal,same_day,8,
699,ORD-20250703-00699,76,2025-07-03,pendiente,2943.27,6,100,618.09,3484.76,bank_transfer,standard,,
700,ORD-20240620-00700,491,2024-06-20,pendiente,2373.44,12,180,498.42,2767.05,paypal,same_day,,
701,ORD-20230227-00701,147,2023-02-27,procesando,91.98,13,60,19.32,159.34,bank_transfer,express,,
702,ORD-20230216-00702,293,2023-02-16,enviado,1400.96,10,480,294.2,2035.06,debit_card,same_day,,Nota del cliente: Envolver para regalo
703,ORD-20240513-00703,183,2024-05-13,entregado,1136.84,2,110,238.74,1462.84,bank_transfer,express,,
704,ORD-20250918-00704,15,2025-09-18,entregado,3117.29,12,0,654.63,3397.85,bank_transfer,standard,,
705,ORD-20250918-00705,270,2025-09-18,entregado,2623.94,9,70,551.03,3008.82,paypal,express,5,
706,ORD-20240605-00706,255,2024-06-05,cancelado,2201.5,11,0,462.32,2421.66,bank_transfer,express,,
707,ORD-20250507-00707,274,2025-05-07,procesando,2866.22,3,350,601.91,3732.14,credit_card,pickup,3,
708,ORD-20250706-00708,497,2025-07-06,entregado,1463.4,11,400,307.31,2009.74,paypal,standard,,Nota del cliente: Envolver para regalo
709,ORD-20241201-00709,80,2024-12-01,enviado,2685.96,0,30,564.05,3280.01,cash_on_delivery,express,,
710,ORD-20250625-00710,457,2025-06-25,entregado,1162.26,15,460,244.07,1691.99,cash_on_delivery,standard,,
711,ORD-20250927-00711,344,2025-09-27,enviado,1323.64,17,90,277.96,1466.58,cash_on_delivery,standard,,
712,ORD-20240120-00712,468,2024-01-20,cancelado,3498.15,1,10,734.61,4207.78,bank_transfer,same_day,7,
713,ORD-20260102-00713,496,2026-01-02,cancelado,1664.86,7,310,349.62,2207.94,paypal,same_day,,
714,ORD-20241007-00714,437,2024-10-07,pendiente,1348.88,19,100,283.26,1475.85,credit_card,express,,
715,ORD-20250425-00715,223,2025-04-25,pendiente,5611.9,5,80,1178.5,6589.81,cash_on_delivery,express,,
716,ORD-20240117-00716,321,2024-01-17,procesando,2615.36,18,210,549.23,2903.83,paypal,same_day,4,
717,ORD-20251226-00717,87,2025-12-26,enviado,1907.66,8,60,400.61,2215.66,credit_card,standard,,Nota del cliente: Dejar en portería
718,ORD-20230620-00718,421,2023-06-20,pendiente,500.95,19,200,105.2,710.97,bank_transfer,express,10,
719,ORD-20241216-00719,230,2024-12-16,procesando,4432.48,15,380,930.82,5078.43,bank_transfer,same_day,,
720,ORD-20250823-00720,348,2025-08-23,entregado,2289.11,18,240,480.71,2597.78,debit_card,standard,,Nota del cliente: Envolver para regalo
721,ORD-20230209-00721,94,2023-02-09,cancelado,1771.68,8,140,372.05,2142,bank_transfer,express,9,Nota del cliente: Envolver para regalo
722,ORD-20250327-00722,280,2025-03-27,pendiente,3327.26,6,490,698.72,4316.34,paypal,standard,10,Nota del cliente: Entregar por la tarde
723,ORD-20240119-00723,91,2024-01-19,cancelado,4564.53,7,130,958.55,5333.56,cash_on_delivery,same_day,,
724,ORD-20260101-00724,254,2026-01-01,procesando,1199.8,4,0,251.96,1403.77,cash_on_delivery,same_day,,
725,ORD-20230108-00725,336,2023-01-08,cancelado,2541.6,14,120,533.74,2839.52,cash_on_delivery,standard,2,Nota del cliente: Dejar en portería
726,ORD-20260223-00726,282,2026-02-23,procesando,3474.33,7,270,729.61,4230.74,credit_card,same_day,,
727,ORD-20241221-00727,152,2024-12-21,procesando,71.64,11,370,15.04,448.8,credit_card,standard,4,
728,ORD-20250429-00728,456,2025-04-29,cancelado,3689.45,19,150,774.78,3913.23,debit_card,same_day,5,Nota del cliente: Llamar antes
729,ORD-20250607-00729,366,2025-06-07,pendiente,605.84,1,320,127.23,1047.01,debit_card,standard,,
730,ORD-20231022-00730,312,2023-10-22,cancelado,2282.62,14,410,479.35,2852.4,bank_transfer,express,,
731,ORD-20241027-00731,360,2024-10-27,pendiente,1800.82,18,280,378.17,2134.84,bank_transfer,express,4,
732,ORD-20240323-00732,309,2024-03-23,entregado,663.28,10,60,139.29,796.24,credit_card,pickup,,
733,ORD-20241117-00733,356,2024-11-17,pendiente,2916.87,18,300,612.54,3304.37,credit_card,same_day,,
734,ORD-20230626-00734,238,2023-06-26,cancelado,1779.06,14,500,373.6,2403.59,credit_card,same_day,,
735,ORD-20241127-00735,277,2024-11-27,entregado,70.69,0,100,14.84,185.53,cash_on_delivery,standard,,
736,ORD-20230803-00736,341,2023-08-03,cancelado,1328.76,11,150,279.04,1611.64,bank_transfer,same_day,4,Nota del cliente: Dejar en portería
737,ORD-20230827-00737,3,2023-08-27,entregado,1116.64,11,20,234.49,1248.3,bank_transfer,standard,,
738,ORD-20251221-00738,405,2025-12-21,entregado,4093.82,19,480,859.7,4655.69,debit_card,same_day,,
739,ORD-20230826-00739,106,2023-08-26,cancelado,2903.39,8,450,609.71,3730.83,credit_card,same_day,,Nota del cliente: Entregar por la tarde
740,ORD-20240315-00740,398,2024-03-15,pendiente,6161.74,6,0,1293.97,7086.01,debit_card,pickup,,
741,ORD-20251220-00741,19,2025-12-20,entregado,1787.44,7,0,375.36,2037.68,credit_card,pickup,8,
742,ORD-20230930-00742,440,2023-09-30,cancelado,3776.48,0,0,793.06,4569.54,cash_on_delivery,pickup,,
743,ORD-20240114-00743,407,2024-01-14,pendiente,640.69,9,270,134.54,987.57,debit_card,pickup,7,
744,ORD-20250907-00744,299,2025-09-07,procesando,6824.34,12,260,1433.11,7698.53,paypal,pickup,,Nota del cliente: Llamar antes
745,ORD-20231226-00745,165,2023-12-26,pendiente,4136.12,1,190,868.59,5153.35,credit_card,pickup,,
746,ORD-20240501-00746,295,2024-05-01,procesando,1990.64,16,90,418.03,2180.17,paypal,same_day,,Nota del cliente: Dejar en portería
747,ORD-20231112-00747,247,2023-11-12,pendiente,4146.95,13,70,870.86,4548.71,paypal,standard,6,
748,ORD-20240109-00748,99,2024-01-09,enviado,2099.48,0,0,440.89,2540.37,bank_transfer,standard,,
749,ORD-20251124-00749,459,2025-11-24,cancelado,1785.08,2,150,374.87,2274.25,credit_card,express,,
750,ORD-20230727-00750,147,2023-07-27,pendiente,757.45,16,400,159.06,1195.32,cash_on_delivery,standard,,
751,ORD-20250328-00751,431,2025-03-28,pendiente,1585.97,0,410,333.05,2329.02,bank_transfer,express,,
752,ORD-20260109-00752,366,2026-01-09,enviado,4805.98,8,270,1009.26,5700.76,credit_card,pickup,,
753,ORD-20260108-00753,144,2026-01-08,pendiente,3882.38,16,120,815.3,4196.5,debit_card,express,5,
754,ORD-20241222-00754,337,2024-12-22,pendiente,976.94,8,60,205.16,1163.94,credit_card,standard,,
755,ORD-20230719-00755,21,2023-07-19,enviado,473.37,7,180,99.41,719.64,credit_card,standard,,
756,ORD-20230902-00756,50,2023-09-02,cancelado,922.02,12,30,193.62,1035,paypal,pickup,9,
757,ORD-20240904-00757,416,2024-09-04,pendiente,3925.8,15,370,824.42,4531.35,bank_transfer,same_day,,
758,ORD-20250313-00758,11,2025-03-13,pendiente,1191.99,2,20,250.32,1438.47,credit_card,standard,,
759,ORD-20240630-00759,231,2024-06-30,cancelado,110.4,5,470,23.18,598.06,bank_transfer,pickup,5,Nota del cliente: Dejar en portería
760,ORD-20240109-00760,213,2024-01-09,cancelado,1520.52,19,280,319.31,1830.93,bank_transfer,standard,,
761,ORD-20240912-00761,136,2024-09-12,cancelado,190.25,19,150,39.95,344.05,cash_on_delivery,same_day,,
762,ORD-20240111-00762,479,2024-01-11,procesando,1039.58,2,400,218.31,1637.1,cash_on_delivery,express,5,
763,ORD-20230825-00763,160,2023-08-25,cancelado,1595.97,10,140,335.15,1911.52,debit_card,standard,,Nota del cliente: Dejar en portería
764,ORD-20251217-00764,406,2025-12-17,pendiente,4748.85,14,460,997.26,5541.27,paypal,pickup,,
765,ORD-20240428-00765,58,2024-04-28,enviado,1442.68,18,390,302.96,1875.96,paypal,same_day,,
766,ORD-20230306-00766,4,2023-03-06,cancelado,1698.17,2,10,356.62,2030.83,credit_card,pickup,7,
767,ORD-20230625-00767,360,2023-06-25,procesando,4551,5,140,955.71,5419.16,bank_transfer,pickup,4,
768,ORD-20231001-00768,328,2023-10-01,procesando,2268.87,13,200,476.46,2650.38,debit_card,pickup,,
769,ORD-20230919-00769,210,2023-09-19,enviado,679.78,0,320,142.75,1142.53,credit_card,express,,
770,ORD-20240504-00770,442,2024-05-04,pendiente,873.32,15,420,183.4,1345.72,credit_card,same_day,,Nota del cliente: Dejar en portería
771,ORD-20250412-00771,286,2025-04-12,pendiente,59.14,0,430,12.42,501.56,paypal,same_day,,
772,ORD-20251013-00772,1,2025-10-13,procesando,2598.64,1,110,545.71,3228.36,credit_card,standard,8,
773,ORD-20240504-00773,429,2024-05-04,procesando,919.68,11,210,193.13,1221.65,paypal,pickup,4,Nota del cliente: Dejar en portería
774,ORD-20241204-00774,135,2024-12-04,cancelado,3195.47,8,480,671.05,4090.88,bank_transfer,express,,
775,ORD-20241210-00775,172,2024-12-10,cancelado,2539.11,15,20,533.21,2711.45,bank_transfer,same_day,,
776,ORD-20230318-00776,363,2023-03-18,enviado,971.58,15,30,204.03,1059.87,bank_transfer,same_day,6,
777,ORD-20230316-00777,493,2023-03-16,pendiente,2333.85,16,20,490.11,2470.54,credit_card,same_day,6,
778,ORD-20251103-00778,194,2025-11-03,entregado,809.33,1,490,169.96,1461.2,debit_card,express,,
779,ORD-20250714-00779,49,2025-07-14,procesando,663.28,5,290,139.29,1059.41,paypal,same_day,,Nota del cliente: Envolver para regalo
780,ORD-20250817-00780,100,2025-08-17,pendiente,190.25,17,270,39.95,467.86,debit_card,pickup,1,
781,ORD-20230628-00781,360,2023-06-28,entregado,3259.99,7,440,684.6,4156.39,paypal,pickup,,
782,ORD-20230917-00782,350,2023-09-17,cancelado,810.4,12,440,170.18,1323.33,bank_transfer,same_day,,
783,ORD-20250429-00783,423,2025-04-29,cancelado,3152.63,5,40,662.05,3697.05,debit_card,express,2,
784,ORD-20230210-00784,29,2023-02-10,entregado,3028.19,6,500,635.92,3982.42,paypal,standard,2,
785,ORD-20250707-00785,18,2025-07-07,entregado,4040.03,9,370,848.41,4894.84,credit_card,same_day,6,
786,ORD-20250322-00786,381,2025-03-22,entregado,1723.26,11,470,361.88,2365.58,cash_on_delivery,same_day,,Nota del cliente: Dejar en portería
787,ORD-20251126-00787,295,2025-11-26,cancelado,3634.16,12,30,763.17,3991.23,paypal,pickup,,Nota del cliente: Envolver para regalo
788,ORD-20250722-00788,74,2025-07-22,entregado,186.08,14,150,39.08,349.11,bank_transfer,express,,
789,ORD-20240722-00789,102,2024-07-22,procesando,2540.58,16,430,533.52,3097.61,credit_card,standard,,
790,ORD-20240207-00790,454,2024-02-07,pendiente,4241.44,11,90,890.7,4755.58,cash_on_delivery,same_day,6,
791,ORD-20230605-00791,379,2023-06-05,enviado,3247.56,6,130,681.99,3864.7,bank_transfer,standard,10,Nota del cliente: Envolver para regalo
792,ORD-20251126-00792,329,2025-11-26,pendiente,2407.87,14,170,505.65,2746.42,debit_card,express,3,
793,ORD-20240417-00793,29,2024-04-17,procesando,2853.33,6,450,599.2,3731.33,credit_card,standard,,
794,ORD-20230202-00794,202,2023-02-02,pendiente,1277.54,20,110,268.28,1400.31,debit_card,express,,
795,ORD-20230830-00795,35,2023-08-30,entregado,315.54,2,380,66.26,755.49,credit_card,standard,,
796,ORD-20250608-00796,145,2025-06-08,cancelado,1442.68,17,50,302.96,1550.38,debit_card,pickup,7,
797,ORD-20251227-00797,287,2025-12-27,enviado,5419.17,3,400,1138.03,6794.62,bank_transfer,same_day,,
798,ORD-20251125-00798,58,2025-11-25,cancelado,1642.85,0,380,345,2367.85,debit_card,same_day,,
799,ORD-20250214-00799,446,2025-02-14,enviado,3388.72,11,120,711.63,3847.59,credit_card,pickup,1,
800,ORD-20241115-00800,319,2024-11-15,cancelado,2384.8,19,150,500.81,2582.5,cash_on_delivery,same_day,,Nota del cliente: Entregar por la tarde
801,ORD-20230211-00801,267,2023-02-11,entregado,2484.93,6,280,521.84,3137.67,credit_card,same_day,,
802,ORD-20240317-00802,380,2024-03-17,pendiente,3177.06,17,330,667.18,3634.14,paypal,pickup,1,
803,ORD-20251007-00803,420,2025-10-07,enviado,5463.1,5,260,1147.25,6597.2,paypal,pickup,7,
804,ORD-20230516-00804,300,2023-05-16,pendiente,1461.2,3,350,306.85,2074.21,bank_transfer,same_day,,
805,ORD-20250925-00805,217,2025-09-25,enviado,1957.4,0,170,411.05,2538.45,debit_card,express,,
806,ORD-20230807-00806,313,2023-08-07,pendiente,586.53,2,180,123.17,877.97,credit_card,express,,
807,ORD-20240401-00807,224,2024-04-01,pendiente,333.47,13,370,70.03,730.15,cash_on_delivery,pickup,,
808,ORD-20251006-00808,314,2025-10-06,enviado,2213.66,0,460,464.87,3138.53,bank_transfer,pickup,2,
809,ORD-20231007-00809,71,2023-10-07,entregado,152.2,2,120,31.96,301.12,cash_on_delivery,standard,,
810,ORD-20230625-00810,498,2023-06-25,pendiente,1684.13,20,180,353.67,1880.97,debit_card,standard,,
811,ORD-20250326-00811,423,2025-03-26,cancelado,2498.19,20,80,524.62,2603.17,paypal,pickup,9,
812,ORD-20240122-00812,401,2024-01-22,entregado,3860.53,13,440,810.71,4609.37,bank_transfer,express,,
813,ORD-20250601-00813,490,2025-06-01,pendiente,1717.55,3,450,360.69,2476.71,debit_card,pickup,,
814,ORD-20230722-00814,259,2023-07-22,entregado,678.84,8,330,142.56,1097.09,cash_on_delivery,standard,,
815,ORD-20230911-00815,328,2023-09-11,enviado,1621.12,16,230,340.44,1932.18,paypal,pickup,9,
816,ORD-20241008-00816,4,2024-10-08,pendiente,2729.28,13,80,573.15,3027.62,bank_transfer,pickup,,Nota del cliente: Dejar en portería
817,ORD-20230529-00817,52,2023-05-29,procesando,229.68,6,330,48.23,594.13,bank_transfer,pickup,10,
818,ORD-20250808-00818,76,2025-08-08,cancelado,3275.34,14,300,687.82,3804.61,credit_card,standard,,
819,ORD-20260110-00819,263,2026-01-10,pendiente,496.46,1,10,104.26,605.76,paypal,pickup,,Nota del cliente: Envolver para regalo
820,ORD-20250908-00820,294,2025-09-08,pendiente,289.38,12,270,60.77,585.42,paypal,express,,
821,ORD-20250104-00821,157,2025-01-04,procesando,181.13,5,140,38.04,350.11,bank_transfer,same_day,,
822,ORD-20230224-00822,93,2023-02-24,entregado,91.98,3,180,19.32,288.54,cash_on_delivery,same_day,8,
823,ORD-20250603-00823,160,2025-06-03,cancelado,4402.13,13,80,924.45,4834.3,credit_card,same_day,,
824,ORD-20250529-00824,427,2025-05-29,cancelado,1060.83,15,140,222.77,1264.48,cash_on_delivery,pickup,,
825,ORD-20240305-00825,353,2024-03-05,procesando,4614.11,6,340,968.96,5646.22,bank_transfer,same_day,2,
826,ORD-20240924-00826,129,2024-09-24,cancelado,4664.59,12,20,979.56,5104.4,paypal,standard,,
827,ORD-20240105-00827,185,2024-01-05,entregado,2949.93,16,490,619.49,3587.43,bank_transfer,standard,,
828,ORD-20240807-00828,251,2024-08-07,procesando,2485.34,15,160,521.92,2794.46,debit_card,express,2,
829,ORD-20260207-00829,51,2026-02-07,cancelado,2284.15,20,350,479.67,2656.99,credit_card,standard,2,
830,ORD-20231002-00830,300,2023-10-02,pendiente,2024.58,13,390,425.16,2576.54,cash_on_delivery,express,6,
831,ORD-20251201-00831,227,2025-12-01,pendiente,2204.45,16,430,462.93,2744.67,cash_on_delivery,pickup,8,
832,ORD-20241203-00832,464,2024-12-03,enviado,941.15,8,310,197.64,1373.5,debit_card,express,,
833,ORD-20230303-00833,467,2023-03-03,pendiente,2761.38,9,10,579.89,3102.75,cash_on_delivery,same_day,,
834,ORD-20230717-00834,236,2023-07-17,pendiente,388.97,7,60,81.68,503.42,bank_transfer,same_day,,
835,ORD-20251102-00835,439,2025-11-02,enviado,5961.75,9,130,1251.97,6807.16,paypal,pickup,,
836,ORD-20230626-00836,206,2023-06-26,procesando,851.42,4,430,178.8,1426.16,cash_on_delivery,standard,,
837,ORD-20250916-00837,5,2025-09-16,procesando,315.54,12,190,66.26,533.94,credit_card,same_day,,Nota del cliente: Llamar antes
838,ORD-20250227-00838,418,2025-02-27,pendiente,245.76,15,330,51.61,590.51,paypal,same_day,4,
839,ORD-20260114-00839,331,2026-01-14,pendiente,2488.84,4,150,522.66,3061.95,credit_card,pickup,,Nota del cliente: Entregar por la tarde
840,ORD-20240426-00840,353,2024-04-26,cancelado,458.19,3,260,96.22,800.66,credit_card,same_day,,
841,ORD-20250920-00841,426,2025-09-20,cancelado,314.73,8,0,66.09,355.64,bank_transfer,express,10,
842,ORD-20250708-00842,264,2025-07-08,pendiente,434.07,18,70,91.15,517.09,credit_card,same_day,,
843,ORD-20240409-00843,240,2024-04-09,enviado,2285.28,19,120,479.91,2450.99,cash_on_delivery,standard,,
844,ORD-20231006-00844,126,2023-10-06,pendiente,3541.95,7,390,743.81,4427.82,cash_on_delivery,standard,,
845,ORD-20260120-00845,179,2026-01-20,entregado,2299.84,7,290,482.97,2911.82,cash_on_delivery,express,,
846,ORD-20250206-00846,174,2025-02-06,pendiente,101.56,19,340,21.33,443.59,credit_card,same_day,1,
847,ORD-20241127-00847,163,2024-11-27,cancelado,1964.15,15,400,412.47,2482,cash_on_delivery,standard,,
848,ORD-20240611-00848,237,2024-06-11,entregado,2722.8,3,290,571.79,3502.91,cash_on_delivery,same_day,,
849,ORD-20250218-00849,330,2025-02-18,procesando,71.57,1,20,15.03,105.88,debit_card,same_day,,
850,ORD-20260306-00850,258,2026-03-06,pendiente,2619.36,14,440,550.07,3242.72,debit_card,express,,
851,ORD-20250330-00851,125,2025-03-30,procesando,1638.78,17,420,344.14,2124.33,debit_card,pickup,,Nota del cliente: Dejar en portería
852,ORD-20241007-00852,342,2024-10-07,pendiente,6752.47,0,360,1418.02,8530.49,paypal,pickup,,
853,ORD-20240118-00853,287,2024-01-18,pendiente,1632.45,2,440,342.81,2382.61,cash_on_delivery,express,1,
854,ORD-20250129-00854,117,2025-01-29,enviado,3324.64,9,500,698.17,4223.59,bank_transfer,express,,Nota del cliente: Llamar antes
855,ORD-20240723-00855,254,2024-07-23,procesando,169.75,13,250,35.65,433.33,debit_card,same_day,,
856,ORD-20250624-00856,347,2025-06-24,entregado,3152.83,0,140,662.09,3954.92,paypal,standard,,
857,ORD-20231204-00857,161,2023-12-04,cancelado,2794.91,11,20,586.93,3094.4,debit_card,pickup,,
858,ORD-20250726-00858,123,2025-07-26,entregado,1794.4,4,370,376.82,2469.44,cash_on_delivery,standard,,
859,ORD-20240627-00859,331,2024-06-27,cancelado,1147.1,12,420,240.89,1670.34,debit_card,standard,,
860,ORD-20230708-00860,124,2023-07-08,procesando,3718.87,11,410,780.96,4500.75,paypal,standard,,Nota del cliente: Dejar en portería
861,ORD-20250214-00861,261,2025-02-14,enviado,777.94,10,280,163.37,1143.52,credit_card,standard,3,
862,ORD-20240228-00862,294,2024-02-28,pendiente,871.86,20,150,183.09,1030.58,bank_transfer,pickup,,
863,ORD-20231203-00863,158,2023-12-03,cancelado,2760.05,15,500,579.61,3425.65,cash_on_delivery,pickup,10,Nota del cliente: Envolver para regalo
864,ORD-20240905-00864,394,2024-09-05,cancelado,3328.71,6,40,699.03,3868.02,paypal,standard,,Nota del cliente: Llamar antes
865,ORD-20231013-00865,462,2023-10-13,enviado,1125.04,13,50,236.26,1265.04,debit_card,express,2,
866,ORD-20250925-00866,183,2025-09-25,cancelado,2363.2,13,490,496.27,3042.25,cash_on_delivery,express,3,
867,ORD-20251217-00867,155,2025-12-17,entregado,777.94,6,50,163.37,944.63,debit_card,same_day,,
868,ORD-20241116-00868,27,2024-11-16,cancelado,476.96,11,290,100.16,814.65,cash_on_delivery,same_day,,
869,ORD-20240916-00869,196,2024-09-16,pendiente,177.42,12,170,37.26,363.39,cash_on_delivery,express,,
870,ORD-20260110-00870,284,2026-01-10,cancelado,402.34,3,250,84.49,724.76,debit_card,pickup,5,
871,ORD-20240908-00871,148,2024-09-08,entregado,1449.51,6,150,304.4,1816.94,paypal,pickup,,
872,ORD-20251018-00872,324,2025-10-18,entregado,1609,12,10,337.89,1763.81,paypal,same_day,,
873,ORD-20251211-00873,48,2025-12-11,entregado,34.18,16,20,7.18,55.89,bank_transfer,same_day,,
874,ORD-20240827-00874,166,2024-08-27,pendiente,1338.26,18,0,281.03,1378.4,paypal,pickup,,
875,ORD-20240504-00875,402,2024-05-04,procesando,2740.77,13,210,575.56,3170.03,paypal,pickup,,
876,ORD-20240207-00876,422,2024-02-07,enviado,3538.43,12,60,743.07,3916.89,debit_card,same_day,,
877,ORD-20231010-00877,197,2023-10-10,cancelado,1090.4,19,20,228.98,1132.2,credit_card,express,,
878,ORD-20251113-00878,306,2025-11-13,enviado,4429.35,1,90,930.16,5405.22,bank_transfer,standard,,
879,ORD-20260110-00879,190,2026-01-10,procesando,4699.01,14,280,986.79,5307.94,cash_on_delivery,same_day,,
880,ORD-20240304-00880,228,2024-03-04,entregado,952.06,9,160,199.93,1226.3,cash_on_delivery,same_day,,
881,ORD-20231230-00881,300,2023-12-30,enviado,4718.44,6,230,990.87,5656.2,cash_on_delivery,express,,
882,ORD-20240924-00882,22,2024-09-24,pendiente,41.72,8,490,8.76,537.14,debit_card,pickup,,
883,ORD-20250726-00883,470,2025-07-26,cancelado,3951.39,9,220,829.79,4645.55,cash_on_delivery,same_day,,
884,ORD-20231013-00884,26,2023-10-13,procesando,879.94,4,160,184.79,1189.53,bank_transfer,same_day,,Nota del cliente: Dejar en portería
885,ORD-20230924-00885,464,2023-09-24,cancelado,2228.79,4,330,468.05,2937.69,bank_transfer,pickup,2,Nota del cliente: Envolver para regalo
886,ORD-20240507-00886,151,2024-05-07,procesando,4086.6,1,100,858.19,5003.92,paypal,standard,,Nota del cliente: Envolver para regalo
887,ORD-20230607-00887,38,2023-06-07,enviado,2424.96,17,450,509.24,2971.96,cash_on_delivery,same_day,,
888,ORD-20230205-00888,362,2023-02-05,enviado,4333.12,8,40,909.96,4936.43,paypal,pickup,1,
889,ORD-20250608-00889,272,2025-06-08,cancelado,1044.8,7,190,219.41,1381.07,debit_card,pickup,,
890,ORD-20230221-00890,150,2023-02-21,pendiente,4291.99,0,50,901.32,5243.31,debit_card,same_day,,
891,ORD-20230523-00891,301,2023-05-23,pendiente,1654.55,1,410,347.46,2395.46,paypal,express,,
892,ORD-20230113-00892,434,2023-01-13,pendiente,2970.26,16,110,623.75,3228.77,debit_card,pickup,,Nota del cliente: Dejar en portería
893,ORD-20240709-00893,68,2024-07-09,entregado,5917.76,11,350,1242.73,6859.54,paypal,same_day,2,
894,ORD-20230105-00894,126,2023-01-05,pendiente,2281.64,1,460,479.14,3197.96,paypal,pickup,,
895,ORD-20230304-00895,36,2023-03-04,procesando,3975.19,14,230,834.79,4483.45,cash_on_delivery,same_day,2,
896,ORD-20260109-00896,28,2026-01-09,enviado,2705.26,15,160,568.1,3027.57,paypal,same_day,,Nota del cliente: Llamar antes
897,ORD-20250313-00897,114,2025-03-13,entregado,2265.85,1,400,475.83,3119.02,bank_transfer,standard,5,Nota del cliente: Envolver para regalo
898,ORD-20251223-00898,309,2025-12-23,cancelado,308.88,18,500,64.86,818.14,cash_on_delivery,same_day,,
899,ORD-20230402-00899,379,2023-04-02,enviado,449,8,490,94.29,997.37,cash_on_delivery,same_day,3,
900,ORD-20230921-00900,391,2023-09-21,cancelado,136.72,15,250,28.71,394.92,debit_card,same_day,,
901,ORD-20231015-00901,469,2023-10-15,cancelado,1915.61,5,300,402.28,2522.11,bank_transfer,same_day,,
902,ORD-20230520-00902,289,2023-05-20,procesando,1806.02,10,310,379.26,2314.68,paypal,standard,,
903,ORD-20241014-00903,167,2024-10-14,cancelado,2295.84,3,60,482.13,2769.09,paypal,pickup,,
904,ORD-20250430-00904,112,2025-04-30,procesando,2228.46,3,50,467.98,2679.59,paypal,same_day,,
905,ORD-20240117-00905,216,2024-01-17,enviado,3767.52,4,60,791.18,4468,bank_transfer,standard,,Nota del cliente: Envolver para regalo
906,ORD-20230404-00906,445,2023-04-04,enviado,5510.89,17,80,1157.29,5811.33,paypal,pickup,9,
907,ORD-20230415-00907,362,2023-04-15,enviado,2702.92,2,390,567.61,3606.47,paypal,express,5,
908,ORD-20251206-00908,127,2025-12-06,enviado,1764.1,14,410,370.46,2297.59,debit_card,express,,
909,ORD-20251201-00909,487,2025-12-01,entregado,2084.45,2,260,437.73,2740.49,credit_card,pickup,,
910,ORD-20230206-00910,121,2023-02-06,pendiente,1215.48,10,400,255.25,1749.18,cash_on_delivery,pickup,,
911,ORD-20240328-00911,453,2024-03-28,procesando,2995.65,1,460,629.09,4054.78,bank_transfer,express,,
912,ORD-20240313-00912,329,2024-03-13,pendiente,3250.5,7,320,682.61,4025.58,bank_transfer,express,6,
913,ORD-20250928-00913,456,2025-09-28,cancelado,1500.1,17,40,315.02,1600.1,debit_card,express,,
914,ORD-20230831-00914,415,2023-08-31,cancelado,1636.7,10,220,343.71,2036.74,credit_card,standard,,
915,ORD-20250328-00915,77,2025-03-28,procesando,266.1,10,450,55.88,745.37,credit_card,express,,
916,ORD-20240216-00916,198,2024-02-16,procesando,1632.36,10,450,342.8,2261.92,cash_on_delivery,same_day,,Nota del cliente: Dejar en portería
917,ORD-20260307-00917,400,2026-03-07,pendiente,2748.41,7,320,577.17,3453.19,credit_card,same_day,,Nota del cliente: Dejar en portería
918,ORD-20240223-00918,230,2024-02-23,enviado,3932.2,20,60,825.76,4031.52,bank_transfer,pickup,,
919,ORD-20230209-00919,358,2023-02-09,entregado,1848.92,11,380,388.27,2413.81,bank_transfer,pickup,,
920,ORD-20241023-00920,352,2024-10-23,procesando,1280.37,4,340,268.88,1838.04,cash_on_delivery,same_day,,
921,ORD-20230731-00921,43,2023-07-31,enviado,1295.48,13,490,272.05,1889.12,cash_on_delivery,express,,
922,ORD-20240608-00922,400,2024-06-08,procesando,1907.84,20,230,400.65,2156.92,bank_transfer,express,,
923,ORD-20230222-00923,88,2023-02-22,procesando,3572.48,20,250,750.22,3858.2,debit_card,same_day,,
924,ORD-20231026-00924,403,2023-10-26,enviado,1929.89,2,50,405.28,2346.57,debit_card,same_day,,Nota del cliente: Entregar por la tarde
925,ORD-20240221-00925,45,2024-02-21,entregado,1825.26,7,220,383.3,2300.79,credit_card,standard,,
926,ORD-20240729-00926,460,2024-07-29,entregado,1654.55,6,260,347.46,2162.74,paypal,standard,,
927,ORD-20231124-00927,471,2023-11-24,entregado,2834.75,13,40,595.3,3101.53,debit_card,standard,,
928,ORD-20231012-00928,375,2023-10-12,procesando,1280.28,6,110,268.86,1582.32,debit_card,same_day,,Nota del cliente: Envolver para regalo
929,ORD-20250923-00929,194,2025-09-23,entregado,1695.76,15,0,356.11,1797.51,credit_card,pickup,6,
930,ORD-20260123-00930,377,2026-01-23,enviado,3612.49,8,170,758.62,4252.11,bank_transfer,express,,
931,ORD-20250216-00931,200,2025-02-16,cancelado,631.08,11,370,132.53,1064.19,paypal,same_day,3,
932,ORD-20240118-00932,112,2024-01-18,enviado,4303.61,2,300,903.76,5421.3,debit_card,standard,,
933,ORD-20240423-00933,286,2024-04-23,cancelado,1538.26,19,170,323.03,1739.02,debit_card,pickup,7,
934,ORD-20231007-00934,495,2023-10-07,cancelado,3327.8,13,430,698.84,4024.03,bank_transfer,same_day,,
935,ORD-20250322-00935,163,2025-03-22,cancelado,1753.59,1,230,368.25,2334.3,cash_on_delivery,standard,,
936,ORD-20240102-00936,295,2024-01-02,procesando,3281.36,9,100,689.09,3775.13,paypal,pickup,10,
937,ORD-20240913-00937,338,2024-09-13,procesando,2011.7,16,30,422.46,2142.29,debit_card,standard,2,
938,ORD-20250627-00938,349,2025-06-27,enviado,644.6,7,80,135.37,814.85,paypal,same_day,,
939,ORD-20230323-00939,196,2023-03-23,pendiente,959.72,2,330,201.54,1472.07,paypal,pickup,,
940,ORD-20240812-00940,86,2024-08-12,pendiente,4322.88,13,230,907.8,4898.71,debit_card,same_day,,
941,ORD-20230527-00941,405,2023-05-27,cancelado,2123.98,1,140,446.04,2688.78,bank_transfer,same_day,,Nota del cliente: Entregar por la tarde
942,ORD-20231023-00942,82,2023-10-23,enviado,4544.68,13,450,954.38,5358.25,cash_on_delivery,pickup,9,
943,ORD-20230901-00943,236,2023-09-01,cancelado,1759.23,19,230,369.44,2024.42,cash_on_delivery,standard,,
944,ORD-20251123-00944,123,2025-11-23,entregado,3354.69,20,40,704.48,3428.23,credit_card,standard,,
945,ORD-20240912-00945,102,2024-09-12,cancelado,1999.56,20,110,419.91,2129.56,cash_on_delivery,pickup,,
946,ORD-20250208-00946,261,2025-02-08,procesando,3309.24,6,50,694.94,3855.63,bank_transfer,same_day,,
947,ORD-20230912-00947,28,2023-09-12,cancelado,2659.39,14,190,558.47,3035.55,debit_card,standard,4,
948,ORD-20250223-00948,342,2025-02-23,pendiente,3794.38,15,430,796.82,4452.04,debit_card,standard,,
949,ORD-20231124-00949,441,2023-11-24,procesando,1463.76,20,240,307.39,1718.4,credit_card,pickup,,Nota del cliente: Entregar por la tarde
950,ORD-20230305-00950,432,2023-03-05,procesando,4735.49,5,150,994.45,5643.17,paypal,same_day,,Nota del cliente: Dejar en portería
951,ORD-20231020-00951,439,2023-10-20,procesando,2336.55,19,310,490.68,2693.29,paypal,same_day,,
952,ORD-20230226-00952,184,2023-02-26,cancelado,3880.92,11,360,814.99,4629.01,debit_card,pickup,,
953,ORD-20250527-00953,371,2025-05-27,entregado,3671.46,0,390,771.01,4832.47,cash_on_delivery,same_day,,
954,ORD-20251013-00954,462,2025-10-13,cancelado,1313.89,9,330,275.92,1801.56,bank_transfer,pickup,,
955,ORD-20251009-00955,456,2025-10-09,cancelado,1611.34,19,420,338.38,2063.57,debit_card,pickup,,
956,ORD-20250607-00956,463,2025-06-07,enviado,721.34,20,40,151.48,768.55,paypal,same_day,,
957,ORD-20241231-00957,453,2024-12-31,pendiente,1396.16,8,400,293.19,1977.66,bank_transfer,express,,
958,ORD-20260119-00958,71,2026-01-19,enviado,4112.58,6,0,863.64,4729.47,debit_card,express,5,
959,ORD-20240208-00959,158,2024-02-08,procesando,428.75,15,100,90.04,554.48,credit_card,pickup,,
960,ORD-20231204-00960,85,2023-12-04,entregado,1906.82,13,60,400.43,2119.36,credit_card,standard,6,
961,ORD-20230905-00961,358,2023-09-05,procesando,67.8,12,120,14.24,193.9,debit_card,pickup,,
962,ORD-20240812-00962,115,2024-08-12,pendiente,5941.82,3,450,1247.78,7461.35,paypal,pickup,,
963,ORD-20250915-00963,205,2025-09-15,procesando,837.48,15,280,175.87,1167.73,cash_on_delivery,same_day,,
964,ORD-20230518-00964,155,2023-05-18,cancelado,605.2,6,480,127.09,1175.98,paypal,express,,
965,ORD-20260119-00965,160,2026-01-19,procesando,2391.15,5,410,502.14,3183.73,paypal,same_day,,
966,ORD-20250405-00966,343,2025-04-05,enviado,1250.75,5,360,262.66,1810.87,paypal,pickup,,
967,ORD-20260101-00967,369,2026-01-01,entregado,2258.04,2,280,474.19,2967.07,debit_card,express,5,
968,ORD-20240616-00968,4,2024-06-16,entregado,4826.17,18,20,1013.5,4990.96,paypal,standard,,
969,ORD-20240717-00969,139,2024-07-17,procesando,1028.52,8,250,215.99,1412.23,paypal,same_day,3,
970,ORD-20241127-00970,195,2024-11-27,cancelado,760.4,18,130,159.68,913.21,credit_card,same_day,,
971,ORD-20240122-00971,306,2024-01-22,cancelado,463.79,20,240,97.4,708.43,credit_card,express,,
972,ORD-20251010-00972,493,2025-10-10,entregado,1702.68,3,380,357.56,2389.16,cash_on_delivery,same_day,8,
973,ORD-20250518-00973,31,2025-05-18,pendiente,3182.03,2,330,668.23,4116.62,bank_transfer,standard,7,
974,ORD-20260219-00974,272,2026-02-19,entregado,1092.27,1,280,229.38,1590.73,cash_on_delivery,same_day,,Nota del cliente: Entregar por la tarde
975,ORD-20240317-00975,184,2024-03-17,cancelado,1043.28,8,430,219.09,1608.91,debit_card,same_day,,
976,ORD-20260214-00976,407,2026-02-14,pendiente,1326.16,1,40,278.49,1631.39,paypal,same_day,6,
977,ORD-20250425-00977,380,2025-04-25,entregado,2522.26,7,60,529.67,2935.37,bank_transfer,pickup,,Nota del cliente: Llamar antes
978,ORD-20230625-00978,53,2023-06-25,enviado,1681.08,17,360,353.03,2108.33,paypal,express,6,
979,ORD-20260206-00979,401,2026-02-06,procesando,3107.16,13,160,652.5,3515.73,cash_on_delivery,same_day,,
980,ORD-20230222-00980,254,2023-02-22,procesando,3530.45,9,430,741.39,4384.1,debit_card,pickup,2,
981,ORD-20250518-00981,424,2025-05-18,enviado,5976.51,1,320,1255.07,7491.81,debit_card,same_day,,
982,ORD-20250707-00982,123,2025-07-07,cancelado,799.95,10,440,167.99,1327.95,debit_card,express,2,
983,ORD-20260105-00983,396,2026-01-05,pendiente,667.83,12,480,140.24,1207.93,paypal,pickup,,
984,ORD-20230527-00984,206,2023-05-27,pendiente,615.47,6,230,129.25,937.79,debit_card,same_day,,
985,ORD-20260105-00985,393,2026-01-05,enviado,1384.65,3,430,290.78,2063.89,bank_transfer,pickup,,
986,ORD-20241223-00986,43,2024-12-23,entregado,4482.56,19,50,941.34,4622.21,paypal,same_day,,
987,ORD-20240428-00987,465,2024-04-28,enviado,2414.2,8,170,506.98,2898.04,cash_on_delivery,standard,,
988,ORD-20240201-00988,215,2024-02-01,cancelado,960.76,18,450,201.76,1439.58,debit_card,pickup,,
989,ORD-20230721-00989,414,2023-07-21,procesando,5472.35,7,170,1149.19,6408.48,credit_card,pickup,,
990,ORD-20231229-00990,446,2023-12-29,entregado,3019.09,20,480,634.01,3529.28,cash_on_delivery,standard,,
991,ORD-20240516-00991,131,2024-05-16,entregado,1626.45,5,130,341.55,2016.68,credit_card,same_day,1,
992,ORD-20230220-00992,96,2023-02-20,pendiente,2590.78,19,360,544.06,3002.59,credit_card,express,,Nota del cliente: Llamar antes
993,ORD-20250919-00993,16,2025-09-19,cancelado,5302.53,12,70,1113.53,5849.76,cash_on_delivery,pickup,,
994,ORD-20241002-00994,257,2024-10-02,entregado,1364.85,9,180,286.62,1708.63,credit_card,express,,
995,ORD-20251030-00995,123,2025-10-30,enviado,208.6,8,100,43.81,335.72,cash_on_delivery,same_day,,
996,ORD-20240129-00996,207,2024-01-29,enviado,2581,0,70,542.01,3193.01,paypal,pickup,,
997,ORD-20260308-00997,324,2026-03-08,procesando,2107.4,0,430,442.55,2979.95,debit_card,express,3,
998,ORD-20240225-00998,159,2024-02-25,cancelado,2352.98,13,150,494.13,2691.22,bank_transfer,same_day,7,
999,ORD-20240722-00999,132,2024-07-22,procesando,1207.23,4,250,253.52,1662.46,cash_on_delivery,standard,7,
1000,ORD-20241020-01000,457,2024-10-20,pendiente,1484.33,2,180,311.71,1946.35,paypal,same_day,,
1001,ORD-20240414-01001,370,2024-04-14,cancelado,432.48,5,360,90.82,861.68,paypal,standard,,
1002,ORD-20240626-01002,137,2024-06-26,cancelado,1100.11,18,270,231.02,1403.11,bank_transfer,same_day,,
1003,ORD-20230418-01003,234,2023-04-18,pendiente,2505.88,13,430,526.23,3136.35,cash_on_delivery,standard,,Nota del cliente: Llamar antes
1004,ORD-20240913-01004,197,2024-09-13,entregado,2302.31,4,500,483.49,3193.71,debit_card,standard,10,
1005,ORD-20230817-01005,162,2023-08-17,enviado,3281.84,11,70,689.19,3680.03,paypal,same_day,,
1006,ORD-20231022-01006,180,2023-10-22,cancelado,279.16,4,160,58.62,486.61,paypal,standard,,
1007,ORD-20230408-01007,159,2023-04-08,enviado,1130.33,20,430,237.37,1571.63,paypal,express,4,
1008,ORD-20230710-01008,75,2023-07-10,pendiente,975.87,2,280,204.93,1441.28,cash_on_delivery,pickup,,
1009,ORD-20230709-01009,491,2023-07-09,entregado,1133.77,8,230,238.09,1511.16,paypal,express,8,Nota del cliente: Llamar antes
1010,ORD-20231102-01010,71,2023-11-02,procesando,613.86,17,480,128.91,1118.41,cash_on_delivery,same_day,,
1011,ORD-20250118-01011,374,2025-01-18,procesando,2430.32,5,360,510.37,3179.17,cash_on_delivery,standard,,
1012,ORD-20250504-01012,241,2025-05-04,entregado,3342.68,2,180,701.96,4157.79,cash_on_delivery,same_day,,
1013,ORD-20250812-01013,97,2025-08-12,entregado,399.15,15,90,83.82,513.1,paypal,same_day,,
1014,ORD-20240224-01014,407,2024-02-24,enviado,684.87,1,320,143.82,1141.84,paypal,pickup,,
1015,ORD-20241219-01015,363,2024-12-19,entregado,616.93,7,30,129.56,733.3,credit_card,standard,,
1016,ORD-20250926-01016,35,2025-09-26,pendiente,1675.59,12,250,351.87,2076.39,credit_card,standard,,
1017,ORD-20240319-01017,164,2024-03-19,pendiente,2233.2,17,0,468.97,2322.53,cash_on_delivery,express,,
1018,ORD-20241125-01018,311,2024-11-25,pendiente,3054.4,6,120,641.42,3632.56,debit_card,pickup,,
1019,ORD-20240126-01019,283,2024-01-26,enviado,4794.47,0,290,1006.84,6091.31,cash_on_delivery,express,5,
1020,ORD-20231108-01020,451,2023-11-08,procesando,1950.68,6,300,409.64,2543.28,credit_card,same_day,,
1021,ORD-20241103-01021,439,2024-11-03,pendiente,724.52,5,210,152.15,1050.44,bank_transfer,standard,,
1022,ORD-20241014-01022,473,2024-10-14,procesando,260.99,12,320,54.81,604.48,cash_on_delivery,same_day,,Nota del cliente: Envolver para regalo
1023,ORD-20230721-01023,393,2023-07-21,pendiente,2240.99,2,480,470.61,3146.78,debit_card,pickup,,
1024,ORD-20240407-01024,397,2024-04-07,procesando,2744.23,13,380,576.29,3343.77,cash_on_delivery,same_day,,
1025,ORD-20250804-01025,403,2025-08-04,entregado,731.32,16,320,153.58,1087.89,debit_card,pickup,,
1026,ORD-20230624-01026,453,2023-06-24,pendiente,4267.29,8,220,896.13,5042.04,credit_card,pickup,10,
1027,ORD-20241009-01027,195,2024-10-09,enviado,561.25,8,140,117.86,774.21,debit_card,pickup,3,
1028,ORD-20250918-01028,120,2025-09-18,entregado,434.96,17,270,91.34,722.36,cash_on_delivery,same_day,10,Nota del cliente: Llamar antes
1029,ORD-20250724-01029,135,2025-07-24,procesando,2342.18,5,470,491.86,3186.93,credit_card,same_day,,
1030,ORD-20240925-01030,3,2024-09-25,cancelado,1970.9,15,450,413.89,2539.16,debit_card,same_day,,
1031,ORD-20250311-01031,349,2025-03-11,enviado,56.61,19,250,11.89,307.74,bank_transfer,pickup,,
1032,ORD-20260305-01032,362,2026-03-05,enviado,1709.02,9,40,358.89,1954.1,cash_on_delivery,express,2,
1033,ORD-20241004-01033,359,2024-10-04,entregado,341.98,0,280,71.82,693.8,credit_card,pickup,,
1034,ORD-20251006-01034,60,2025-10-06,pendiente,2243.25,7,60,471.08,2617.3,debit_card,express,,
1035,ORD-20250107-01035,218,2025-01-07,enviado,2108.41,14,70,442.77,2326,debit_card,pickup,,
1036,ORD-20240626-01036,355,2024-06-26,pendiente,2342.21,8,300,491.86,2946.69,paypal,standard,,
1037,ORD-20251229-01037,70,2025-12-29,procesando,1197.06,14,440,251.38,1720.85,cash_on_delivery,same_day,5,
1038,ORD-20240906-01038,168,2024-09-06,enviado,1218,7,70,255.78,1458.52,bank_transfer,standard,,
1039,ORD-20250921-01039,257,2025-09-21,enviado,3981.6,9,20,836.14,4479.4,bank_transfer,pickup,,
1040,ORD-20240625-01040,86,2024-06-25,cancelado,1917.66,5,340,402.71,2564.49,debit_card,standard,,
1041,ORD-20251113-01041,54,2025-11-13,pendiente,1491.97,13,400,313.31,2011.32,cash_on_delivery,standard,1,
1042,ORD-20250216-01042,320,2025-02-16,pendiente,2620.07,19,260,550.21,2932.47,bank_transfer,standard,,
1043,ORD-20240516-01043,240,2024-05-16,procesando,71.57,2,440,15.03,525.17,paypal,express,,
1044,ORD-20230504-01044,48,2023-05-04,entregado,363.12,1,330,76.26,765.75,credit_card,pickup,,
1045,ORD-20250421-01045,482,2025-04-21,pendiente,4212.51,19,500,884.63,4796.76,paypal,standard,4,Nota del cliente: Envolver para regalo
1046,ORD-20250701-01046,346,2025-07-01,enviado,94.35,11,380,19.81,483.78,paypal,standard,,
1047,ORD-20250415-01047,291,2025-04-15,enviado,1473.92,17,260,309.52,1792.87,cash_on_delivery,standard,,
1048,ORD-20250125-01048,175,2025-01-25,enviado,3710.47,6,200,779.2,4467.04,debit_card,express,9,
1049,ORD-20240507-01049,14,2024-05-07,procesando,4356.02,19,310,914.76,4753.14,bank_transfer,standard,,
1050,ORD-20230707-01050,354,2023-07-07,pendiente,481.68,15,310,101.15,820.58,debit_card,standard,,Nota del cliente: Envolver para regalo
1051,ORD-20250501-01051,313,2025-05-01,entregado,1508.64,13,450,316.81,2079.33,paypal,pickup,,
1052,ORD-20240206-01052,75,2024-02-06,enviado,3769.52,1,220,791.6,4743.42,credit_card,express,1,
1053,ORD-20240925-01053,294,2024-09-25,pendiente,4766.23,10,500,1000.91,5790.52,credit_card,same_day,,Nota del cliente: Entregar por la tarde
1054,ORD-20230513-01054,197,2023-05-13,pendiente,4763.79,1,350,1000.4,6066.55,paypal,pickup,,Nota del cliente: Dejar en portería
1055,ORD-20230428-01055,363,2023-04-28,pendiente,2665.08,10,410,559.67,3368.24,cash_on_delivery,standard,10,Nota del cliente: Envolver para regalo
1056,ORD-20240704-01056,150,2024-07-04,entregado,1082.01,1,250,227.22,1548.41,bank_transfer,same_day,,Nota del cliente: Envolver para regalo
1057,ORD-20231120-01057,262,2023-11-20,enviado,1840.1,9,50,386.42,2110.91,bank_transfer,express,3,Nota del cliente: Dejar en portería
1058,ORD-20250123-01058,461,2025-01-23,enviado,945.21,10,0,198.49,1049.18,credit_card,pickup,,
1059,ORD-20231126-01059,496,2023-11-26,enviado,782.96,2,470,164.42,1401.72,cash_on_delivery,express,,
1060,ORD-20240607-01060,121,2024-06-07,enviado,1700.7,20,0,357.15,1717.71,debit_card,same_day,,
1061,ORD-20241228-01061,59,2024-12-28,cancelado,3085.22,15,10,647.9,3280.34,credit_card,pickup,6,
1062,ORD-20250823-01062,382,2025-08-23,procesando,4568.92,9,470,959.47,5587.19,credit_card,pickup,,
1063,ORD-20230228-01063,184,2023-02-28,pendiente,1627.7,1,490,341.82,2443.24,cash_on_delivery,express,8,
1064,ORD-20240111-01064,407,2024-01-11,pendiente,3062.07,8,170,643.03,3630.13,bank_transfer,pickup,,
1065,ORD-20250308-01065,393,2025-03-08,cancelado,148.29,17,420,31.14,574.22,debit_card,express,,
1066,ORD-20251208-01066,357,2025-12-08,pendiente,2128.28,14,480,446.94,2757.26,bank_transfer,pickup,,
1067,ORD-20250828-01067,278,2025-08-28,enviado,2887.58,5,430,606.39,3779.59,paypal,express,9,Nota del cliente: Envolver para regalo
1068,ORD-20240527-01068,267,2024-05-27,enviado,3369.45,19,300,707.58,3736.83,bank_transfer,pickup,,
1069,ORD-20231006-01069,169,2023-10-06,enviado,1901.26,16,50,399.26,2046.32,debit_card,same_day,,
1070,ORD-20260205-01070,403,2026-02-05,procesando,1029.75,5,150,216.25,1344.51,debit_card,express,,
1071,ORD-20240302-01071,216,2024-03-02,procesando,4018.5,15,30,843.89,4289.62,debit_card,standard,9,
1072,ORD-20250214-01072,298,2025-02-14,pendiente,5020.32,11,440,1054.27,5962.35,credit_card,express,,
1073,ORD-20240111-01073,182,2024-01-11,cancelado,5652.8,18,200,1187.09,6022.39,bank_transfer,standard,,
1074,ORD-20250325-01074,288,2025-03-25,pendiente,5760.05,10,460,1209.61,6853.66,debit_card,standard,1,
1075,ORD-20240705-01075,344,2024-07-05,cancelado,2102.41,16,80,441.51,2287.53,credit_card,same_day,,Nota del cliente: Llamar antes
1076,ORD-20250401-01076,303,2025-04-01,enviado,468.9,6,80,98.47,619.24,cash_on_delivery,express,,
1077,ORD-20251210-01077,26,2025-12-10,procesando,658.84,7,50,138.36,801.08,debit_card,same_day,,
1078,ORD-20250902-01078,288,2025-09-02,cancelado,778.46,20,350,163.48,1136.25,cash_on_delivery,express,,
1079,ORD-20231212-01079,493,2023-12-12,cancelado,2717.81,4,320,570.74,3499.84,debit_card,pickup,,
1080,ORD-20231106-01080,491,2023-11-06,enviado,1920.29,1,240,403.26,2544.35,debit_card,same_day,5,
1081,ORD-20230923-01081,278,2023-09-23,entregado,4840.04,6,40,1016.41,5606.05,debit_card,standard,,
1082,ORD-20250413-01082,140,2025-04-13,enviado,3652.13,1,90,766.95,4472.56,debit_card,express,,Nota del cliente: Envolver para regalo
1083,ORD-20250117-01083,241,2025-01-17,pendiente,2930.82,2,410,615.47,3897.67,debit_card,standard,,
1084,ORD-20241124-01084,139,2024-11-24,pendiente,2580.21,20,10,541.84,2616.01,bank_transfer,standard,,
1085,ORD-20250405-01085,486,2025-04-05,pendiente,1213.47,1,490,254.83,1946.17,bank_transfer,express,,
1086,ORD-20231017-01086,427,2023-10-17,enviado,1672.96,4,60,351.32,2017.36,debit_card,same_day,,
1087,ORD-20240823-01087,83,2024-08-23,enviado,1519.35,13,70,319.06,1710.89,credit_card,standard,10,
1088,ORD-20230708-01088,424,2023-07-08,enviado,4168.25,7,430,875.33,5181.8,paypal,express,,
1089,ORD-20230423-01089,53,2023-04-23,pendiente,1691.99,8,70,355.32,1981.95,cash_on_delivery,same_day,,
1090,ORD-20231126-01090,194,2023-11-26,enviado,545.2,9,170,114.49,780.62,credit_card,standard,9,
1091,ORD-20250602-01091,93,2025-06-02,entregado,2465.42,11,210,517.74,2921.96,cash_on_delivery,same_day,,
1092,ORD-20231221-01092,314,2023-12-21,procesando,1318.61,6,60,276.91,1576.4,bank_transfer,same_day,,
1093,ORD-20230531-01093,81,2023-05-31,entregado,940.35,0,180,197.47,1317.82,cash_on_delivery,pickup,,Nota del cliente: Envolver para regalo
1094,ORD-20240613-01094,237,2024-06-13,cancelado,3855.72,3,310,809.7,4859.75,credit_card,express,2,
1095,ORD-20230912-01095,445,2023-09-12,cancelado,749.54,7,340,157.4,1194.47,paypal,standard,,Nota del cliente: Envolver para regalo
1096,ORD-20230526-01096,467,2023-05-26,entregado,3918.7,14,240,822.93,4433.01,debit_card,express,,
1097,ORD-20250521-01097,463,2025-05-21,pendiente,3613.44,14,420,758.82,4286.38,debit_card,standard,,
1098,ORD-20230403-01098,112,2023-04-03,enviado,3612.69,17,20,758.66,3777.19,paypal,express,2,
1099,ORD-20240902-01099,276,2024-09-02,procesando,1178.47,19,10,247.48,1212.04,credit_card,express,1,
1100,ORD-20230510-01100,404,2023-05-10,entregado,562.25,20,480,118.07,1047.87,bank_transfer,standard,,Nota del cliente: Llamar antes
1101,ORD-20241115-01101,496,2024-11-15,enviado,3055,19,230,641.55,3346.1,credit_card,pickup,,
1102,ORD-20240730-01102,299,2024-07-30,procesando,1745.51,0,220,366.56,2332.07,cash_on_delivery,pickup,,
1103,ORD-20250302-01103,94,2025-03-02,cancelado,602.1,3,0,126.44,710.48,debit_card,standard,,
1104,ORD-20230411-01104,33,2023-04-11,entregado,2628.87,15,330,552.06,3116.6,paypal,same_day,5,
1105,ORD-20250215-01105,368,2025-02-15,procesando,2981.93,0,440,626.21,4048.14,debit_card,pickup,,
1106,ORD-20230718-01106,146,2023-07-18,cancelado,3718.53,15,130,780.89,4071.64,cash_on_delivery,express,,
1107,ORD-20230926-01107,6,2023-09-26,cancelado,842.31,5,380,176.89,1357.08,paypal,express,6,Nota del cliente: Llamar antes
1108,ORD-20240209-01108,332,2024-02-09,cancelado,1674.68,6,430,351.68,2355.88,credit_card,same_day,4,
1109,ORD-20230208-01109,65,2023-02-08,procesando,358.2,2,300,75.22,726.26,paypal,standard,,
1110,ORD-20250530-01110,328,2025-05-30,enviado,1991.36,6,300,418.19,2590.07,debit_card,express,,
1111,ORD-20241120-01111,318,2024-11-20,cancelado,1185.56,17,240,248.97,1472.98,credit_card,same_day,,
1112,ORD-20260210-01112,389,2026-02-10,entregado,1244.82,18,190,261.41,1472.16,credit_card,express,3,Nota del cliente: Dejar en portería
1113,ORD-20250705-01113,444,2025-07-05,entregado,1842.92,11,40,387.01,2067.21,credit_card,express,,
1114,ORD-20250906-01114,340,2025-09-06,procesando,5089.79,5,300,1068.86,6204.16,paypal,pickup,,
1115,ORD-20250918-01115,391,2025-09-18,cancelado,4532.49,4,290,951.82,5593.01,cash_on_delivery,pickup,,
1116,ORD-20241224-01116,467,2024-12-24,cancelado,1862.48,12,260,391.12,2290.1,paypal,same_day,,Nota del cliente: Entregar por la tarde
1117,ORD-20260127-01117,462,2026-01-27,enviado,3567.75,14,360,749.23,4177.5,cash_on_delivery,same_day,,
1118,ORD-20230616-01118,128,2023-06-16,entregado,658.84,6,100,138.36,857.67,cash_on_delivery,pickup,,Nota del cliente: Llamar antes
1119,ORD-20250303-01119,208,2025-03-03,pendiente,1093.1,18,90,229.55,1215.89,cash_on_delivery,pickup,,Nota del cliente: Llamar antes
1120,ORD-20230607-01120,103,2023-06-07,procesando,1394.32,1,280,292.81,1953.19,cash_on_delivery,express,2,
1121,ORD-20260223-01121,350,2026-02-23,cancelado,2669.24,20,150,560.54,2845.93,debit_card,pickup,,
1122,ORD-20230422-01122,144,2023-04-22,enviado,1345.95,19,500,282.65,1872.87,cash_on_delivery,express,,
1123,ORD-20241109-01123,37,2024-11-09,entregado,1827.14,2,130,383.7,2304.3,credit_card,express,3,
1124,ORD-20240201-01124,45,2024-02-01,entregado,4623.97,2,250,971.03,5752.52,paypal,pickup,,Nota del cliente: Dejar en portería
1125,ORD-20251217-01125,218,2025-12-17,cancelado,3054.18,17,230,641.38,3406.35,credit_card,standard,2,
1126,ORD-20230723-01126,443,2023-07-23,procesando,3699.97,20,270,776.99,4006.97,credit_card,same_day,,
1127,ORD-20251110-01127,494,2025-11-10,entregado,1813.09,15,400,380.75,2321.88,debit_card,standard,,
1128,ORD-20230104-01128,200,2023-01-04,pendiente,4866.48,5,240,1021.96,5885.12,credit_card,pickup,,
1129,ORD-20230412-01129,191,2023-04-12,entregado,450.1,20,210,94.52,664.6,debit_card,same_day,9,Nota del cliente: Entregar por la tarde
1130,ORD-20240906-01130,60,2024-09-06,procesando,1532.72,16,50,321.87,1659.35,cash_on_delivery,same_day,8,
1131,ORD-20240803-01131,444,2024-08-03,procesando,4041.12,13,290,848.64,4654.41,paypal,standard,,
1132,ORD-20250523-01132,397,2025-05-23,enviado,2216.09,3,330,465.38,2944.99,paypal,same_day,,
1133,ORD-20250220-01133,134,2025-02-20,cancelado,929.79,14,140,195.26,1134.88,credit_card,same_day,,
1134,ORD-20231226-01134,6,2023-12-26,enviado,2088.54,12,410,438.59,2686.51,bank_transfer,standard,,
1135,ORD-20230824-01135,289,2023-08-24,entregado,1588.28,16,180,333.54,1847.7,cash_on_delivery,standard,2,
1136,ORD-20260225-01136,409,2026-02-25,cancelado,2691.22,18,0,565.16,2771.96,credit_card,same_day,,
1137,ORD-20231011-01137,362,2023-10-11,entregado,1301.79,9,400,273.38,1858.01,bank_transfer,standard,,
1138,ORD-20230113-01138,155,2023-01-13,pendiente,3683.45,2,50,773.52,4433.3,bank_transfer,express,,Nota del cliente: Llamar antes
1139,ORD-20240208-01139,258,2024-02-08,entregado,511.08,13,20,107.33,571.97,paypal,pickup,10,Nota del cliente: Entregar por la tarde
1140,ORD-20231110-01140,378,2023-11-10,cancelado,585.92,9,380,123.04,1036.23,bank_transfer,pickup,,
1141,ORD-20250518-01141,486,2025-05-18,cancelado,34.53,12,490,7.25,527.64,bank_transfer,same_day,,
1142,ORD-20250217-01142,29,2025-02-17,cancelado,3346.67,4,440,702.8,4355.6,cash_on_delivery,express,,
1143,ORD-20240607-01143,213,2024-06-07,entregado,1463.01,2,20,307.23,1760.98,cash_on_delivery,express,,Nota del cliente: Envolver para regalo
1144,ORD-20230213-01144,106,2023-02-13,enviado,1905.36,19,340,400.13,2283.47,cash_on_delivery,express,,
1145,ORD-20230630-01145,63,2023-06-30,enviado,75.48,6,290,15.85,376.8,credit_card,same_day,,
1146,ORD-20230516-01146,232,2023-05-16,cancelado,3088.55,6,480,648.6,4031.84,debit_card,same_day,5,
1147,ORD-20240530-01147,182,2024-05-30,cancelado,1399.02,15,20,293.79,1502.96,credit_card,same_day,6,Nota del cliente: Dejar en portería
1148,ORD-20230520-01148,129,2023-05-20,enviado,3246.35,18,10,681.73,3353.74,cash_on_delivery,same_day,,
1149,ORD-20250510-01149,431,2025-05-10,entregado,1924.51,18,110,404.15,2092.25,paypal,pickup,,Nota del cliente: Llamar antes
1150,ORD-20251202-01150,116,2025-12-02,pendiente,3549.6,9,70,745.42,4045.56,cash_on_delivery,express,,
1151,ORD-20251018-01151,236,2025-10-18,entregado,2563.62,4,140,538.36,3139.44,cash_on_delivery,same_day,4,
1152,ORD-20240810-01152,437,2024-08-10,procesando,401.25,19,240,84.26,649.27,credit_card,standard,,Nota del cliente: Dejar en portería
1153,ORD-20240529-01153,78,2024-05-29,enviado,6825.7,15,110,1433.4,7345.25,debit_card,same_day,,
1154,ORD-20241214-01154,194,2024-12-14,entregado,271.66,15,290,57.05,577.96,paypal,same_day,10,Nota del cliente: Envolver para regalo
1155,ORD-20240607-01155,125,2024-06-07,pendiente,3070.36,18,60,644.78,3222.48,credit_card,same_day,,
1156,ORD-20260117-01156,108,2026-01-17,enviado,2070.95,2,500,434.9,2964.43,paypal,standard,,Nota del cliente: Entregar por la tarde
1157,ORD-20240517-01157,296,2024-05-17,procesando,3508.81,15,360,736.85,4079.34,debit_card,standard,2,
1158,ORD-20250408-01158,435,2025-04-08,entregado,333.2,13,310,69.97,669.85,paypal,express,,
1159,ORD-20231120-01159,60,2023-11-20,enviado,911.61,8,50,191.44,1080.12,credit_card,pickup,,Nota del cliente: Dejar en portería
1160,ORD-20250211-01160,137,2025-02-11,entregado,3270.19,12,490,686.74,4054.51,debit_card,express,,Nota del cliente: Envolver para regalo
1161,ORD-20230408-01161,127,2023-04-08,enviado,1688.93,8,390,354.68,2298.5,bank_transfer,same_day,,Nota del cliente: Llamar antes
1162,ORD-20230414-01162,353,2023-04-14,cancelado,962.48,20,260,202.12,1232.1,paypal,standard,3,
1163,ORD-20240629-01163,439,2024-06-29,procesando,2228.86,7,50,468.06,2590.9,credit_card,standard,,
1164,ORD-20251117-01164,331,2025-11-17,procesando,1517.7,12,330,318.72,1984.3,debit_card,pickup,,
1165,ORD-20251118-01165,408,2025-11-18,entregado,2214.6,16,390,465.07,2715.33,credit_card,standard,,Nota del cliente: Llamar antes
1166,ORD-20251009-01166,489,2025-10-09,pendiente,1284.91,5,340,269.83,1830.49,debit_card,same_day,,Nota del cliente: Entregar por la tarde
1167,ORD-20240827-01167,166,2024-08-27,enviado,4405.67,10,380,925.19,5270.29,credit_card,same_day,,
1168,ORD-20250417-01168,14,2025-04-17,entregado,321.8,10,350,67.58,707.2,paypal,express,,
1169,ORD-20240624-01169,165,2024-06-24,procesando,4931.95,20,30,1035.71,5011.27,debit_card,standard,9,Nota del cliente: Entregar por la tarde
1170,ORD-20230411-01170,405,2023-04-11,pendiente,2690.72,18,120,565.05,2891.44,debit_card,standard,,
1171,ORD-20231128-01171,400,2023-11-28,cancelado,2571.63,11,70,540.04,2898.79,paypal,same_day,1,
1172,ORD-20250609-01172,196,2025-06-09,enviado,333.4,18,450,70.01,793.4,paypal,standard,7,
1173,ORD-20260115-01173,454,2026-01-15,enviado,724.52,15,350,152.15,1117.99,cash_on_delivery,standard,,
1174,ORD-20250819-01174,305,2025-08-19,pendiente,678.95,10,240,142.58,993.64,paypal,pickup,,
1175,ORD-20240101-01175,177,2024-01-01,pendiente,5325.99,8,360,1118.46,6378.37,debit_card,standard,,
1176,ORD-20241228-01176,170,2024-12-28,enviado,1007.62,4,150,211.6,1328.92,credit_card,express,,
1177,ORD-20230223-01177,427,2023-02-23,cancelado,1528.22,7,490,320.93,2232.17,paypal,standard,,Nota del cliente: Entregar por la tarde
1178,ORD-20230703-01178,290,2023-07-03,procesando,578.76,3,300,121.54,982.94,bank_transfer,express,,
1179,ORD-20250502-01179,128,2025-05-02,enviado,605.2,19,360,127.09,977.3,paypal,pickup,,Nota del cliente: Envolver para regalo
1180,ORD-20240830-01180,492,2024-08-30,entregado,1858.19,7,50,390.22,2168.34,paypal,same_day,,Nota del cliente: Llamar antes
1181,ORD-20230429-01181,137,2023-04-29,procesando,1433.31,16,490,301,1994.98,paypal,pickup,,
1182,ORD-20260225-01182,377,2026-02-25,entregado,1119.62,14,260,235.12,1457.99,credit_card,pickup,,
1183,ORD-20231217-01183,314,2023-12-17,pendiente,1301.79,19,0,273.38,1327.83,paypal,same_day,,
1184,ORD-20231005-01184,431,2023-10-05,procesando,3033.46,15,380,637.03,3595.47,bank_transfer,express,5,
1185,ORD-20250713-01185,263,2025-07-13,entregado,4483.43,3,250,941.52,5540.45,bank_transfer,same_day,,
1186,ORD-20230516-01186,404,2023-05-16,pendiente,4502.06,0,160,945.43,5607.49,paypal,express,,
1187,ORD-20240426-01187,124,2024-04-26,cancelado,113.84,13,330,23.91,452.95,cash_on_delivery,express,,
1188,ORD-20240907-01188,369,2024-09-07,procesando,7050.13,17,330,1480.53,7662.14,bank_transfer,pickup,,
1189,ORD-20230525-01189,9,2023-05-25,cancelado,3902.63,13,370,819.55,4584.84,cash_on_delivery,standard,,
1190,ORD-20260221-01190,414,2026-02-21,entregado,1337.09,7,110,280.79,1634.28,bank_transfer,pickup,6,
1191,ORD-20250105-01191,207,2025-01-05,entregado,3219.14,15,80,676.02,3492.29,paypal,same_day,,
1192,ORD-20240902-01192,276,2024-09-02,enviado,3404.78,3,0,715,4017.64,credit_card,standard,7,
1193,ORD-20240512-01193,335,2024-05-12,entregado,3442.65,14,170,722.96,3853.64,bank_transfer,same_day,,
1194,ORD-20240604-01194,419,2024-06-04,cancelado,1230.38,12,210,258.38,1551.11,credit_card,same_day,,
1195,ORD-20231204-01195,207,2023-12-04,procesando,2743.18,16,470,576.07,3350.34,credit_card,standard,,
1196,ORD-20240614-01196,194,2024-06-14,cancelado,3768.65,8,300,791.42,4558.58,credit_card,standard,,
1197,ORD-20230217-01197,203,2023-02-17,entregado,284.28,18,160,59.7,452.81,debit_card,same_day,,Nota del cliente: Dejar en portería
1198,ORD-20250407-01198,88,2025-04-07,entregado,1083.24,7,360,227.48,1594.89,debit_card,same_day,,
1199,ORD-20240410-01199,416,2024-04-10,enviado,2811.18,6,490,590.35,3722.86,paypal,same_day,,
1200,ORD-20250212-01200,42,2025-02-12,pendiente,2582.4,19,340,542.3,2974.04,bank_transfer,pickup,,
1201,ORD-20230828-01201,481,2023-08-28,cancelado,4022.81,0,490,844.79,5357.6,paypal,express,6,Nota del cliente: Entregar por la tarde
1202,ORD-20251003-01202,379,2025-10-03,entregado,2141.28,6,180,449.67,2642.47,cash_on_delivery,same_day,,
1203,ORD-20250705-01203,379,2025-07-05,enviado,2014.06,16,250,422.95,2364.76,paypal,standard,1,Nota del cliente: Entregar por la tarde
1204,ORD-20250601-01204,236,2025-06-01,pendiente,3970.7,6,160,833.85,4726.31,bank_transfer,standard,,
1205,ORD-20250705-01205,122,2025-07-05,procesando,2499.02,12,70,524.79,2793.93,cash_on_delivery,same_day,,
1206,ORD-20251022-01206,452,2025-10-22,entregado,1281.55,1,130,269.13,1667.86,paypal,express,,
1207,ORD-20250726-01207,271,2025-07-26,procesando,5603.3,20,370,1176.69,6029.33,credit_card,same_day,,
1208,ORD-20240902-01208,175,2024-09-02,enviado,138.12,12,350,29.01,500.56,cash_on_delivery,pickup,4,
1209,ORD-20240109-01209,253,2024-01-09,pendiente,1480.43,3,70,310.89,1816.91,credit_card,pickup,,
1210,ORD-20241023-01210,70,2024-10-23,cancelado,4215.24,9,380,885.2,5101.07,cash_on_delivery,same_day,7,
1211,ORD-20230104-01211,117,2023-01-04,entregado,975.87,0,170,204.93,1350.8,paypal,standard,10,
1212,ORD-20250513-01212,62,2025-05-13,procesando,829.6,10,240,174.22,1160.86,cash_on_delivery,express,,
1213,ORD-20251125-01213,364,2025-11-25,cancelado,6252.06,11,330,1312.93,7207.26,paypal,pickup,,
1214,ORD-20260118-01214,469,2026-01-18,enviado,3586.78,10,130,753.22,4111.32,cash_on_delivery,pickup,,
1215,ORD-20240823-01215,91,2024-08-23,cancelado,975.87,0,50,204.93,1230.8,bank_transfer,standard,,
1216,ORD-20230501-01216,7,2023-05-01,entregado,2734.55,10,0,574.26,3035.36,cash_on_delivery,pickup,,
1217,ORD-20231116-01217,28,2023-11-16,entregado,1533.14,5,140,321.96,1918.44,cash_on_delivery,standard,,
1218,ORD-20251020-01218,468,2025-10-20,enviado,2169.65,16,140,455.63,2418.14,debit_card,express,4,
1219,ORD-20251117-01219,309,2025-11-17,enviado,56.61,8,110,11.89,173.97,paypal,same_day,,Nota del cliente: Dejar en portería
1220,ORD-20250904-01220,460,2025-09-04,procesando,2583.18,3,120,542.47,3168.15,cash_on_delivery,pickup,,Nota del cliente: Envolver para regalo
1221,ORD-20230615-01221,466,2023-06-15,cancelado,1908.85,0,190,400.86,2499.71,bank_transfer,express,6,
1222,ORD-20250409-01222,185,2025-04-09,pendiente,2397.92,3,220,503.56,3049.54,debit_card,express,,
1223,ORD-20251017-01223,479,2025-10-17,pendiente,217.5,15,20,45.68,250.56,paypal,express,,
1224,ORD-20230426-01224,57,2023-04-26,cancelado,1238.48,10,40,260.08,1414.71,bank_transfer,same_day,,
1225,ORD-20240101-01225,148,2024-01-01,procesando,2391.53,12,190,502.22,2796.77,credit_card,same_day,,
1226,ORD-20230826-01226,95,2023-08-26,enviado,1970.36,18,310,413.78,2339.48,bank_transfer,express,,
1227,ORD-20250311-01227,267,2025-03-11,entregado,1484.59,14,120,311.76,1708.51,debit_card,standard,,
1228,ORD-20231023-01228,377,2023-10-23,entregado,975.34,16,210,204.82,1234.11,bank_transfer,standard,,
1229,ORD-20231229-01229,170,2023-12-29,cancelado,1679.22,11,250,352.64,2097.15,paypal,standard,,Nota del cliente: Envolver para regalo
1230,ORD-20231024-01230,62,2023-10-24,enviado,2159.46,3,310,453.49,2858.17,cash_on_delivery,same_day,,
1231,ORD-20250628-01231,333,2025-06-28,enviado,713.35,1,430,149.8,1286.02,credit_card,pickup,,
1232,ORD-20231207-01232,282,2023-12-07,procesando,1237.89,6,10,259.96,1433.58,cash_on_delivery,standard,,
1233,ORD-20251009-01233,86,2025-10-09,procesando,4689.89,17,140,984.88,5017.49,paypal,same_day,,Nota del cliente: Llamar antes
1234,ORD-20230810-01234,217,2023-08-10,entregado,1073.65,18,70,225.47,1175.86,debit_card,standard,,
1235,ORD-20231030-01235,378,2023-10-30,entregado,4198.71,18,120,881.73,4444.67,cash_on_delivery,pickup,,
1236,ORD-20230216-01236,45,2023-02-16,enviado,1760.13,6,80,369.63,2104.15,paypal,express,,Nota del cliente: Envolver para regalo
1237,ORD-20241009-01237,16,2024-10-09,procesando,3057.16,9,180,642,3604.02,cash_on_delivery,standard,,
1238,ORD-20241009-01238,360,2024-10-09,entregado,431.12,8,280,90.54,767.17,credit_card,standard,,
1239,ORD-20260116-01239,348,2026-01-16,enviado,1257.9,12,60,264.16,1431.11,paypal,same_day,,
1240,ORD-20231208-01240,346,2023-12-08,pendiente,4694.76,16,130,985.9,5059.5,paypal,express,1,Nota del cliente: Envolver para regalo
1241,ORD-20240701-01241,373,2024-07-01,entregado,2616.7,14,130,549.51,2929.87,credit_card,same_day,,
1242,ORD-20241003-01242,10,2024-10-03,entregado,1603.84,18,440,336.81,2091.96,bank_transfer,pickup,,Nota del cliente: Dejar en portería
1243,ORD-20230917-01243,95,2023-09-17,pendiente,3059.41,1,290,642.48,3961.3,paypal,same_day,,
1244,ORD-20231119-01244,470,2023-11-19,procesando,1187.75,4,370,249.43,1759.67,debit_card,pickup,,
1245,ORD-20240216-01245,68,2024-02-16,pendiente,428.22,18,190,89.93,631.07,credit_card,express,2,
1246,ORD-20230726-01246,351,2023-07-26,enviado,1487,7,20,312.27,1715.18,credit_card,express,,
1247,ORD-20250705-01247,299,2025-07-05,entregado,362.5,14,360,76.13,747.88,paypal,pickup,,
1248,ORD-20231021-01248,426,2023-10-21,entregado,3050.36,4,190,640.58,3758.93,bank_transfer,express,,
1249,ORD-20230805-01249,115,2023-08-05,pendiente,4012.05,0,420,842.53,5274.58,credit_card,standard,,
1250,ORD-20231122-01250,432,2023-11-22,procesando,2618.42,19,90,549.87,2760.79,cash_on_delivery,express,1,
1251,ORD-20250204-01251,483,2025-02-04,procesando,4372.4,15,90,918.2,4724.74,cash_on_delivery,same_day,3,
1252,ORD-20231019-01252,347,2023-10-19,pendiente,789.58,18,40,165.81,853.27,bank_transfer,express,7,
1253,ORD-20250305-01253,153,2025-03-05,cancelado,2146.96,10,260,450.86,2643.12,cash_on_delivery,standard,,
1254,ORD-20251013-01254,207,2025-10-13,entregado,2021.27,1,330,424.47,2755.53,credit_card,pickup,,
1255,ORD-20260115-01255,192,2026-01-15,entregado,5245.73,6,500,1101.6,6532.59,cash_on_delivery,same_day,,
1256,ORD-20230325-01256,250,2023-03-25,enviado,2689.25,3,240,564.74,3413.31,bank_transfer,standard,9,Nota del cliente: Llamar antes
1257,ORD-20230622-01257,459,2023-06-22,enviado,30.84,15,70,6.48,102.69,credit_card,express,1,
1258,ORD-20260301-01258,43,2026-03-01,entregado,2649.48,7,260,556.39,3280.41,paypal,pickup,,Nota del cliente: Envolver para regalo
1259,ORD-20251129-01259,21,2025-11-29,cancelado,4546.45,8,500,954.75,5637.48,cash_on_delivery,standard,,
1260,ORD-20250303-01260,234,2025-03-03,pendiente,1058.13,8,40,222.21,1235.69,debit_card,express,10,
1261,ORD-20250530-01261,425,2025-05-30,procesando,3327.95,13,280,698.87,3874.19,bank_transfer,pickup,4,
1262,ORD-20250925-01262,359,2025-09-25,cancelado,59.35,19,350,12.46,410.53,bank_transfer,express,,
1263,ORD-20260131-01263,379,2026-01-31,procesando,689.04,14,320,144.7,1057.27,bank_transfer,same_day,,
1264,ORD-20240514-01264,213,2024-05-14,cancelado,2073.03,12,420,435.34,2679.61,credit_card,standard,,Nota del cliente: Llamar antes
1265,ORD-20240306-01265,407,2024-03-06,procesando,1082.01,11,0,227.22,1190.21,debit_card,express,,
1266,ORD-20251029-01266,194,2025-10-29,pendiente,2250.5,1,280,472.61,2980.61,bank_transfer,pickup,7,
1267,ORD-20230828-01267,196,2023-08-28,pendiente,796.29,18,50,167.22,870.18,credit_card,pickup,6,
1268,ORD-20240821-01268,481,2024-08-21,entregado,1138.54,5,430,239.09,1750.7,bank_transfer,pickup,,
1269,ORD-20250424-01269,468,2025-04-24,cancelado,650.58,14,260,136.62,956.12,paypal,express,,
1270,ORD-20230725-01270,287,2023-07-25,procesando,2886.36,0,490,606.14,3982.5,cash_on_delivery,standard,,
1271,ORD-20240416-01271,425,2024-04-16,enviado,3987.42,0,330,837.36,5154.78,cash_on_delivery,same_day,,
1272,ORD-20250311-01272,499,2025-03-11,cancelado,1282.86,10,230,269.4,1653.97,credit_card,standard,,
1273,ORD-20251231-01273,80,2025-12-31,cancelado,1562.76,18,100,328.18,1709.64,bank_transfer,express,,
1274,ORD-20230115-01274,351,2023-01-15,entregado,3390.71,11,330,712.05,4059.78,paypal,same_day,9,
1275,ORD-20260205-01275,3,2026-02-05,procesando,2553.67,0,310,536.27,3399.94,debit_card,same_day,,Nota del cliente: Envolver para regalo
1276,ORD-20260309-01276,474,2026-03-09,entregado,3144.25,12,290,660.29,3717.23,bank_transfer,pickup,,
1277,ORD-20260103-01277,361,2026-01-03,entregado,4157.59,11,10,873.09,4583.35,credit_card,express,,
1278,ORD-20230925-01278,223,2023-09-25,pendiente,5234.58,5,130,1099.26,6202.11,debit_card,same_day,,
1279,ORD-20240520-01279,176,2024-05-20,procesando,3270.02,7,470,686.7,4197.82,paypal,pickup,,
1280,ORD-20240303-01280,337,2024-03-03,procesando,2011.7,2,400,422.46,2793.93,cash_on_delivery,standard,,
1281,ORD-20250319-01281,271,2025-03-19,pendiente,595.43,8,30,125.04,702.84,debit_card,standard,,
1282,ORD-20240711-01282,134,2024-07-11,entregado,399.18,3,280,83.83,751.03,debit_card,standard,,
1283,ORD-20230407-01283,91,2023-04-07,procesando,988.8,14,320,207.65,1378.02,debit_card,standard,,
1284,ORD-20231111-01284,363,2023-11-11,pendiente,5608.81,14,310,1177.85,6311.43,credit_card,same_day,,
1285,ORD-20231025-01285,160,2023-10-25,cancelado,513.61,6,480,107.86,1070.65,bank_transfer,pickup,,
1286,ORD-20231008-01286,14,2023-10-08,enviado,2221.3,6,400,466.47,2954.49,cash_on_delivery,pickup,,
1287,ORD-20241203-01287,470,2024-12-03,entregado,1331.62,16,10,279.64,1408.2,cash_on_delivery,express,,
1288,ORD-20240228-01288,126,2024-02-28,procesando,147.32,3,280,30.94,453.84,debit_card,same_day,4,
1289,ORD-20230531-01289,245,2023-05-31,pendiente,2741.7,3,320,575.76,3555.21,debit_card,pickup,10,
1290,ORD-20241106-01290,96,2024-11-06,cancelado,2069.4,4,400,434.57,2821.19,paypal,standard,,
1291,ORD-20231225-01291,153,2023-12-25,pendiente,1692.6,17,250,355.45,2010.31,credit_card,same_day,,
1292,ORD-20230107-01292,490,2023-01-07,cancelado,799.95,13,220,167.99,1083.95,cash_on_delivery,same_day,,
1293,ORD-20241207-01293,204,2024-12-07,pendiente,3428.06,15,280,719.89,3913.74,bank_transfer,express,,
1294,ORD-20230510-01294,282,2023-05-10,procesando,155.2,11,160,32.59,330.72,paypal,same_day,,
1295,ORD-20240919-01295,327,2024-09-19,enviado,33.9,15,240,7.12,275.94,credit_card,same_day,,
1296,ORD-20251124-01296,410,2025-11-24,pendiente,4542.74,9,260,953.98,5347.87,debit_card,same_day,6,Nota del cliente: Envolver para regalo
1297,ORD-20250523-01297,140,2025-05-23,cancelado,2397.94,5,200,503.57,2981.61,paypal,pickup,,
1298,ORD-20250830-01298,37,2025-08-30,pendiente,2345.8,13,290,492.62,2823.47,debit_card,express,,Nota del cliente: Envolver para regalo
1299,ORD-20230318-01299,425,2023-03-18,entregado,1944.85,15,240,408.42,2301.54,cash_on_delivery,pickup,,
1300,ORD-20230606-01300,150,2023-06-06,pendiente,3008.96,7,350,631.88,3780.21,debit_card,express,,
1301,ORD-20251210-01301,202,2025-12-10,enviado,3157.28,16,480,663.03,3795.15,cash_on_delivery,same_day,,
1302,ORD-20240216-01302,389,2024-02-16,cancelado,918.12,18,340,192.81,1285.67,cash_on_delivery,standard,,
1303,ORD-20251001-01303,150,2025-10-01,procesando,854.48,6,170,179.44,1152.65,debit_card,standard,,Nota del cliente: Llamar antes
1304,ORD-20231010-01304,367,2023-10-10,pendiente,884.84,13,330,185.82,1285.63,paypal,standard,,
1305,ORD-20230416-01305,185,2023-04-16,enviado,585.92,1,250,123.04,953.1,debit_card,pickup,,
1306,ORD-20240904-01306,411,2024-09-04,pendiente,715.03,11,340,150.16,1126.54,debit_card,same_day,,
1307,ORD-20240120-01307,100,2024-01-20,pendiente,3956.77,8,130,830.92,4601.15,bank_transfer,pickup,,
1308,ORD-20240801-01308,144,2024-08-01,pendiente,2360.13,20,410,495.63,2793.73,credit_card,pickup,,
1309,ORD-20240419-01309,300,2024-04-19,entregado,3224.72,12,280,677.19,3794.94,paypal,standard,8,
1310,ORD-20250528-01310,382,2025-05-28,pendiente,4827.86,6,490,1013.85,6042.04,credit_card,express,,
1311,ORD-20260305-01311,366,2026-03-05,procesando,2900.28,20,350,609.06,3279.28,debit_card,same_day,,
1312,ORD-20230515-01312,67,2023-05-15,cancelado,2368.84,7,200,497.46,2900.48,paypal,express,,
1313,ORD-20230818-01313,35,2023-08-18,pendiente,3241.22,18,40,680.66,3378.46,cash_on_delivery,pickup,,
1314,ORD-20240723-01314,417,2024-07-23,entregado,1655.79,17,310,347.72,2032.03,credit_card,same_day,,
1315,ORD-20251014-01315,281,2025-10-14,entregado,3724.69,3,250,782.18,4645.13,paypal,express,,
1316,ORD-20240807-01316,123,2024-08-07,pendiente,990.42,6,490,207.99,1628.98,bank_transfer,same_day,,
1317,ORD-20240818-01317,421,2024-08-18,enviado,4664.51,4,470,979.55,5927.48,credit_card,pickup,,
1318,ORD-20230827-01318,385,2023-08-27,cancelado,2133.83,3,60,448.1,2577.92,bank_transfer,same_day,,
1319,ORD-20240518-01319,387,2024-05-18,procesando,313.45,8,350,65.82,704.19,debit_card,express,7,
1320,ORD-20251001-01320,375,2025-10-01,enviado,411.9,8,60,86.5,525.45,cash_on_delivery,same_day,2,
1321,ORD-20240806-01321,185,2024-08-06,pendiente,1409.58,20,290,296.01,1713.67,credit_card,pickup,,
1322,ORD-20250715-01322,160,2025-07-15,enviado,3553.34,18,130,746.2,3789.94,bank_transfer,express,,
1323,ORD-20250705-01323,87,2025-07-05,cancelado,2559.88,3,390,537.57,3410.65,bank_transfer,pickup,,
1324,ORD-20230627-01324,360,2023-06-27,entregado,4241.75,9,50,890.77,4800.76,paypal,same_day,,
1325,ORD-20240801-01325,459,2024-08-01,pendiente,719.28,8,410,151.05,1222.79,cash_on_delivery,same_day,6,
1326,ORD-20250107-01326,225,2025-01-07,cancelado,2646.4,20,120,555.74,2792.86,bank_transfer,pickup,,
1327,ORD-20240927-01327,45,2024-09-27,entregado,715.63,6,470,150.28,1292.97,bank_transfer,express,4,Nota del cliente: Dejar en portería
1328,ORD-20241225-01328,484,2024-12-25,pendiente,3424.94,18,450,719.24,3977.69,paypal,pickup,6,
1329,ORD-20250308-01329,391,2025-03-08,enviado,4393.32,0,360,922.6,5675.92,cash_on_delivery,standard,,
1330,ORD-20240808-01330,282,2024-08-08,pendiente,1999.17,19,10,419.83,2049.16,credit_card,pickup,,
1331,ORD-20251128-01331,196,2025-11-28,cancelado,2460.7,20,430,516.75,2915.31,cash_on_delivery,standard,,
1332,ORD-20251014-01332,290,2025-10-14,procesando,1483.51,18,220,311.54,1748.02,credit_card,express,7,Nota del cliente: Entregar por la tarde
1333,ORD-20240115-01333,478,2024-01-15,enviado,1089.41,5,20,228.78,1283.72,paypal,pickup,,Nota del cliente: Dejar en portería
1334,ORD-20230401-01334,386,2023-04-01,procesando,2916.72,14,370,612.51,3490.89,credit_card,standard,,
1335,ORD-20251212-01335,4,2025-12-12,cancelado,3599.01,12,470,755.79,4392.92,debit_card,express,3,
1336,ORD-20240105-01336,193,2024-01-05,cancelado,4170.77,6,430,875.86,5226.38,credit_card,same_day,,
1337,ORD-20240310-01337,179,2024-03-10,pendiente,3478.7,8,0,730.53,3930.93,cash_on_delivery,pickup,,
1338,ORD-20231030-01338,380,2023-10-30,pendiente,481.68,20,220,101.15,706.49,bank_transfer,pickup,,
1339,ORD-20231225-01339,418,2023-12-25,enviado,973.06,10,340,204.34,1420.09,cash_on_delivery,express,,
1340,ORD-20241004-01340,321,2024-10-04,entregado,2138.59,13,220,449.1,2529.67,cash_on_delivery,express,,
1341,ORD-20230818-01341,369,2023-08-18,pendiente,3201.97,3,70,672.41,3848.32,debit_card,pickup,,Nota del cliente: Envolver para regalo
1342,ORD-20250210-01342,37,2025-02-10,entregado,2502.83,17,350,525.59,2952.94,credit_card,pickup,,
1343,ORD-20260228-01343,434,2026-02-28,pendiente,175.42,18,350,36.84,530.68,paypal,standard,,
1344,ORD-20240814-01344,435,2024-08-14,pendiente,2823.78,18,450,592.99,3358.49,cash_on_delivery,standard,,
1345,ORD-20250430-01345,154,2025-04-30,procesando,2200.26,14,120,462.05,2474.27,debit_card,pickup,6,
1346,ORD-20260213-01346,287,2026-02-13,procesando,708.3,20,140,148.74,855.38,paypal,standard,,
1347,ORD-20260201-01347,87,2026-02-01,cancelado,1260.04,3,150,264.61,1636.85,bank_transfer,standard,,
1348,ORD-20241110-01348,130,2024-11-10,enviado,661.82,14,190,138.98,898.15,debit_card,same_day,,
1349,ORD-20250826-01349,313,2025-08-26,procesando,1580.81,15,220,331.97,1895.66,debit_card,express,4,
1350,ORD-20241006-01350,473,2024-10-06,procesando,1279.98,11,440,268.8,1847.98,paypal,express,7,
1351,ORD-20260122-01351,311,2026-01-22,entregado,1493.27,11,300,313.59,1942.6,debit_card,standard,,
1352,ORD-20250424-01352,182,2025-04-24,enviado,1687.75,15,320,354.43,2109.02,bank_transfer,same_day,,Nota del cliente: Dejar en portería
1353,ORD-20231015-01353,438,2023-10-15,pendiente,1034.38,11,260,217.22,1397.82,bank_transfer,pickup,,
1354,ORD-20230626-01354,23,2023-06-26,procesando,284.28,10,70,59.7,385.55,cash_on_delivery,pickup,,
1355,ORD-20230818-01355,188,2023-08-18,entregado,481.68,11,50,101.15,579.85,cash_on_delivery,pickup,,
1356,ORD-20251016-01356,412,2025-10-16,pendiente,2014.03,19,270,422.95,2324.31,cash_on_delivery,standard,,
1357,ORD-20231018-01357,488,2023-10-18,procesando,2304.81,9,300,484.01,2881.39,bank_transfer,same_day,,
1358,ORD-20240503-01358,319,2024-05-03,enviado,2824.24,16,180,593.09,3145.45,cash_on_delivery,express,,
1359,ORD-20230520-01359,377,2023-05-20,pendiente,2051.28,12,370,430.77,2605.9,credit_card,express,,Nota del cliente: Envolver para regalo
1360,ORD-20230308-01360,109,2023-03-08,enviado,2857.86,0,120,600.15,3578.01,debit_card,same_day,,
1361,ORD-20240805-01361,270,2024-08-05,enviado,3492.99,16,420,733.53,4087.64,cash_on_delivery,standard,,
1362,ORD-20240517-01362,283,2024-05-17,pendiente,3232.08,7,380,678.74,4064.57,credit_card,same_day,,
1363,ORD-20240206-01363,169,2024-02-06,pendiente,2399.83,12,400,503.96,3015.81,debit_card,express,,
1364,ORD-20250514-01364,375,2025-05-14,pendiente,1394.63,0,140,292.87,1827.5,cash_on_delivery,same_day,2,
1365,ORD-20230530-01365,436,2023-05-30,pendiente,2155.43,6,280,452.64,2758.74,credit_card,same_day,5,
1366,ORD-20231205-01366,191,2023-12-05,enviado,2657.04,10,190,557.98,3139.32,bank_transfer,standard,2,
1367,ORD-20230118-01367,425,2023-01-18,entregado,2281.58,5,180,479.13,2826.63,debit_card,standard,,
1368,ORD-20231127-01368,241,2023-11-27,entregado,3026.36,14,370,635.54,3608.21,paypal,express,,
1369,ORD-20230319-01369,294,2023-03-19,entregado,607.8,5,30,127.64,735.05,debit_card,express,3,
1370,ORD-20250421-01370,404,2025-04-21,procesando,3444.19,8,380,723.28,4271.93,debit_card,pickup,,
1371,ORD-20230615-01371,389,2023-06-15,cancelado,2978.53,7,170,625.49,3565.52,paypal,express,,
1372,ORD-20231031-01372,328,2023-10-31,cancelado,3916.31,4,220,822.43,4802.09,debit_card,express,,
1373,ORD-20250316-01373,210,2025-03-16,procesando,2366.93,10,310,497.06,2937.3,cash_on_delivery,pickup,,
1374,ORD-20240126-01374,114,2024-01-26,procesando,1786.15,5,240,375.09,2311.93,bank_transfer,same_day,,
1375,ORD-20240104-01375,452,2024-01-04,enviado,1884.94,2,10,395.84,2253.08,paypal,standard,,Nota del cliente: Llamar antes
1376,ORD-20230201-01376,48,2023-02-01,cancelado,5406.37,15,470,1135.34,6200.75,bank_transfer,pickup,10,Nota del cliente: Envolver para regalo
1377,ORD-20240906-01377,207,2024-09-06,procesando,614.4,8,370,129.02,1064.27,bank_transfer,same_day,8,Nota del cliente: Entregar por la tarde
1378,ORD-20241125-01378,104,2024-11-25,pendiente,539.25,5,270,113.24,895.53,bank_transfer,same_day,,
1379,ORD-20240225-01379,199,2024-02-25,cancelado,2207.78,20,370,463.63,2599.85,paypal,pickup,,
1380,ORD-20240723-01380,31,2024-07-23,cancelado,2986.89,19,320,627.25,3366.63,credit_card,pickup,6,
1381,ORD-20260103-01381,171,2026-01-03,procesando,2919.01,7,120,612.99,3447.67,cash_on_delivery,express,,
1382,ORD-20240610-01382,319,2024-06-10,enviado,2250.5,19,370,472.61,2665.52,bank_transfer,express,,
1383,ORD-20240420-01383,346,2024-04-20,entregado,3676.55,4,430,772.08,4731.57,cash_on_delivery,standard,4,
1384,ORD-20231225-01384,244,2023-12-25,procesando,4873.19,20,360,1023.37,5281.92,credit_card,pickup,,
1385,ORD-20250731-01385,94,2025-07-31,entregado,1627,17,250,341.67,1942.08,cash_on_delivery,express,,
1386,ORD-20241105-01386,181,2024-11-05,pendiente,1711.85,5,140,359.49,2125.75,debit_card,same_day,,
1387,ORD-20240214-01387,22,2024-02-14,enviado,2076.61,16,0,436.09,2180.44,bank_transfer,same_day,,Nota del cliente: Llamar antes
1388,ORD-20251130-01388,129,2025-11-30,cancelado,1932.68,2,470,405.86,2769.89,paypal,same_day,,
1389,ORD-20260211-01389,454,2026-02-11,cancelado,605.2,15,420,127.09,1061.51,credit_card,express,,
1390,ORD-20240323-01390,45,2024-03-23,entregado,1420.12,16,480,298.23,1971.13,cash_on_delivery,pickup,,
1391,ORD-20241130-01391,464,2024-11-30,entregado,869.75,8,280,182.65,1262.82,credit_card,express,,
1392,ORD-20260302-01392,9,2026-03-02,enviado,2699.81,11,60,566.96,3029.79,credit_card,standard,,
1393,ORD-20230325-01393,56,2023-03-25,cancelado,1936.77,17,440,406.72,2454.24,bank_transfer,pickup,9,
1394,ORD-20230718-01394,426,2023-07-18,pendiente,1013,12,230,212.73,1334.17,debit_card,standard,,
1395,ORD-20250623-01395,124,2025-06-23,cancelado,4133.96,4,270,868.13,5106.73,debit_card,standard,,
1396,ORD-20250914-01396,330,2025-09-14,cancelado,2847.05,12,130,597.88,3233.28,credit_card,standard,,
1397,ORD-20240108-01397,176,2024-01-08,entregado,1537.04,2,260,322.78,2089.08,paypal,same_day,,
1398,ORD-20231101-01398,248,2023-11-01,procesando,762.53,7,60,160.13,929.28,credit_card,pickup,,
1399,ORD-20230405-01399,354,2023-04-05,pendiente,5249.1,17,0,1102.31,5459.06,bank_transfer,standard,,
1400,ORD-20250822-01400,74,2025-08-22,cancelado,4792.19,17,290,1006.36,5273.88,credit_card,same_day,6,
1401,ORD-20230117-01401,199,2023-01-17,pendiente,1542.3,11,320,323.88,2016.53,credit_card,standard,,
1402,ORD-20260131-01402,32,2026-01-31,enviado,3408.89,15,200,715.87,3813.43,cash_on_delivery,pickup,2,
1403,ORD-20231114-01403,236,2023-11-14,enviado,1771.59,2,350,372.03,2458.19,cash_on_delivery,pickup,,
1404,ORD-20240223-01404,301,2024-02-23,pendiente,2845.33,4,370,597.52,3699.04,bank_transfer,pickup,,
1405,ORD-20250207-01405,486,2025-02-07,entregado,4074.6,5,300,855.67,5026.54,credit_card,express,,
1406,ORD-20240424-01406,30,2024-04-24,pendiente,3754.84,7,120,788.52,4400.52,paypal,standard,,
1407,ORD-20230129-01407,318,2023-01-29,procesando,4758.31,15,140,999.25,5183.81,cash_on_delivery,same_day,,
1408,ORD-20241006-01408,348,2024-10-06,pendiente,135.79,20,480,28.52,617.15,bank_transfer,express,,
1409,ORD-20260302-01409,42,2026-03-02,enviado,1329.42,8,280,279.18,1782.25,debit_card,express,,Nota del cliente: Llamar antes
1410,ORD-20230214-01410,266,2023-02-14,procesando,1149.75,8,240,241.45,1539.22,cash_on_delivery,standard,,
1411,ORD-20260120-01411,48,2026-01-20,procesando,675.82,8,410,141.92,1173.67,debit_card,pickup,,
1412,ORD-20250725-01412,463,2025-07-25,enviado,676.99,15,30,142.17,747.61,paypal,pickup,,
1413,ORD-20241103-01413,423,2024-11-03,entregado,1921.3,1,260,403.47,2565.56,debit_card,express,7,
1414,ORD-20231208-01414,83,2023-12-08,procesando,1720.88,0,370,361.38,2452.26,debit_card,express,,
1415,ORD-20231031-01415,200,2023-10-31,pendiente,2985.53,4,160,626.96,3653.07,debit_card,standard,,
1416,ORD-20250609-01416,295,2025-06-09,pendiente,2357.4,5,190,495.05,2924.58,paypal,express,,
1417,ORD-20240816-01417,385,2024-08-16,cancelado,2552.59,0,30,536.04,3118.63,debit_card,express,,
1418,ORD-20240211-01418,8,2024-02-11,pendiente,974.4,4,400,204.62,1540.04,cash_on_delivery,standard,2,
1419,ORD-20240610-01419,415,2024-06-10,enviado,937.4,9,480,196.85,1529.88,bank_transfer,standard,,Nota del cliente: Dejar en portería
1420,ORD-20240406-01420,437,2024-04-06,pendiente,546.2,11,70,114.7,670.82,cash_on_delivery,express,,
1421,ORD-20230218-01421,187,2023-02-18,cancelado,1865.18,17,140,391.69,2079.79,paypal,pickup,,
1422,ORD-20241029-01422,145,2024-10-29,pendiente,2562.99,12,90,538.23,2883.66,bank_transfer,standard,,
1423,ORD-20240630-01423,43,2024-06-30,cancelado,4216.75,3,220,885.52,5195.77,debit_card,pickup,,Nota del cliente: Entregar por la tarde
1424,ORD-20230711-01424,305,2023-07-11,pendiente,2834.22,10,150,595.19,3295.99,bank_transfer,standard,,
1425,ORD-20251018-01425,176,2025-10-18,enviado,1760.66,7,210,369.74,2217.15,paypal,standard,,Nota del cliente: Entregar por la tarde
1426,ORD-20251217-01426,491,2025-12-17,entregado,2829.91,19,290,594.28,3176.51,bank_transfer,pickup,,Nota del cliente: Envolver para regalo
1427,ORD-20230622-01427,353,2023-06-22,entregado,898.4,20,250,188.66,1157.38,cash_on_delivery,pickup,,
1428,ORD-20250204-01428,26,2025-02-04,pendiente,2351.02,1,100,493.71,2921.22,debit_card,standard,,Nota del cliente: Llamar antes
1429,ORD-20250516-01429,471,2025-05-16,enviado,2868.91,5,80,602.47,3407.93,cash_on_delivery,standard,,
1430,ORD-20260101-01430,495,2026-01-01,pendiente,1129.22,16,250,237.14,1435.68,cash_on_delivery,standard,,
1431,ORD-20241106-01431,69,2024-11-06,procesando,2795.99,4,430,587.16,3701.31,bank_transfer,standard,,
1432,ORD-20251109-01432,281,2025-11-09,enviado,243.6,16,10,51.16,265.78,cash_on_delivery,same_day,,Nota del cliente: Llamar antes
1433,ORD-20231005-01433,158,2023-10-05,procesando,2103.72,13,150,441.78,2422.02,credit_card,same_day,,
1434,ORD-20230424-01434,389,2023-04-24,enviado,2860.23,11,0,600.65,3146.25,cash_on_delivery,same_day,,
1435,ORD-20260118-01435,310,2026-01-18,cancelado,2089.47,10,310,438.79,2629.31,bank_transfer,express,,
1436,ORD-20250706-01436,316,2025-07-06,procesando,3313.7,9,170,695.88,3881.35,bank_transfer,same_day,9,Nota del cliente: Dejar en portería
1437,ORD-20230925-01437,47,2023-09-25,entregado,3112.28,14,460,653.58,3790.14,debit_card,standard,,
1438,ORD-20240725-01438,391,2024-07-25,enviado,1410.36,18,400,296.18,1852.68,credit_card,same_day,2,
1439,ORD-20240705-01439,224,2024-07-05,entregado,2983.94,12,70,626.63,3322.5,paypal,standard,,Nota del cliente: Llamar antes
1440,ORD-20230731-01440,166,2023-07-31,procesando,1297.28,19,350,272.43,1673.23,credit_card,standard,1,
1441,ORD-20231106-01441,442,2023-11-06,entregado,33.9,18,470,7.12,504.92,bank_transfer,standard,3,
1442,ORD-20231207-01442,100,2023-12-07,cancelado,1225.31,18,430,257.32,1692.07,debit_card,standard,9,Nota del cliente: Envolver para regalo
1443,ORD-20250319-01443,112,2025-03-19,cancelado,1345.95,6,210,282.65,1757.84,paypal,express,,Nota del cliente: Llamar antes
1444,ORD-20250119-01444,11,2025-01-19,cancelado,464.53,4,440,97.55,983.5,credit_card,pickup,,
1445,ORD-20230305-01445,47,2023-03-05,cancelado,1983.52,8,320,416.54,2561.38,credit_card,express,,
1446,ORD-20250219-01446,360,2025-02-19,procesando,842.86,5,190,177,1167.72,debit_card,pickup,,
1447,ORD-20240523-01447,410,2024-05-23,enviado,710.7,16,390,149.25,1136.24,bank_transfer,standard,,
1448,ORD-20250827-01448,314,2025-08-27,entregado,2003.81,20,200,420.8,2223.85,debit_card,express,1,
1449,ORD-20250328-01449,145,2025-03-28,procesando,1405.84,19,160,295.23,1593.96,debit_card,pickup,1,
1450,ORD-20260225-01450,73,2026-02-25,entregado,3352.48,11,350,704.02,4037.73,cash_on_delivery,standard,,
1451,ORD-20250404-01451,19,2025-04-04,procesando,2664.57,6,320,559.56,3384.26,credit_card,same_day,,
1452,ORD-20230424-01452,41,2023-04-24,cancelado,3313.51,7,500,695.84,4277.4,credit_card,express,,
1453,ORD-20250806-01453,403,2025-08-06,cancelado,3050.13,7,240,640.53,3717.15,paypal,same_day,9,
1454,ORD-20251120-01454,421,2025-11-20,cancelado,1800.35,20,340,378.07,2158.35,paypal,pickup,6,
1455,ORD-20260225-01455,456,2026-02-25,pendiente,2165.69,11,50,454.79,2432.25,debit_card,same_day,,
1456,ORD-20251205-01456,226,2025-12-05,enviado,286.56,18,350,60.18,645.16,cash_on_delivery,standard,,
1457,ORD-20230627-01457,116,2023-06-27,entregado,1148.78,12,310,241.24,1562.17,credit_card,same_day,,Nota del cliente: Entregar por la tarde
1458,ORD-20250308-01458,284,2025-03-08,enviado,1665.97,13,390,349.85,2189.24,bank_transfer,standard,,
1459,ORD-20241103-01459,388,2024-11-03,cancelado,643.6,3,490,135.16,1249.45,cash_on_delivery,same_day,5,
1460,ORD-20240616-01460,122,2024-06-16,entregado,276,4,460,57.96,782.92,debit_card,standard,1,
1461,ORD-20250310-01461,469,2025-03-10,procesando,1248.2,16,470,262.12,1780.61,cash_on_delivery,standard,,
1462,ORD-20240617-01462,479,2024-06-17,entregado,1703.04,4,220,357.64,2212.56,cash_on_delivery,express,,
1463,ORD-20241107-01463,82,2024-11-07,pendiente,1302.68,0,230,273.56,1806.24,cash_on_delivery,express,,Nota del cliente: Entregar por la tarde
1464,ORD-20240624-01464,185,2024-06-24,procesando,380.8,11,410,79.97,828.88,paypal,pickup,,
1465,ORD-20240603-01465,270,2024-06-03,pendiente,34.18,5,60,7.18,99.65,credit_card,pickup,,
1466,ORD-20231218-01466,348,2023-12-18,entregado,893.75,14,30,187.69,986.32,credit_card,express,7,
1467,ORD-20251115-01467,324,2025-11-15,enviado,143.28,6,470,30.09,634.77,bank_transfer,standard,,
1468,ORD-20231003-01468,138,2023-10-03,entregado,2758.26,17,230,579.23,3098.59,credit_card,same_day,7,Nota del cliente: Llamar antes
1469,ORD-20251106-01469,287,2025-11-06,pendiente,2818.89,5,250,591.97,3519.92,paypal,express,,
1470,ORD-20240325-01470,2,2024-03-25,cancelado,937.8,17,400,196.94,1375.31,debit_card,standard,2,
1471,ORD-20231023-01471,212,2023-10-23,enviado,5663.13,18,440,1189.26,6273.03,credit_card,standard,,
1472,ORD-20260221-01472,391,2026-02-21,procesando,5990.1,3,460,1257.92,7528.32,credit_card,same_day,4,
1473,ORD-20250111-01473,167,2025-01-11,entregado,1069.21,10,270,224.53,1456.82,bank_transfer,standard,,
1474,ORD-20230131-01474,145,2023-01-31,cancelado,3805.41,2,120,799.14,4648.44,debit_card,same_day,,
1475,ORD-20250717-01475,367,2025-07-17,cancelado,2017.91,4,160,423.76,2520.95,cash_on_delivery,express,,
1476,ORD-20240726-01476,327,2024-07-26,entregado,2682.38,16,380,563.3,3196.5,paypal,standard,,Nota del cliente: Envolver para regalo
1477,ORD-20230203-01477,76,2023-02-03,procesando,1649.56,0,140,346.41,2135.97,cash_on_delivery,same_day,,
1478,ORD-20240325-01478,259,2024-03-25,cancelado,2296.44,0,390,482.25,3168.69,bank_transfer,pickup,,
1479,ORD-20251231-01479,59,2025-12-31,procesando,4231.3,8,50,888.57,4831.37,bank_transfer,same_day,,Nota del cliente: Envolver para regalo
1480,ORD-20250119-01480,228,2025-01-19,entregado,286.56,15,130,60.18,433.76,debit_card,standard,,
1481,ORD-20260106-01481,348,2026-01-06,entregado,2169.65,10,260,455.63,2668.32,credit_card,same_day,,
1482,ORD-20231211-01482,33,2023-12-11,cancelado,4647.5,17,90,975.98,4923.41,bank_transfer,pickup,,
1483,ORD-20240709-01483,418,2024-07-09,pendiente,1391.37,15,350,292.19,1824.85,paypal,pickup,,Nota del cliente: Envolver para regalo
1484,ORD-20250527-01484,189,2025-05-27,procesando,3381.25,18,260,710.06,3742.69,credit_card,express,,
1485,ORD-20240519-01485,351,2024-05-19,enviado,922.02,14,320,193.62,1306.56,debit_card,same_day,,
1486,ORD-20241023-01486,417,2024-10-23,cancelado,1844.04,13,430,387.25,2421.56,debit_card,same_day,,
1487,ORD-20240401-01487,270,2024-04-01,entregado,336.75,15,80,70.72,436.96,cash_on_delivery,express,,
1488,ORD-20230912-01488,76,2023-09-12,cancelado,3201.92,14,280,672.4,3706.05,paypal,pickup,,
1489,ORD-20250828-01489,391,2025-08-28,enviado,3275.15,10,60,687.78,3695.42,debit_card,standard,,Nota del cliente: Envolver para regalo
1490,ORD-20230710-01490,485,2023-07-10,procesando,3266.03,9,210,685.87,3867.96,paypal,standard,,
1491,ORD-20240630-01491,498,2024-06-30,cancelado,913.17,14,420,191.77,1397.1,debit_card,standard,,
1492,ORD-20250324-01492,143,2025-03-24,entregado,114.15,10,370,23.97,496.71,paypal,pickup,,
1493,ORD-20240424-01493,439,2024-04-24,pendiente,3220.86,5,380,676.38,4116.2,bank_transfer,same_day,,
1494,ORD-20250201-01494,390,2025-02-01,pendiente,4054.91,3,500,851.53,5284.79,bank_transfer,express,,
1495,ORD-20230216-01495,416,2023-02-16,enviado,1772.56,4,80,372.24,2153.9,credit_card,pickup,,
1496,ORD-20251002-01496,131,2025-10-02,entregado,1774.96,4,130,372.74,2206.7,paypal,express,,Nota del cliente: Envolver para regalo
1497,ORD-20240909-01497,143,2024-09-09,pendiente,2541.66,11,310,533.75,3105.83,cash_on_delivery,same_day,,
1498,ORD-20240925-01498,348,2024-09-25,procesando,3604.36,11,230,756.92,4194.8,credit_card,express,,
1499,ORD-20231210-01499,469,2023-12-10,procesando,2715.68,16,470,570.29,3321.46,cash_on_delivery,standard,1,Nota del cliente: Dejar en portería
1500,ORD-20230315-01500,35,2023-03-15,pendiente,4247.03,20,50,891.88,4339.5,credit_card,pickup,,Nota del cliente: Envolver para regalo
1501,ORD-20230426-01501,254,2023-04-26,pendiente,6504.13,6,320,1365.87,7799.75,credit_card,pickup,,Nota del cliente: Llamar antes
1502,ORD-20230720-01502,135,2023-07-20,enviado,826.92,10,10,173.65,927.88,bank_transfer,same_day,,
1503,ORD-20230620-01503,242,2023-06-20,enviado,352.68,13,270,74.06,650.89,credit_card,standard,,
1504,ORD-20230125-01504,173,2023-01-25,entregado,5901.76,20,500,1239.37,6460.78,paypal,standard,,
1505,ORD-20250828-01505,104,2025-08-28,pendiente,1340.48,5,0,281.5,1554.96,paypal,pickup,5,
1506,ORD-20250608-01506,103,2025-06-08,cancelado,411.9,5,390,86.5,867.81,bank_transfer,standard,4,
1507,ORD-20230912-01507,431,2023-09-12,pendiente,1410.08,4,80,296.12,1729.8,debit_card,pickup,,
1508,ORD-20230625-01508,24,2023-06-25,entregado,1483.59,15,350,311.55,1922.6,cash_on_delivery,pickup,,
1509,ORD-20240125-01509,186,2024-01-25,entregado,2832.93,8,470,594.92,3671.22,paypal,pickup,,
1510,ORD-20250829-01510,471,2025-08-29,procesando,2185.82,3,500,459.02,3079.27,bank_transfer,same_day,,
1511,ORD-20230813-01511,458,2023-08-13,cancelado,1342.33,15,60,281.89,1482.87,cash_on_delivery,standard,,
1512,ORD-20260203-01512,142,2026-02-03,enviado,2117.44,13,80,444.66,2366.83,debit_card,same_day,6,
1513,ORD-20230712-01513,450,2023-07-12,pendiente,157.77,2,50,33.13,237.74,bank_transfer,standard,,Nota del cliente: Entregar por la tarde
1514,ORD-20240216-01514,37,2024-02-16,pendiente,1179.04,8,420,247.6,1752.32,bank_transfer,standard,,
1515,ORD-20241112-01515,428,2024-11-12,entregado,130.71,10,370,27.45,515.09,credit_card,express,,Nota del cliente: Dejar en portería
1516,ORD-20250728-01516,73,2025-07-28,cancelado,426.42,18,490,89.55,929.21,cash_on_delivery,standard,,
1517,ORD-20250809-01517,274,2025-08-09,entregado,1058.2,17,70,222.22,1170.53,paypal,express,,
1518,ORD-20251008-01518,259,2025-10-08,procesando,2598.16,6,40,545.61,3027.88,cash_on_delivery,standard,,
1519,ORD-20241217-01519,150,2024-12-17,pendiente,1858.75,8,220,390.34,2320.39,debit_card,express,,
1520,ORD-20251021-01520,280,2025-10-21,pendiente,446.14,14,230,93.69,707.37,paypal,express,2,
1521,ORD-20251018-01521,58,2025-10-18,enviado,1461.91,4,350,307,2060.43,credit_card,pickup,,
1522,ORD-20240120-01522,390,2024-01-20,enviado,1555.88,2,300,326.73,2151.49,credit_card,pickup,,
1523,ORD-20240902-01523,389,2024-09-02,cancelado,1468.73,6,220,308.43,1909.04,paypal,standard,,Nota del cliente: Entregar por la tarde
1524,ORD-20230315-01524,462,2023-03-15,entregado,2693.37,18,30,565.61,2804.17,cash_on_delivery,express,,
1525,ORD-20260305-01525,371,2026-03-05,cancelado,3756.92,3,210,788.95,4643.16,debit_card,express,,
1526,ORD-20230327-01526,304,2023-03-27,entregado,1997.65,10,240,419.51,2457.4,paypal,express,,
1527,ORD-20250327-01527,287,2025-03-27,cancelado,30.66,11,90,6.44,123.73,paypal,same_day,,
1528,ORD-20240131-01528,193,2024-01-31,enviado,2237.79,7,430,469.94,2981.08,bank_transfer,standard,,
1529,ORD-20240725-01529,230,2024-07-25,enviado,483.17,5,250,101.47,810.48,bank_transfer,express,,
1530,ORD-20240809-01530,29,2024-08-09,entregado,561.11,17,100,117.83,683.55,bank_transfer,same_day,,
1531,ORD-20250527-01531,42,2025-05-27,enviado,1624.17,1,500,341.08,2449.01,cash_on_delivery,pickup,,
1532,ORD-20241209-01532,457,2024-12-09,enviado,1607.63,3,100,337.6,1997,credit_card,standard,,
1533,ORD-20240805-01533,302,2024-08-05,cancelado,2126.65,5,130,446.6,2596.92,paypal,same_day,,
1534,ORD-20240408-01534,382,2024-04-08,pendiente,511.06,13,260,107.32,811.94,debit_card,standard,3,
1535,ORD-20240430-01535,474,2024-04-30,enviado,35.61,4,200,7.48,241.67,credit_card,same_day,,Nota del cliente: Llamar antes
1536,ORD-20250208-01536,336,2025-02-08,procesando,3163.55,6,390,664.35,4028.09,bank_transfer,standard,4,
1537,ORD-20251202-01537,53,2025-12-02,enviado,3832.5,20,50,804.83,3920.83,debit_card,same_day,,
1538,ORD-20260102-01538,471,2026-01-02,enviado,2352.42,3,450,494.01,3225.86,debit_card,standard,,
1539,ORD-20240221-01539,94,2024-02-21,cancelado,1527.03,15,280,320.68,1898.66,credit_card,same_day,,Nota del cliente: Dejar en portería
1540,ORD-20240124-01540,405,2024-01-24,enviado,545.2,8,150,114.49,766.07,paypal,standard,,
1541,ORD-20251102-01541,43,2025-11-02,cancelado,1424.5,20,80,299.15,1518.75,paypal,standard,,
1542,ORD-20241120-01542,337,2024-11-20,procesando,2490.87,4,460,523.08,3374.32,bank_transfer,pickup,,
1543,ORD-20250430-01543,34,2025-04-30,enviado,3062.21,14,330,643.06,3606.56,bank_transfer,same_day,,
1544,ORD-20230311-01544,361,2023-03-11,enviado,663.28,10,440,139.29,1176.24,cash_on_delivery,pickup,5,
1545,ORD-20231112-01545,23,2023-11-12,cancelado,1787.74,4,130,375.43,2221.66,bank_transfer,pickup,,
1546,ORD-20241226-01546,141,2024-12-26,cancelado,2720.13,17,490,571.23,3318.94,bank_transfer,standard,,
1547,ORD-20241101-01547,262,2024-11-01,pendiente,2878.09,5,430,604.4,3768.59,credit_card,standard,,
1548,ORD-20231110-01548,241,2023-11-10,enviado,2062.32,15,10,433.09,2196.06,paypal,express,,
1549,ORD-20250222-01549,327,2025-02-22,procesando,112.25,12,440,23.57,562.35,debit_card,standard,,
1550,ORD-20230904-01550,113,2023-09-04,procesando,466.25,2,0,97.91,554.84,credit_card,same_day,,
1551,ORD-20240709-01551,263,2024-07-09,procesando,362.5,8,380,76.13,789.63,debit_card,pickup,,
1552,ORD-20251217-01552,419,2025-12-17,cancelado,810.4,19,170,170.18,996.6,cash_on_delivery,same_day,,
1553,ORD-20230202-01553,393,2023-02-02,cancelado,1369.25,19,440,287.54,1836.63,debit_card,same_day,,
1554,ORD-20251002-01554,160,2025-10-02,entregado,2110.64,2,390,443.23,2901.66,debit_card,express,,
1555,ORD-20251016-01555,101,2025-10-16,procesando,2707.83,15,160,568.64,3030.3,debit_card,express,6,
1556,ORD-20250811-01556,286,2025-08-11,pendiente,1120.87,3,220,235.38,1542.62,paypal,standard,,
1557,ORD-20240614-01557,93,2024-06-14,entregado,4114.59,11,20,864.06,4546.05,paypal,same_day,,Nota del cliente: Dejar en portería
1558,ORD-20240906-01558,432,2024-09-06,entregado,1076.64,18,410,226.09,1518.93,paypal,pickup,,Nota del cliente: Envolver para regalo
1559,ORD-20250611-01559,136,2025-06-11,cancelado,706.08,8,300,148.28,1097.87,cash_on_delivery,same_day,,
1560,ORD-20230829-01560,469,2023-08-29,cancelado,2667.29,2,160,560.13,3334.07,debit_card,standard,,
1561,ORD-20240704-01561,360,2024-07-04,pendiente,3952.06,12,460,829.93,4767.74,cash_on_delivery,same_day,,
1562,ORD-20250530-01562,376,2025-05-30,pendiente,336.75,7,240,70.72,623.9,credit_card,pickup,,
1563,ORD-20230223-01563,242,2023-02-23,pendiente,1275.99,14,30,267.96,1395.31,bank_transfer,standard,,
1564,ORD-20251125-01564,177,2025-11-25,cancelado,3140.08,5,240,659.42,3882.5,debit_card,pickup,,
1565,ORD-20230521-01565,404,2023-05-21,pendiente,1568.91,18,90,329.47,1705.98,credit_card,pickup,,
1566,ORD-20240521-01566,244,2024-05-21,cancelado,274.87,19,190,57.72,470.36,paypal,pickup,,
1567,ORD-20250226-01567,192,2025-02-26,cancelado,5834.13,12,270,1225.17,6629.2,paypal,same_day,10,
1568,ORD-20230308-01568,317,2023-03-08,cancelado,1564.91,16,110,328.63,1753.15,bank_transfer,same_day,,
1569,ORD-20250318-01569,178,2025-03-18,pendiente,4395.99,12,360,923.16,5151.63,cash_on_delivery,pickup,,
1570,ORD-20250412-01570,297,2025-04-12,entregado,1586.78,5,480,333.22,2320.66,credit_card,same_day,,Nota del cliente: Dejar en portería
1571,ORD-20260202-01571,133,2026-02-02,entregado,2037.43,3,20,427.86,2424.17,cash_on_delivery,pickup,7,Nota del cliente: Dejar en portería
1572,ORD-20251008-01572,432,2025-10-08,entregado,1609,11,340,337.89,2109.9,cash_on_delivery,standard,,
1573,ORD-20250107-01573,448,2025-01-07,cancelado,629.59,15,220,132.21,887.36,debit_card,standard,,
1574,ORD-20250719-01574,100,2025-07-19,cancelado,3258.65,14,470,684.32,3956.76,bank_transfer,standard,,
1575,ORD-20230808-01575,104,2023-08-08,procesando,3057.9,5,360,642.16,3907.17,credit_card,same_day,5,
1576,ORD-20250205-01576,497,2025-02-05,pendiente,2889.24,16,440,606.74,3473.7,bank_transfer,standard,,
1577,ORD-20230504-01577,9,2023-05-04,cancelado,921.89,7,190,193.6,1240.96,cash_on_delivery,standard,1,
1578,ORD-20231221-01578,217,2023-12-21,entregado,1913.32,10,440,401.8,2563.79,credit_card,express,,
1579,ORD-20251005-01579,61,2025-10-05,cancelado,1798.72,8,20,377.73,2052.55,paypal,standard,,Nota del cliente: Llamar antes
1580,ORD-20251012-01580,169,2025-10-12,cancelado,2314.81,14,180,486.11,2656.85,cash_on_delivery,express,6,
1581,ORD-20231217-01581,25,2023-12-17,entregado,1439.1,15,340,302.21,1865.45,paypal,same_day,8,
1582,ORD-20250319-01582,442,2025-03-19,entregado,18.87,1,340,3.96,362.64,debit_card,standard,,
1583,ORD-20240606-01583,218,2024-06-06,pendiente,332.49,13,500,69.82,859.09,cash_on_delivery,express,,
1584,ORD-20250716-01584,304,2025-07-16,cancelado,3850.31,19,460,808.57,4387.32,debit_card,pickup,,
1585,ORD-20240613-01585,225,2024-06-13,cancelado,1686.74,20,60,354.22,1763.61,paypal,pickup,,
1586,ORD-20231126-01586,493,2023-11-26,procesando,406.24,18,280,85.31,698.43,bank_transfer,standard,,
1587,ORD-20240113-01587,158,2024-01-13,cancelado,3527.49,15,120,740.77,3859.14,credit_card,standard,,
1588,ORD-20230228-01588,118,2023-02-28,cancelado,3459.49,4,60,726.49,4107.6,cash_on_delivery,express,,
1589,ORD-20250519-01589,398,2025-05-19,enviado,2323.23,1,420,487.88,3207.88,debit_card,same_day,,Nota del cliente: Entregar por la tarde
1590,ORD-20240921-01590,54,2024-09-21,enviado,4264.58,5,340,895.56,5286.91,paypal,standard,3,Nota del cliente: Entregar por la tarde
1591,ORD-20240116-01591,12,2024-01-16,cancelado,5604.99,4,170,1177.05,6727.84,cash_on_delivery,express,,
1592,ORD-20240118-01592,310,2024-01-18,pendiente,5287.12,11,100,1110.3,5915.84,paypal,standard,,Nota del cliente: Dejar en portería
1593,ORD-20251031-01593,430,2025-10-31,pendiente,2167,8,300,455.07,2748.71,bank_transfer,standard,9,
1594,ORD-20240103-01594,285,2024-01-03,procesando,1047.21,19,80,219.91,1148.15,paypal,express,,
1595,ORD-20240707-01595,238,2024-07-07,cancelado,1961.26,12,450,411.86,2587.77,bank_transfer,pickup,8,
1596,ORD-20250801-01596,107,2025-08-01,entregado,1093.1,16,70,229.55,1217.75,bank_transfer,express,,
1597,ORD-20230119-01597,165,2023-01-19,entregado,3078.88,13,150,646.56,3475.19,credit_card,pickup,,
1598,ORD-20250528-01598,364,2025-05-28,cancelado,4835.54,7,450,1015.46,5962.51,paypal,pickup,,Nota del cliente: Entregar por la tarde
1599,ORD-20230820-01599,264,2023-08-20,pendiente,1439.94,8,20,302.39,1647.13,credit_card,same_day,,
1600,ORD-20241011-01600,291,2024-10-11,entregado,392.62,9,370,82.45,809.73,debit_card,same_day,,
1601,ORD-20250703-01601,312,2025-07-03,cancelado,975.87,13,370,204.93,1423.94,debit_card,express,,
1602,ORD-20241207-01602,285,2024-12-07,pendiente,607.74,13,480,127.63,1136.36,debit_card,pickup,,
1603,ORD-20240805-01603,481,2024-08-05,enviado,2415.85,12,130,507.33,2763.28,bank_transfer,express,,
1604,ORD-20240707-01604,431,2024-07-07,cancelado,200.38,0,60,42.08,302.46,paypal,same_day,6,
1605,ORD-20231017-01605,307,2023-10-17,pendiente,388,15,410,81.48,821.28,credit_card,same_day,,
1606,ORD-20230711-01606,85,2023-07-11,entregado,459.36,4,370,96.47,907.46,bank_transfer,standard,2,
1607,ORD-20260308-01607,459,2026-03-08,procesando,2990.82,17,300,628.07,3410.45,cash_on_delivery,standard,,
1608,ORD-20240519-01608,336,2024-05-19,pendiente,451.42,1,350,94.8,891.71,debit_card,pickup,,Nota del cliente: Dejar en portería
1609,ORD-20250703-01609,124,2025-07-03,pendiente,643.6,20,20,135.16,670.04,cash_on_delivery,same_day,,
1610,ORD-20240718-01610,136,2024-07-18,cancelado,800.4,5,350,168.08,1278.46,cash_on_delivery,same_day,,Nota del cliente: Envolver para regalo
1611,ORD-20250222-01611,316,2025-02-22,entregado,1372.5,9,440,288.23,1977.21,credit_card,standard,,
1612,ORD-20250713-01612,313,2025-07-13,procesando,1435.31,6,410,301.42,2060.61,bank_transfer,standard,,
1613,ORD-20240604-01613,83,2024-06-04,procesando,2626.24,8,220,551.51,3187.65,bank_transfer,pickup,,
1614,ORD-20260202-01614,289,2026-02-02,cancelado,83.44,0,360,17.52,460.96,cash_on_delivery,same_day,3,Nota del cliente: Llamar antes
1615,ORD-20250821-01615,334,2025-08-21,procesando,4255.6,11,140,893.68,4821.16,debit_card,pickup,,Nota del cliente: Envolver para regalo
1616,ORD-20240925-01616,164,2024-09-25,pendiente,2058.87,18,350,432.36,2470.63,cash_on_delivery,same_day,,
1617,ORD-20240609-01617,370,2024-06-09,pendiente,242.08,14,50,50.84,309.03,bank_transfer,express,,
1618,ORD-20240228-01618,204,2024-02-28,enviado,442.92,18,110,93.01,566.2,debit_card,pickup,3,
1619,ORD-20231205-01619,171,2023-12-05,enviado,2087.3,16,460,438.33,2651.66,bank_transfer,express,,
1620,ORD-20240126-01620,180,2024-01-26,enviado,310.4,4,240,65.18,603.16,debit_card,pickup,8,
1621,ORD-20260202-01621,489,2026-02-02,procesando,2384.8,14,240,500.81,2791.74,bank_transfer,express,,
1622,ORD-20250509-01622,467,2025-05-09,entregado,1291.69,4,200,271.25,1711.27,bank_transfer,same_day,1,
1623,ORD-20230703-01623,420,2023-07-03,enviado,2136.94,14,170,448.76,2456.53,credit_card,express,,
1624,ORD-20230524-01624,399,2023-05-24,enviado,960.76,6,350,201.76,1454.87,debit_card,standard,,
1625,ORD-20250622-01625,15,2025-06-22,enviado,905.65,5,10,190.19,1060.56,bank_transfer,express,,Nota del cliente: Dejar en portería
1626,ORD-20250303-01626,92,2025-03-03,cancelado,152.2,9,120,31.96,290.46,bank_transfer,standard,1,
1627,ORD-20250526-01627,334,2025-05-26,pendiente,2037.76,7,340,427.93,2663.05,credit_card,same_day,,Nota del cliente: Envolver para regalo
1628,ORD-20250412-01628,6,2025-04-12,procesando,3809.38,4,490,799.97,4946.97,cash_on_delivery,same_day,7,
1629,ORD-20240415-01629,167,2024-04-15,enviado,724.52,4,80,152.15,927.69,debit_card,pickup,8,Nota del cliente: Envolver para regalo
1630,ORD-20230517-01630,360,2023-05-17,pendiente,2008.92,0,420,421.87,2850.79,cash_on_delivery,pickup,5,
1631,ORD-20251117-01631,425,2025-11-17,enviado,996.06,15,340,209.17,1395.82,debit_card,pickup,8,
1632,ORD-20230603-01632,471,2023-06-03,cancelado,3651.16,9,90,766.74,4179.3,cash_on_delivery,same_day,,
1633,ORD-20250227-01633,254,2025-02-27,pendiente,1593.67,7,250,334.67,2066.78,credit_card,express,,
1634,ORD-20250723-01634,357,2025-07-23,entregado,744.3,9,310,156.3,1143.61,cash_on_delivery,express,,
1635,ORD-20230605-01635,407,2023-06-05,procesando,3032.54,5,470,636.83,3987.74,credit_card,express,3,
1636,ORD-20231221-01636,126,2023-12-21,procesando,2988.25,7,420,627.53,3826.6,debit_card,standard,4,
1637,ORD-20250519-01637,457,2025-05-19,enviado,7071.33,0,30,1484.98,8586.31,credit_card,pickup,,
1638,ORD-20240108-01638,8,2024-01-08,cancelado,2433.64,2,170,511.06,3066.03,debit_card,pickup,,
1639,ORD-20250130-01639,123,2025-01-30,pendiente,829.1,20,20,174.11,857.39,bank_transfer,standard,,
1640,ORD-20241212-01640,480,2024-12-12,cancelado,1134.06,3,440,238.15,1778.19,paypal,same_day,4,Nota del cliente: Llamar antes
1641,ORD-20251027-01641,148,2025-10-27,cancelado,4344.8,15,160,912.41,4765.49,paypal,express,,
1642,ORD-20230728-01642,27,2023-07-28,enviado,3717.26,11,120,780.62,4208.98,cash_on_delivery,standard,3,
1643,ORD-20240625-01643,289,2024-06-25,cancelado,1226.54,7,480,257.57,1878.25,cash_on_delivery,same_day,3,Nota del cliente: Envolver para regalo
1644,ORD-20251123-01644,418,2025-11-23,cancelado,4371.28,3,500,917.97,5658.11,credit_card,same_day,10,
1645,ORD-20230407-01645,4,2023-04-07,cancelado,1087.84,18,90,228.45,1210.48,paypal,standard,2,Nota del cliente: Envolver para regalo
1646,ORD-20251228-01646,200,2025-12-28,procesando,2072.85,14,370,435.3,2587.95,bank_transfer,standard,,
1647,ORD-20240421-01647,465,2024-04-21,pendiente,412.16,11,230,86.55,683.37,paypal,pickup,,
1648,ORD-20241106-01648,147,2024-11-06,entregado,4051.27,12,90,850.77,4505.89,credit_card,standard,,
1649,ORD-20241229-01649,6,2024-12-29,cancelado,653.1,0,110,137.15,900.25,cash_on_delivery,pickup,,
1650,ORD-20251009-01650,447,2025-10-09,procesando,461.01,5,60,96.81,594.77,bank_transfer,pickup,3,
1651,ORD-20240706-01651,363,2024-07-06,enviado,1591.76,20,330,334.27,1937.68,cash_on_delivery,pickup,,
1652,ORD-20240321-01652,39,2024-03-21,procesando,3396.75,13,140,713.32,3808.49,bank_transfer,pickup,,
1653,ORD-20260103-01653,232,2026-01-03,enviado,1654.18,11,470,347.38,2289.6,bank_transfer,same_day,,
1654,ORD-20240213-01654,233,2024-02-13,procesando,250.15,13,180,52.53,450.16,debit_card,express,,
1655,ORD-20230928-01655,238,2023-09-28,enviado,2822.62,18,410,592.75,3317.3,debit_card,express,4,
1656,ORD-20250106-01656,278,2025-01-06,cancelado,1677.77,20,210,352.33,1904.55,paypal,same_day,,
1657,ORD-20250306-01657,133,2025-03-06,procesando,357.85,1,270,75.15,699.42,debit_card,pickup,,
1658,ORD-20230526-01658,455,2023-05-26,enviado,4630.51,17,340,972.41,5155.73,debit_card,standard,,
1659,ORD-20230408-01659,272,2023-04-08,entregado,4860.76,13,410,1020.76,5659.62,bank_transfer,same_day,,
1660,ORD-20241018-01660,306,2024-10-18,pendiente,482.87,12,390,101.4,916.33,bank_transfer,standard,5,Nota del cliente: Entregar por la tarde
1661,ORD-20240501-01661,497,2024-05-01,cancelado,3889.17,13,260,816.73,4460.31,bank_transfer,standard,,
1662,ORD-20250709-01662,413,2025-07-09,cancelado,2935.37,13,50,616.43,3220.2,paypal,standard,,
1663,ORD-20260201-01663,359,2026-02-01,pendiente,4003.05,17,270,840.64,4433.17,paypal,express,,
1664,ORD-20250919-01664,152,2025-09-19,entregado,526.83,7,90,110.63,690.58,credit_card,pickup,7,
1665,ORD-20241024-01665,112,2024-10-24,entregado,2004.2,7,470,420.88,2754.79,credit_card,express,,
1666,ORD-20241215-01666,497,2024-12-15,enviado,4631.34,4,390,972.58,5808.67,bank_transfer,same_day,,Nota del cliente: Dejar en portería
1667,ORD-20260223-01667,296,2026-02-23,procesando,1756.68,13,180,368.9,2077.21,credit_card,express,,
1668,ORD-20240629-01668,281,2024-06-29,entregado,1559.98,1,110,327.6,1981.98,credit_card,pickup,,
1669,ORD-20241224-01669,146,2024-12-24,entregado,2348.42,4,60,493.17,2807.65,paypal,same_day,,
1670,ORD-20251120-01670,65,2025-11-20,procesando,950.45,15,490,199.59,1497.47,cash_on_delivery,standard,,
1671,ORD-20230331-01671,156,2023-03-31,entregado,602.1,7,470,126.44,1156.39,paypal,express,,
1672,ORD-20241118-01672,365,2024-11-18,procesando,266.65,18,50,56,324.65,cash_on_delivery,same_day,8,
1673,ORD-20241223-01673,326,2024-12-23,cancelado,167.24,14,310,35.12,488.95,credit_card,standard,,
1674,ORD-20230521-01674,419,2023-05-21,procesando,47.48,15,160,9.97,210.33,cash_on_delivery,pickup,,
1675,ORD-20230706-01675,175,2023-07-06,procesando,1497.19,3,500,314.41,2266.68,debit_card,same_day,5,
1676,ORD-20241220-01676,226,2024-12-20,pendiente,2328.65,17,20,489.02,2441.8,credit_card,pickup,,
1677,ORD-20250503-01677,233,2025-05-03,cancelado,2169.65,2,430,455.63,3011.89,bank_transfer,same_day,,
1678,ORD-20250312-01678,8,2025-03-12,cancelado,234.45,1,360,49.23,641.34,paypal,pickup,5,
1679,ORD-20260223-01679,369,2026-02-23,cancelado,1284,11,190,269.64,1602.4,credit_card,express,,
1680,ORD-20240903-01680,449,2024-09-03,entregado,2667.51,3,390,560.18,3537.66,bank_transfer,standard,,
1681,ORD-20250419-01681,75,2025-04-19,enviado,3138.56,13,400,659.1,3789.65,credit_card,standard,,Nota del cliente: Envolver para regalo
1682,ORD-20250903-01682,174,2025-09-03,procesando,402.25,5,400,84.47,866.61,bank_transfer,standard,3,
1683,ORD-20250122-01683,460,2025-01-22,entregado,4956.61,10,320,1040.89,5821.84,debit_card,express,,
1684,ORD-20250417-01684,344,2025-04-17,entregado,4168.61,7,10,875.41,4762.22,debit_card,same_day,,Nota del cliente: Entregar por la tarde
1685,ORD-20240426-01685,123,2024-04-26,enviado,2683.47,2,10,563.53,3203.33,credit_card,express,,Nota del cliente: Llamar antes
1686,ORD-20230819-01686,1,2023-08-19,enviado,2157.19,8,110,453.01,2547.62,cash_on_delivery,express,,
1687,ORD-20241015-01687,240,2024-10-15,cancelado,3743.12,16,430,786.06,4360.28,cash_on_delivery,same_day,,
1688,ORD-20240616-01688,304,2024-06-16,entregado,468.9,17,110,98.47,597.66,debit_card,standard,8,
1689,ORD-20230929-01689,237,2023-09-29,entregado,653.52,14,480,137.24,1179.27,paypal,pickup,10,
1690,ORD-20230412-01690,9,2023-04-12,procesando,2492.67,11,0,523.46,2741.94,cash_on_delivery,standard,,
1691,ORD-20250407-01691,151,2025-04-07,procesando,276,9,500,57.96,809.12,debit_card,same_day,4,Nota del cliente: Entregar por la tarde
1692,ORD-20241215-01692,305,2024-12-15,cancelado,1858.75,0,180,390.34,2429.09,bank_transfer,same_day,4,
1693,ORD-20240627-01693,116,2024-06-27,entregado,2512.17,18,340,527.56,2927.54,cash_on_delivery,express,,Nota del cliente: Entregar por la tarde
1694,ORD-20251221-01694,189,2025-12-21,pendiente,3640.65,6,490,764.54,4676.75,paypal,standard,,Nota del cliente: Llamar antes
1695,ORD-20240223-01695,474,2024-02-23,cancelado,304.16,19,360,63.87,670.24,cash_on_delivery,standard,,
1696,ORD-20250213-01696,86,2025-02-13,enviado,1562.2,13,0,328.06,1687.17,debit_card,pickup,,
1697,ORD-20250707-01697,446,2025-07-07,enviado,110.4,10,230,23.18,352.54,bank_transfer,standard,,
1698,ORD-20230623-01698,37,2023-06-23,enviado,399.15,8,360,83.82,811.04,paypal,express,,Nota del cliente: Entregar por la tarde
1699,ORD-20260221-01699,142,2026-02-21,procesando,2995.22,6,400,629,3844.51,cash_on_delivery,standard,,
1700,ORD-20260128-01700,461,2026-01-28,cancelado,1178.82,10,250,247.55,1558.49,cash_on_delivery,pickup,7,
1701,ORD-20230628-01701,453,2023-06-28,enviado,1999.56,4,400,419.91,2739.49,credit_card,express,,
1702,ORD-20241227-01702,210,2024-12-27,pendiente,260.99,18,490,54.81,758.82,paypal,same_day,5,
1703,ORD-20240519-01703,392,2024-05-19,entregado,2762.84,7,500,580.2,3649.64,bank_transfer,pickup,,
1704,ORD-20230518-01704,285,2023-05-18,cancelado,3514.57,16,160,738.06,3850.3,credit_card,pickup,,
1705,ORD-20250317-01705,416,2025-03-17,enviado,1598.36,10,0,335.66,1774.18,paypal,standard,,
1706,ORD-20241202-01706,19,2024-12-02,procesando,470.24,15,260,98.75,758.45,cash_on_delivery,standard,4,
1707,ORD-20250413-01707,186,2025-04-13,enviado,989.2,7,490,207.73,1617.69,debit_card,standard,,
1708,ORD-20250724-01708,26,2025-07-24,entregado,575.94,8,440,120.95,1090.81,cash_on_delivery,standard,6,
1709,ORD-20250112-01709,371,2025-01-12,entregado,4634.97,14,180,973.34,5139.41,debit_card,standard,7,
1710,ORD-20240216-01710,11,2024-02-16,pendiente,4219.01,12,350,885.99,4948.72,bank_transfer,same_day,,Nota del cliente: Llamar antes
1711,ORD-20241013-01711,271,2024-10-13,cancelado,2187.55,0,180,459.39,2826.94,paypal,same_day,,
1712,ORD-20241025-01712,439,2024-10-25,procesando,220.8,10,190,46.37,435.09,credit_card,standard,,Nota del cliente: Envolver para regalo
1713,ORD-20260206-01713,99,2026-02-06,procesando,3758.04,12,390,789.19,4486.27,cash_on_delivery,standard,,
1714,ORD-20240212-01714,255,2024-02-12,enviado,1032.51,9,90,216.83,1246.41,paypal,same_day,,
1715,ORD-20250924-01715,24,2025-09-24,cancelado,2009.31,15,400,421.96,2529.87,credit_card,same_day,,
1716,ORD-20240907-01716,431,2024-09-07,entregado,5543.32,6,340,1164.1,6714.82,paypal,standard,,
1717,ORD-20240709-01717,128,2024-07-09,cancelado,2580.87,11,60,541.98,2898.95,debit_card,pickup,,
1718,ORD-20251214-01718,250,2025-12-14,procesando,3775,14,200,792.75,4239.25,credit_card,express,6,
1719,ORD-20240116-01719,374,2024-01-16,pendiente,1442.68,5,70,302.96,1743.51,debit_card,standard,,
1720,ORD-20241005-01720,397,2024-10-05,entregado,7344.48,20,390,1542.34,7807.92,cash_on_delivery,pickup,,
1721,ORD-20230724-01721,58,2023-07-24,enviado,4518.99,16,310,948.99,5054.94,bank_transfer,express,,
1722,ORD-20230213-01722,224,2023-02-13,cancelado,1565.92,0,320,328.84,2214.76,credit_card,pickup,5,Nota del cliente: Entregar por la tarde
1723,ORD-20251009-01723,170,2025-10-09,procesando,2451.04,5,320,514.72,3163.21,bank_transfer,pickup,6,
1724,ORD-20240626-01724,36,2024-06-26,cancelado,1430.88,3,400,300.48,2088.43,bank_transfer,express,,
1725,ORD-20251128-01725,63,2025-11-28,entregado,2861.4,17,190,600.89,3165.85,bank_transfer,pickup,4,
1726,ORD-20230416-01726,326,2023-04-16,entregado,2699.3,13,390,566.85,3305.24,paypal,express,,
1727,ORD-20250925-01727,240,2025-09-25,cancelado,1436.04,11,90,301.57,1669.65,credit_card,express,,Nota del cliente: Envolver para regalo
1728,ORD-20230809-01728,8,2023-08-09,enviado,1193.16,0,70,250.56,1513.72,paypal,standard,,
1729,ORD-20250509-01729,6,2025-05-09,pendiente,1031.66,10,430,216.65,1575.14,bank_transfer,pickup,,
1730,ORD-20260224-01730,197,2026-02-24,pendiente,1502.24,10,500,315.47,2167.49,credit_card,express,,
1731,ORD-20240210-01731,181,2024-02-10,enviado,4585.08,13,330,962.87,5281.89,debit_card,same_day,5,
1732,ORD-20250901-01732,339,2025-09-01,cancelado,804.73,18,40,168.99,868.87,bank_transfer,same_day,,
1733,ORD-20231001-01733,273,2023-10-01,entregado,4071.98,5,460,855.12,5183.5,bank_transfer,pickup,,Nota del cliente: Envolver para regalo
1734,ORD-20230301-01734,273,2023-03-01,procesando,2224.38,18,410,467.12,2701.11,credit_card,pickup,,
1735,ORD-20251116-01735,57,2025-11-16,cancelado,1357.41,10,210,285.06,1716.73,paypal,standard,,
1736,ORD-20241231-01736,456,2024-12-31,procesando,3529.39,9,190,741.17,4142.91,paypal,pickup,,
1737,ORD-20250917-01737,132,2025-09-17,entregado,3897,6,420,818.37,4901.55,credit_card,express,,
1738,ORD-20240305-01738,32,2024-03-05,enviado,214.73,12,440,45.09,674.05,bank_transfer,pickup,,
1739,ORD-20231218-01739,53,2023-12-18,entregado,102.8,6,170,21.59,288.22,cash_on_delivery,pickup,,
1740,ORD-20250612-01740,46,2025-06-12,cancelado,3536.33,13,490,742.63,4309.24,cash_on_delivery,same_day,,
1741,ORD-20240909-01741,427,2024-09-09,entregado,2157.07,5,220,452.98,2722.2,paypal,pickup,,Nota del cliente: Entregar por la tarde
1742,ORD-20231101-01742,24,2023-11-01,entregado,2434.04,0,430,511.15,3375.19,credit_card,same_day,10,
1743,ORD-20241030-01743,464,2024-10-30,enviado,2587.59,9,200,543.39,3098.1,credit_card,standard,,
1744,ORD-20250402-01744,149,2025-04-02,cancelado,5376.43,15,80,1129.05,5779.02,paypal,standard,6,
1745,ORD-20241007-01745,273,2024-10-07,cancelado,2804.98,8,320,589.05,3489.63,cash_on_delivery,standard,,
1746,ORD-20241003-01746,156,2024-10-03,procesando,817.8,7,410,171.74,1342.29,paypal,same_day,,Nota del cliente: Envolver para regalo
1747,ORD-20231219-01747,80,2023-12-19,pendiente,2692.83,10,40,565.49,3029.04,debit_card,pickup,1,
1748,ORD-20240117-01748,278,2024-01-17,entregado,2295.11,17,450,481.97,2836.91,cash_on_delivery,pickup,,Nota del cliente: Envolver para regalo
1749,ORD-20250317-01749,452,2025-03-17,entregado,1045.43,1,480,219.54,1734.52,paypal,standard,,Nota del cliente: Llamar antes
1750,ORD-20240426-01750,63,2024-04-26,cancelado,235.12,3,190,49.38,467.45,cash_on_delivery,same_day,,
1751,ORD-20240329-01751,327,2024-03-29,entregado,2874.15,2,360,603.57,3780.24,debit_card,pickup,3,
1752,ORD-20241024-01752,495,2024-10-24,cancelado,1332.96,7,320,279.92,1839.57,paypal,pickup,,Nota del cliente: Llamar antes
1753,ORD-20250531-01753,478,2025-05-31,procesando,1986.2,11,350,417.1,2534.82,credit_card,standard,,
1754,ORD-20241122-01754,462,2024-11-22,procesando,1316.72,20,280,276.51,1609.89,cash_on_delivery,pickup,,Nota del cliente: Llamar antes
1755,ORD-20240816-01755,89,2024-08-16,entregado,4918.76,14,500,1032.94,5763.07,credit_card,same_day,,
1756,ORD-20250330-01756,425,2025-03-30,entregado,1797.46,4,40,377.47,2143.03,cash_on_delivery,pickup,,
1757,ORD-20230328-01757,369,2023-03-28,pendiente,1904.93,13,290,400.04,2347.33,bank_transfer,same_day,,
1758,ORD-20250505-01758,253,2025-05-05,enviado,566.45,8,450,118.95,1090.08,credit_card,standard,,
1759,ORD-20240606-01759,189,2024-06-06,pendiente,2311.71,0,150,485.46,2947.17,bank_transfer,pickup,7,
1760,ORD-20231102-01760,470,2023-11-02,entregado,4564.02,13,420,958.44,5349.14,credit_card,pickup,10,
1761,ORD-20250504-01761,471,2025-05-04,entregado,3560.25,5,60,747.65,4189.89,debit_card,same_day,,
1762,ORD-20230123-01762,13,2023-01-23,procesando,4838.25,0,460,1016.03,6314.28,credit_card,standard,,
1763,ORD-20240923-01763,189,2024-09-23,entregado,142.14,2,320,29.85,489.15,debit_card,same_day,,
1764,ORD-20250717-01764,396,2025-07-17,cancelado,1573.94,2,310,330.53,2182.99,debit_card,express,,
1765,ORD-20240511-01765,220,2024-05-11,pendiente,2478.18,3,20,520.42,2944.25,paypal,pickup,10,
1766,ORD-20250831-01766,490,2025-08-31,pendiente,1976.7,13,290,415.11,2424.84,credit_card,pickup,,
1767,ORD-20241218-01767,448,2024-12-18,cancelado,2234.92,12,20,469.33,2456.06,cash_on_delivery,express,,
1768,ORD-20250204-01768,114,2025-02-04,cancelado,1424.34,15,500,299.11,2009.8,debit_card,standard,,
1769,ORD-20240422-01769,399,2024-04-22,cancelado,3253.44,4,410,683.22,4216.52,debit_card,same_day,,
1770,ORD-20251013-01770,205,2025-10-13,procesando,4036.57,8,290,847.68,4851.32,bank_transfer,same_day,,
1771,ORD-20231109-01771,319,2023-11-09,procesando,2829.2,19,420,594.13,3305.78,bank_transfer,pickup,,Nota del cliente: Entregar por la tarde
1772,ORD-20241028-01772,60,2024-10-28,procesando,916.7,12,20,192.51,1019.21,cash_on_delivery,express,,
1773,ORD-20251203-01773,12,2025-12-03,entregado,2226.94,13,260,467.66,2665.1,cash_on_delivery,same_day,1,
1774,ORD-20230320-01774,434,2023-03-20,enviado,2012.05,11,220,422.53,2433.25,paypal,express,3,
1775,ORD-20251127-01775,50,2025-11-27,cancelado,153.42,9,90,32.22,261.83,cash_on_delivery,pickup,4,
1776,ORD-20250929-01776,237,2025-09-29,cancelado,2941.06,15,420,617.62,3537.52,credit_card,standard,,
1777,ORD-20240301-01777,336,2024-03-01,procesando,18.87,10,120,3.96,140.94,bank_transfer,same_day,,
1778,ORD-20230307-01778,411,2023-03-07,entregado,1848.31,17,190,388.15,2112.25,cash_on_delivery,pickup,,
1779,ORD-20250205-01779,159,2025-02-05,procesando,3686.56,10,40,774.18,4132.08,cash_on_delivery,standard,,
1780,ORD-20251227-01780,423,2025-12-27,enviado,74.4,12,50,15.62,131.09,cash_on_delivery,express,,
1781,ORD-20240704-01781,15,2024-07-04,pendiente,2207.23,19,480,463.52,2731.38,credit_card,pickup,,
1782,ORD-20240805-01782,57,2024-08-05,enviado,75.48,20,470,15.85,546.23,debit_card,pickup,,
1783,ORD-20240515-01783,167,2024-05-15,pendiente,5426.61,10,50,1139.59,6073.54,debit_card,pickup,5,
1784,ORD-20240731-01784,199,2024-07-31,pendiente,435.77,15,310,91.51,771.91,bank_transfer,pickup,,
1785,ORD-20240702-01785,61,2024-07-02,cancelado,3599.16,13,330,755.82,4217.09,cash_on_delivery,same_day,,
1786,ORD-20250104-01786,20,2025-01-04,cancelado,3481.35,10,20,731.08,3884.3,bank_transfer,same_day,,Nota del cliente: Entregar por la tarde
1787,ORD-20250224-01787,436,2025-02-24,cancelado,2517.18,14,40,528.61,2733.38,bank_transfer,pickup,,
1788,ORD-20230830-01788,343,2023-08-30,pendiente,1037.74,1,160,217.93,1405.29,paypal,pickup,,Nota del cliente: Entregar por la tarde
1789,ORD-20240623-01789,108,2024-06-23,pendiente,4516.83,7,310,948.53,5459.18,cash_on_delivery,pickup,,Nota del cliente: Entregar por la tarde
1790,ORD-20260221-01790,192,2026-02-21,pendiente,2297.66,10,120,482.51,2670.4,credit_card,same_day,,
1791,ORD-20231126-01791,371,2023-11-26,cancelado,1851.16,11,200,388.74,2236.27,bank_transfer,pickup,3,
1792,ORD-20241013-01792,27,2024-10-13,procesando,2553.8,8,150,536.3,3035.8,cash_on_delivery,standard,,
1793,ORD-20250213-01793,304,2025-02-13,pendiente,1190.15,11,250,249.93,1559.16,bank_transfer,same_day,,
1794,ORD-20250728-01794,236,2025-07-28,enviado,3549.08,5,430,745.31,4546.94,credit_card,same_day,,
1795,ORD-20260208-01795,100,2026-02-08,procesando,300.65,18,460,63.14,769.67,bank_transfer,express,10,
1796,ORD-20260226-01796,82,2026-02-26,cancelado,3261.87,19,210,684.99,3537.1,cash_on_delivery,same_day,,
1797,ORD-20240727-01797,178,2024-07-27,pendiente,315.3,3,340,66.21,712.05,debit_card,same_day,,
1798,ORD-20260306-01798,286,2026-03-06,pendiente,1771.68,5,90,372.05,2145.15,cash_on_delivery,pickup,,
1799,ORD-20240816-01799,139,2024-08-16,cancelado,1944.3,13,290,408.3,2389.84,credit_card,standard,,
1800,ORD-20240510-01800,432,2024-05-10,entregado,4703.19,5,230,987.67,5685.7,bank_transfer,same_day,1,
1801,ORD-20230415-01801,19,2023-04-15,cancelado,4988.11,5,200,1047.5,5986.2,paypal,standard,,
1802,ORD-20230103-01802,459,2023-01-03,entregado,5111.44,6,90,1073.4,5968.15,bank_transfer,express,,Nota del cliente: Envolver para regalo
1803,ORD-20260215-01803,483,2026-02-15,procesando,577.64,17,300,121.3,900.74,paypal,express,,
1804,ORD-20250606-01804,79,2025-06-06,entregado,2188.05,18,270,459.49,2523.69,bank_transfer,same_day,,
1805,ORD-20240902-01805,291,2024-09-02,procesando,1609.36,6,260,337.97,2110.77,bank_transfer,express,,
1806,ORD-20240416-01806,129,2024-04-16,entregado,315.06,2,90,66.16,464.92,credit_card,pickup,,
1807,ORD-20230127-01807,203,2023-01-27,entregado,874.48,3,250,183.64,1281.89,paypal,express,,Nota del cliente: Entregar por la tarde
1808,ORD-20250601-01808,378,2025-06-01,enviado,61.32,14,50,12.88,115.62,cash_on_delivery,same_day,,
1809,ORD-20251021-01809,147,2025-10-21,enviado,3928.83,4,240,825.05,4836.73,debit_card,pickup,10,
1810,ORD-20260208-01810,431,2026-02-08,procesando,505.17,4,140,106.09,731.05,paypal,express,,
1811,ORD-20231007-01811,371,2023-10-07,enviado,590.54,17,310,124.01,924.16,bank_transfer,same_day,,
1812,ORD-20250224-01812,51,2025-02-24,pendiente,3947.75,12,200,829.03,4503.05,credit_card,pickup,4,
1813,ORD-20230426-01813,200,2023-04-26,pendiente,810.4,15,90,170.18,949.02,paypal,express,,Nota del cliente: Entregar por la tarde
1814,ORD-20250326-01814,166,2025-03-26,pendiente,3413.92,14,270,716.92,3922.89,paypal,same_day,8,Nota del cliente: Entregar por la tarde
1815,ORD-20230507-01815,24,2023-05-07,pendiente,2486.39,17,340,522.14,2925.84,debit_card,standard,,
1816,ORD-20250802-01816,251,2025-08-02,enviado,423.15,6,100,88.86,586.62,cash_on_delivery,standard,,
1817,ORD-20230224-01817,472,2023-02-24,enviado,2305.05,0,340,484.06,3129.11,bank_transfer,express,,
1818,ORD-20231228-01818,374,2023-12-28,pendiente,2289.86,14,10,480.87,2460.15,paypal,same_day,,
1819,ORD-20241007-01819,283,2024-10-07,entregado,126.12,2,160,26.49,310.09,bank_transfer,pickup,2,
1820,ORD-20250901-01820,261,2025-09-01,pendiente,4388.94,11,170,921.68,4997.84,cash_on_delivery,same_day,,
1821,ORD-20230422-01821,326,2023-04-22,entregado,38.05,1,230,7.99,275.66,cash_on_delivery,pickup,,Nota del cliente: Dejar en portería
1822,ORD-20230522-01822,330,2023-05-22,cancelado,678.76,7,400,142.54,1173.79,paypal,same_day,8,
1823,ORD-20250103-01823,255,2025-01-03,procesando,2387.79,2,500,501.44,3341.47,debit_card,same_day,8,
1824,ORD-20230801-01824,245,2023-08-01,pendiente,2766.74,16,420,581.02,3325.08,credit_card,express,,
1825,ORD-20251114-01825,370,2025-11-14,cancelado,1574.47,18,470,330.64,2091.71,bank_transfer,standard,,
1826,ORD-20230407-01826,19,2023-04-07,procesando,2476.19,11,270,520,2993.81,credit_card,same_day,,Nota del cliente: Dejar en portería
1827,ORD-20240928-01827,487,2024-09-28,cancelado,951.05,5,440,199.72,1543.22,credit_card,standard,,
1828,ORD-20241208-01828,214,2024-12-08,pendiente,997.95,16,290,209.57,1337.85,cash_on_delivery,pickup,4,
1829,ORD-20250412-01829,443,2025-04-12,procesando,1029.75,13,310,216.25,1422.13,debit_card,same_day,,Nota del cliente: Llamar antes
1830,ORD-20251015-01830,177,2025-10-15,procesando,1697.28,19,10,356.43,1741.23,cash_on_delivery,pickup,,
1831,ORD-20240518-01831,335,2024-05-18,procesando,4974.62,7,260,1044.67,5931.07,credit_card,pickup,,Nota del cliente: Entregar por la tarde
1832,ORD-20250209-01832,470,2025-02-09,enviado,587.29,9,490,123.33,1147.76,credit_card,same_day,7,
1833,ORD-20240906-01833,446,2024-09-06,pendiente,1772.13,0,490,372.15,2634.28,credit_card,express,,
1834,ORD-20251209-01834,124,2025-12-09,enviado,3944.29,5,220,828.3,4795.38,paypal,pickup,,
1835,ORD-20240323-01835,215,2024-03-23,procesando,1181.32,0,270,248.08,1699.4,bank_transfer,pickup,,
1836,ORD-20240613-01836,481,2024-06-13,enviado,1972.95,10,220,414.32,2409.98,credit_card,standard,,
1837,ORD-20250322-01837,392,2025-03-22,pendiente,849.06,3,40,178.3,1041.89,debit_card,pickup,,
1838,ORD-20231008-01838,163,2023-10-08,entregado,3796.05,9,360,797.17,4611.58,debit_card,same_day,,Nota del cliente: Envolver para regalo
1839,ORD-20240305-01839,471,2024-03-05,cancelado,272.6,8,340,57.25,648.04,bank_transfer,express,10,Nota del cliente: Envolver para regalo
1840,ORD-20240404-01840,66,2024-04-04,enviado,232.8,15,70,48.89,316.77,paypal,express,10,
1841,ORD-20250624-01841,183,2025-06-24,enviado,3477.4,3,230,730.25,4333.33,bank_transfer,express,7,Nota del cliente: Entregar por la tarde
1842,ORD-20251002-01842,494,2025-10-02,cancelado,1693.32,14,100,355.6,1911.86,bank_transfer,standard,,
1843,ORD-20230102-01843,40,2023-01-02,cancelado,1862.92,1,80,391.21,2315.5,debit_card,pickup,3,
1844,ORD-20240211-01844,87,2024-02-11,cancelado,2806.78,16,280,589.42,3227.12,paypal,pickup,,
1845,ORD-20240403-01845,31,2024-04-03,enviado,263.13,11,430,55.26,719.45,bank_transfer,express,,
1846,ORD-20230808-01846,457,2023-08-08,enviado,742.67,8,260,155.96,1099.22,cash_on_delivery,same_day,9,
1847,ORD-20250404-01847,11,2025-04-04,enviado,2287.78,9,0,480.43,2562.31,bank_transfer,standard,8,
1848,ORD-20250425-01848,26,2025-04-25,procesando,1339.38,15,450,281.27,1869.74,bank_transfer,standard,,
1849,ORD-20260213-01849,83,2026-02-13,pendiente,2458.66,3,500,516.32,3401.22,debit_card,pickup,,Nota del cliente: Llamar antes
1850,ORD-20240213-01850,267,2024-02-13,cancelado,4323.31,5,290,907.9,5305.04,credit_card,same_day,10,
1851,ORD-20260113-01851,176,2026-01-13,enviado,6904.07,9,280,1449.85,8012.55,cash_on_delivery,same_day,,Nota del cliente: Entregar por la tarde
1852,ORD-20240504-01852,8,2024-05-04,entregado,4454.71,16,130,935.49,4807.45,debit_card,same_day,,
1853,ORD-20241105-01853,88,2024-11-05,procesando,2284.35,1,350,479.71,3091.22,cash_on_delivery,same_day,,Nota del cliente: Entregar por la tarde
1854,ORD-20230724-01854,233,2023-07-24,cancelado,1309.98,15,150,275.1,1538.58,bank_transfer,same_day,,
1855,ORD-20250506-01855,324,2025-05-06,entregado,1913.08,18,330,401.75,2300.48,cash_on_delivery,same_day,,
1856,ORD-20240504-01856,5,2024-05-04,procesando,723.45,12,420,151.92,1208.56,paypal,standard,,
1857,ORD-20250630-01857,467,2025-06-30,cancelado,746.51,12,180,156.77,993.7,credit_card,standard,,Nota del cliente: Envolver para regalo
1858,ORD-20240922-01858,13,2024-09-22,cancelado,439.44,5,300,92.28,809.75,bank_transfer,express,,
1859,ORD-20231004-01859,320,2023-10-04,enviado,6382.94,15,210,1340.42,6975.92,credit_card,express,3,
1860,ORD-20230923-01860,382,2023-09-23,pendiente,466.52,14,500,97.97,999.18,cash_on_delivery,standard,,
1861,ORD-20241024-01861,124,2024-10-24,cancelado,2834.02,11,190,595.14,3307.42,debit_card,standard,,
1862,ORD-20240714-01862,63,2024-07-14,enviado,867.86,19,460,182.25,1345.22,bank_transfer,same_day,9,
1863,ORD-20240816-01863,154,2024-08-16,entregado,2898.94,16,110,608.78,3153.89,bank_transfer,same_day,6,
1864,ORD-20251003-01864,327,2025-10-03,pendiente,1980.05,8,450,415.81,2687.46,cash_on_delivery,standard,,
1865,ORD-20240105-01865,157,2024-01-05,enviado,607.74,12,20,127.63,682.44,bank_transfer,same_day,5,
1866,ORD-20231211-01866,316,2023-12-11,enviado,3688.23,7,140,774.53,4344.58,bank_transfer,express,,Nota del cliente: Envolver para regalo
1867,ORD-20240920-01867,393,2024-09-20,cancelado,4065.31,16,150,853.72,4418.58,credit_card,express,6,
1868,ORD-20241031-01868,167,2024-10-31,enviado,4570.69,9,340,959.84,5459.17,bank_transfer,standard,5,Nota del cliente: Dejar en portería
1869,ORD-20260215-01869,370,2026-02-15,enviado,1701.32,19,320,357.28,2055.35,credit_card,standard,8,Nota del cliente: Entregar por la tarde
1870,ORD-20250908-01870,396,2025-09-08,procesando,4409.83,3,200,926.06,5403.6,paypal,standard,,Nota del cliente: Entregar por la tarde
1871,ORD-20231018-01871,484,2023-10-18,enviado,1875.18,9,170,393.79,2270.2,cash_on_delivery,same_day,,
1872,ORD-20241114-01872,467,2024-11-14,enviado,1634.75,5,100,343.3,1996.31,debit_card,pickup,6,
1873,ORD-20230427-01873,41,2023-04-27,cancelado,1313.11,7,410,275.75,1906.94,cash_on_delivery,express,,
1874,ORD-20230519-01874,25,2023-05-19,procesando,954.59,7,480,200.46,1568.23,debit_card,express,,
1875,ORD-20250712-01875,124,2025-07-12,entregado,3947.25,13,300,828.92,4563.03,cash_on_delivery,express,,
1876,ORD-20230801-01876,35,2023-08-01,enviado,5547.56,9,440,1164.99,6653.27,paypal,express,,
1877,ORD-20230203-01877,358,2023-02-03,entregado,3239.83,19,210,680.36,3514.62,debit_card,pickup,4,
1878,ORD-20240113-01878,394,2024-01-13,procesando,2637.01,4,340,553.77,3425.3,cash_on_delivery,standard,,
1879,ORD-20240307-01879,490,2024-03-07,procesando,3095.43,13,400,650.04,3743.06,credit_card,same_day,,
1880,ORD-20231107-01880,292,2023-11-07,pendiente,1442.1,2,40,302.84,1756.1,bank_transfer,same_day,,Nota del cliente: Entregar por la tarde
1881,ORD-20240607-01881,36,2024-06-07,procesando,2311.18,15,140,485.35,2589.85,credit_card,pickup,3,
1882,ORD-20230804-01882,128,2023-08-04,procesando,1102.56,3,390,231.54,1691.02,bank_transfer,express,,
1883,ORD-20250727-01883,430,2025-07-27,entregado,1684.82,20,260,353.81,1961.67,debit_card,same_day,,
1884,ORD-20240910-01884,391,2024-09-10,procesando,1216.79,5,20,255.53,1431.48,bank_transfer,pickup,,
1885,ORD-20240927-01885,180,2024-09-27,cancelado,2502.16,19,110,525.45,2662.2,debit_card,pickup,9,Nota del cliente: Llamar antes
1886,ORD-20240317-01886,214,2024-03-17,pendiente,2996.71,12,440,629.31,3706.41,credit_card,express,,
1887,ORD-20240212-01887,462,2024-02-12,pendiente,266.65,8,120,56,421.32,credit_card,standard,,Nota del cliente: Envolver para regalo
1888,ORD-20240127-01888,346,2024-01-27,pendiente,260.43,18,200,54.69,468.24,credit_card,pickup,,
1889,ORD-20260211-01889,448,2026-02-11,entregado,998.71,16,40,209.73,1088.65,paypal,pickup,3,
1890,ORD-20240608-01890,241,2024-06-08,entregado,1725.05,1,80,362.26,2150.06,bank_transfer,express,,
1891,ORD-20230205-01891,224,2023-02-05,entregado,1575.04,18,330,330.76,1952.29,debit_card,pickup,5,
1892,ORD-20250302-01892,402,2025-03-02,procesando,2299.19,8,100,482.83,2698.08,cash_on_delivery,pickup,,Nota del cliente: Entregar por la tarde
1893,ORD-20230805-01893,204,2023-08-05,enviado,2758.39,6,450,579.26,3622.15,debit_card,pickup,,
1894,ORD-20241006-01894,118,2024-10-06,cancelado,761.03,4,340,159.82,1230.41,bank_transfer,same_day,,Nota del cliente: Entregar por la tarde
1895,ORD-20240228-01895,423,2024-02-28,procesando,438.33,13,400,92.05,873.4,bank_transfer,express,,
1896,ORD-20250415-01896,342,2025-04-15,procesando,607.8,15,250,127.64,894.27,bank_transfer,same_day,8,
1897,ORD-20230421-01897,420,2023-04-21,procesando,4238.59,5,480,890.1,5396.76,debit_card,standard,10,Nota del cliente: Entregar por la tarde
1898,ORD-20230519-01898,490,2023-05-19,cancelado,187.6,0,250,39.4,477,cash_on_delivery,standard,9,
1899,ORD-20240827-01899,68,2024-08-27,procesando,5097.51,7,110,1070.48,5921.16,debit_card,same_day,2,
1900,ORD-20250816-01900,277,2025-08-16,cancelado,2932.09,16,200,615.74,3278.7,bank_transfer,same_day,10,
1901,ORD-20241010-01901,317,2024-10-10,pendiente,1760.15,7,150,369.63,2156.57,debit_card,express,,
1902,ORD-20250108-01902,444,2025-01-08,pendiente,4365.64,12,290,916.78,5048.54,credit_card,standard,,
1903,ORD-20240802-01903,187,2024-08-02,procesando,4676.98,14,400,982.17,5404.37,credit_card,same_day,4,
1904,ORD-20250611-01904,417,2025-06-11,pendiente,2100.85,20,320,441.18,2441.86,credit_card,same_day,,Nota del cliente: Llamar antes
1905,ORD-20230903-01905,272,2023-09-03,pendiente,2060.3,11,170,432.66,2436.33,debit_card,standard,,
1906,ORD-20231111-01906,405,2023-11-11,entregado,1437.53,3,410,301.88,2106.28,debit_card,same_day,,
1907,ORD-20240511-01907,301,2024-05-11,enviado,2761.47,10,490,579.91,3555.23,bank_transfer,same_day,,Nota del cliente: Dejar en portería
1908,ORD-20250814-01908,118,2025-08-14,enviado,589.28,15,390,123.75,1014.64,debit_card,express,,
1909,ORD-20230330-01909,278,2023-03-30,procesando,2223.21,17,440,466.87,2752.13,paypal,express,8,
1910,ORD-20250906-01910,244,2025-09-06,enviado,3589.62,0,110,753.82,4453.44,credit_card,express,,
1911,ORD-20231127-01911,351,2023-11-27,cancelado,1634.06,3,20,343.15,1948.19,debit_card,standard,,
1912,ORD-20260226-01912,493,2026-02-26,enviado,2854.72,17,120,599.49,3088.91,debit_card,pickup,,
1913,ORD-20230307-01913,450,2023-03-07,entregado,1085.81,15,480,228.02,1630.96,bank_transfer,pickup,4,
1914,ORD-20230304-01914,358,2023-03-04,pendiente,528.64,12,20,111.01,596.21,cash_on_delivery,same_day,7,
1915,ORD-20251220-01915,437,2025-12-20,enviado,1262.6,12,170,265.15,1546.24,cash_on_delivery,pickup,,
1916,ORD-20240709-01916,316,2024-07-09,entregado,847.55,15,140,177.99,1038.41,credit_card,express,8,
1917,ORD-20230109-01917,283,2023-01-09,cancelado,335.13,19,260,70.38,601.84,paypal,express,,
1918,ORD-20240716-01918,242,2024-07-16,procesando,3167.28,6,10,665.13,3652.37,cash_on_delivery,same_day,,
1919,ORD-20240104-01919,304,2024-01-04,procesando,360.67,16,380,75.74,758.7,bank_transfer,pickup,7,
1920,ORD-20231220-01920,262,2023-12-20,enviado,414.94,19,30,87.14,453.24,debit_card,pickup,,
1921,ORD-20260221-01921,230,2026-02-21,procesando,300.57,7,0,63.12,342.65,bank_transfer,express,,
1922,ORD-20230410-01922,262,2023-04-10,enviado,655.86,3,30,137.73,803.91,cash_on_delivery,express,3,
1923,ORD-20250424-01923,449,2025-04-24,enviado,143.14,18,420,30.06,567.43,paypal,same_day,,
1924,ORD-20240130-01924,3,2024-01-30,procesando,3688.8,1,360,774.65,4786.56,paypal,same_day,,
1925,ORD-20241025-01925,370,2024-10-25,cancelado,2033.01,2,60,426.93,2479.28,credit_card,standard,,
1926,ORD-20251217-01926,23,2025-12-17,procesando,489.27,13,340,102.75,868.41,cash_on_delivery,pickup,,
1927,ORD-20241227-01927,320,2024-12-27,cancelado,564.88,5,470,118.62,1125.26,cash_on_delivery,standard,7,
1928,ORD-20241016-01928,69,2024-10-16,procesando,3406.14,10,210,715.29,3990.82,cash_on_delivery,same_day,,
1929,ORD-20231208-01929,287,2023-12-08,entregado,316.1,19,480,66.38,802.42,credit_card,same_day,,
1930,ORD-20250210-01930,328,2025-02-10,procesando,3837.27,20,0,805.83,3875.65,credit_card,express,8,Nota del cliente: Llamar antes
1931,ORD-20250803-01931,193,2025-08-03,procesando,4221,3,410,886.41,5390.78,paypal,pickup,10,Nota del cliente: Entregar por la tarde
1932,ORD-20250714-01932,98,2025-07-14,enviado,1933.08,8,250,405.95,2434.38,debit_card,pickup,5,Nota del cliente: Dejar en portería
1933,ORD-20241126-01933,248,2024-11-26,cancelado,2465.48,16,460,517.75,3048.75,credit_card,same_day,,
1934,ORD-20260104-01934,386,2026-01-04,pendiente,1219.77,20,180,256.15,1411.97,credit_card,same_day,,
1935,ORD-20250731-01935,217,2025-07-31,entregado,546.82,3,420,114.83,1065.25,debit_card,express,,
1936,ORD-20250422-01936,21,2025-04-22,enviado,2610.2,7,110,548.14,3085.63,bank_transfer,standard,,
1937,ORD-20240114-01937,303,2024-01-14,cancelado,1751.17,15,230,367.75,2086.24,paypal,same_day,,Nota del cliente: Llamar antes
1938,ORD-20251203-01938,430,2025-12-03,procesando,1043.61,12,140,219.16,1277.54,credit_card,express,2,
1939,ORD-20260120-01939,9,2026-01-20,enviado,4207.77,19,330,883.63,4621.92,paypal,standard,2,
1940,ORD-20250701-01940,328,2025-07-01,procesando,2620.04,2,40,550.21,3157.85,paypal,express,,
1941,ORD-20240903-01941,311,2024-09-03,cancelado,3580.36,18,70,751.88,3757.78,debit_card,express,5,
1942,ORD-20250128-01942,328,2025-01-28,cancelado,3070.89,3,0,644.89,3623.65,debit_card,pickup,,
1943,ORD-20250103-01943,68,2025-01-03,procesando,3769.38,6,240,791.57,4574.79,paypal,standard,,
1944,ORD-20260108-01944,114,2026-01-08,enviado,3492.98,4,140,733.53,4226.79,bank_transfer,standard,5,
1945,ORD-20240513-01945,329,2024-05-13,cancelado,3706.28,1,410,778.32,4857.54,credit_card,pickup,,Nota del cliente: Dejar en portería
1946,ORD-20250402-01946,481,2025-04-02,entregado,2044.66,17,120,429.38,2246.45,bank_transfer,same_day,,Nota del cliente: Envolver para regalo
1947,ORD-20260304-01947,249,2026-03-04,enviado,4008.24,0,470,841.73,5319.97,debit_card,same_day,1,
1948,ORD-20250606-01948,338,2025-06-06,cancelado,1899.52,3,350,398.9,2591.43,bank_transfer,same_day,,
1949,ORD-20250907-01949,452,2025-09-07,cancelado,4371.82,14,290,918.08,4967.85,debit_card,same_day,,Nota del cliente: Dejar en portería
1950,ORD-20230214-01950,242,2023-02-14,enviado,2233.95,19,30,469.13,2308.63,cash_on_delivery,express,,
1951,ORD-20241212-01951,354,2024-12-12,entregado,1706.2,3,260,358.3,2273.31,cash_on_delivery,pickup,,Nota del cliente: Llamar antes
1952,ORD-20240924-01952,142,2024-09-24,enviado,1808.08,10,140,379.7,2146.97,bank_transfer,same_day,,
1953,ORD-20250218-01953,322,2025-02-18,procesando,623.58,19,410,130.95,1046.05,debit_card,same_day,,
1954,ORD-20250801-01954,162,2025-08-01,procesando,2812.68,5,490,590.66,3752.71,cash_on_delivery,express,,Nota del cliente: Entregar por la tarde
1955,ORD-20230617-01955,14,2023-06-17,enviado,957.79,7,290,201.14,1381.88,debit_card,pickup,,Nota del cliente: Envolver para regalo
1956,ORD-20250926-01956,401,2025-09-26,enviado,3926.66,0,400,824.6,5151.26,debit_card,pickup,,
1957,ORD-20251108-01957,120,2025-11-08,entregado,449,9,150,94.29,652.88,paypal,same_day,,
1958,ORD-20251229-01958,115,2025-12-29,cancelado,3726.46,10,290,782.56,4426.37,bank_transfer,same_day,10,
1959,ORD-20231005-01959,129,2023-10-05,entregado,2283.03,20,270,479.44,2575.86,credit_card,standard,,
1960,ORD-20241009-01960,246,2024-10-09,enviado,3456.74,13,280,725.92,4013.28,bank_transfer,same_day,,
1961,ORD-20240207-01961,320,2024-02-07,procesando,6375.19,15,460,1338.79,7217.7,bank_transfer,pickup,,
1962,ORD-20240915-01962,263,2024-09-15,enviado,655.86,11,220,137.73,941.45,debit_card,pickup,,
1963,ORD-20241209-01963,90,2024-12-09,cancelado,488.47,1,20,102.58,606.17,bank_transfer,same_day,,
1964,ORD-20250305-01964,374,2025-03-05,entregado,927.58,4,280,194.79,1365.27,debit_card,same_day,,
1965,ORD-20230801-01965,344,2023-08-01,enviado,2614.15,18,240,548.97,2932.57,paypal,pickup,,
1966,ORD-20250425-01966,165,2025-04-25,procesando,579.76,0,440,121.75,1141.51,cash_on_delivery,same_day,,
1967,ORD-20231013-01967,186,2023-10-13,procesando,4328.45,5,410,908.97,5431,credit_card,pickup,,
1968,ORD-20240210-01968,53,2024-02-10,enviado,1287.2,13,90,270.31,1480.17,cash_on_delivery,same_day,,
1969,ORD-20240411-01969,319,2024-04-11,cancelado,1082.61,15,500,227.35,1647.57,cash_on_delivery,standard,10,
1970,ORD-20230906-01970,393,2023-09-06,entregado,2214.59,18,100,465.06,2381.02,credit_card,express,,
1971,ORD-20240928-01971,309,2024-09-28,procesando,730.8,17,310,153.47,1070.03,credit_card,same_day,,
1972,ORD-20241109-01972,478,2024-11-09,pendiente,4302.11,17,260,903.44,4734.19,bank_transfer,pickup,8,
1973,ORD-20240809-01973,238,2024-08-09,pendiente,2067.13,3,30,434.1,2469.22,credit_card,standard,,
1974,ORD-20231209-01974,226,2023-12-09,pendiente,600.97,17,480,126.2,1105.01,bank_transfer,express,,Nota del cliente: Envolver para regalo
1975,ORD-20230225-01975,364,2023-02-25,enviado,388.97,1,340,81.68,806.76,paypal,express,,
1976,ORD-20241117-01976,361,2024-11-17,cancelado,867.86,3,220,182.25,1244.07,bank_transfer,pickup,,
1977,ORD-20230708-01977,382,2023-07-08,procesando,1559.65,4,80,327.53,1904.79,cash_on_delivery,same_day,,
1978,ORD-20260306-01978,215,2026-03-06,entregado,4117.66,20,50,864.71,4208.84,paypal,standard,,
1979,ORD-20251017-01979,82,2025-10-17,enviado,5306.84,9,100,1114.44,6043.66,cash_on_delivery,express,,Nota del cliente: Dejar en portería
1980,ORD-20250902-01980,186,2025-09-02,cancelado,2556.49,1,470,536.86,3537.79,cash_on_delivery,standard,,
1981,ORD-20250219-01981,107,2025-02-19,pendiente,1066.75,2,280,224.02,1549.44,bank_transfer,standard,,
1982,ORD-20251025-01982,466,2025-10-25,pendiente,1447.54,5,310,303.98,1989.14,cash_on_delivery,standard,2,
1983,ORD-20260304-01983,75,2026-03-04,entregado,1175.16,4,130,246.78,1504.93,debit_card,pickup,,
1984,ORD-20260101-01984,173,2026-01-01,procesando,909.88,14,180,191.07,1153.57,debit_card,express,,Nota del cliente: Llamar antes
1985,ORD-20230927-01985,344,2023-09-27,pendiente,1585.57,7,30,332.97,1837.55,cash_on_delivery,standard,,Nota del cliente: Dejar en portería
1986,ORD-20230419-01986,412,2023-04-19,enviado,992.73,0,430,208.47,1631.2,cash_on_delivery,same_day,,
1987,ORD-20230112-01987,380,2023-01-12,pendiente,1652.07,5,230,346.93,2146.4,bank_transfer,standard,,
1988,ORD-20230830-01988,486,2023-08-30,procesando,3163.57,8,450,664.35,4024.83,bank_transfer,standard,,
1989,ORD-20240311-01989,4,2024-03-11,entregado,842.31,7,170,176.89,1130.24,credit_card,pickup,6,
1990,ORD-20240214-01990,353,2024-02-14,enviado,3818.62,3,460,801.91,4965.97,paypal,pickup,4,Nota del cliente: Entregar por la tarde
1991,ORD-20260213-01991,53,2026-02-13,enviado,153.3,14,310,32.19,474.03,paypal,standard,,
1992,ORD-20251117-01992,149,2025-11-17,cancelado,3234.87,2,370,679.32,4219.49,credit_card,same_day,,
1993,ORD-20230615-01993,126,2023-06-15,entregado,1940.91,9,460,407.59,2633.82,cash_on_delivery,pickup,,
1994,ORD-20231123-01994,284,2023-11-23,pendiente,1893.5,0,340,397.64,2631.14,debit_card,same_day,,Nota del cliente: Llamar antes
1995,ORD-20240716-01995,199,2024-07-16,cancelado,279.16,6,80,58.62,401.03,bank_transfer,standard,,Nota del cliente: Entregar por la tarde
1996,ORD-20250930-01996,19,2025-09-30,entregado,2120.4,9,210,445.28,2584.84,debit_card,pickup,,
1997,ORD-20231101-01997,353,2023-11-01,procesando,325.29,8,240,68.31,607.58,credit_card,pickup,,
1998,ORD-20230313-01998,144,2023-03-13,pendiente,3875.95,15,270,813.95,4378.51,credit_card,pickup,,
1999,ORD-20240701-01999,63,2024-07-01,procesando,423.15,14,350,88.86,802.77,paypal,express,,
2000,ORD-20240818-02000,410,2024-08-18,cancelado,4637.14,1,80,973.8,5644.57,credit_card,standard,,
2001,ORD-20241105-02001,306,2024-11-05,entregado,2613.01,2,400,548.73,3509.48,bank_transfer,same_day,,
2002,ORD-20250117-02002,320,2025-01-17,procesando,1430.07,2,60,300.31,1761.78,debit_card,express,3,
2003,ORD-20231029-02003,307,2023-10-29,procesando,2657.92,3,350,558.16,3486.34,cash_on_delivery,same_day,,Nota del cliente: Llamar antes
2004,ORD-20240721-02004,251,2024-07-21,procesando,391.48,11,310,82.21,740.63,credit_card,express,,
2005,ORD-20241105-02005,85,2024-11-05,pendiente,733.28,4,160,153.99,1017.94,paypal,standard,,
2006,ORD-20251218-02006,328,2025-12-18,enviado,325.4,3,270,68.33,653.97,debit_card,express,,
2007,ORD-20250915-02007,398,2025-09-15,pendiente,2538.31,7,350,533.05,3243.68,paypal,pickup,10,
2008,ORD-20231121-02008,250,2023-11-21,entregado,175.42,1,460,36.84,670.51,cash_on_delivery,express,1,
2009,ORD-20230225-02009,56,2023-02-25,enviado,2563.22,13,240,538.28,3008.28,credit_card,pickup,8,
2010,ORD-20230711-02010,280,2023-07-11,cancelado,1667.6,19,410,350.2,2110.96,credit_card,standard,,
2011,ORD-20250506-02011,404,2025-05-06,cancelado,2475.45,6,190,519.84,3036.76,debit_card,standard,8,Nota del cliente: Envolver para regalo
2012,ORD-20230203-02012,486,2023-02-03,pendiente,2074.7,16,240,435.69,2418.44,cash_on_delivery,standard,,
2013,ORD-20240318-02013,68,2024-03-18,entregado,951.4,20,300,199.79,1260.91,credit_card,standard,,
2014,ORD-20251218-02014,274,2025-12-18,entregado,445.01,0,270,93.45,808.46,paypal,pickup,10,
2015,ORD-20230817-02015,362,2023-08-17,enviado,2560.01,2,170,537.6,3216.41,bank_transfer,same_day,,
2016,ORD-20250315-02016,272,2025-03-15,enviado,2647.7,4,140,556.02,3237.81,cash_on_delivery,pickup,,
2017,ORD-20260304-02017,93,2026-03-04,pendiente,3540.29,20,280,743.46,3855.69,cash_on_delivery,pickup,9,
2018,ORD-20240222-02018,233,2024-02-22,entregado,3299.79,18,380,692.96,3778.79,paypal,standard,8,Nota del cliente: Llamar antes
2019,ORD-20241201-02019,410,2024-12-01,procesando,2287.52,0,200,480.38,2967.9,paypal,same_day,,
2020,ORD-20240522-02020,6,2024-05-22,pendiente,2617.36,13,350,549.65,3176.75,credit_card,express,,
2021,ORD-20231209-02021,5,2023-12-09,procesando,703.35,14,20,147.7,772.58,bank_transfer,same_day,4,Nota del cliente: Envolver para regalo
2022,ORD-20230522-02022,197,2023-05-22,cancelado,4437.36,4,410,931.85,5601.72,cash_on_delivery,standard,,
2023,ORD-20230206-02023,366,2023-02-06,entregado,2185.14,12,180,458.88,2561.8,debit_card,pickup,,
2024,ORD-20230828-02024,168,2023-08-28,enviado,1678.04,1,460,352.39,2473.65,bank_transfer,express,,Nota del cliente: Entregar por la tarde
2025,ORD-20231005-02025,255,2023-10-05,enviado,3360.1,4,120,705.62,4051.32,bank_transfer,standard,,
2026,ORD-20250112-02026,5,2025-01-12,entregado,829.88,8,320,174.27,1257.76,debit_card,same_day,,
2027,ORD-20230521-02027,296,2023-05-21,cancelado,3610.93,20,250,758.3,3897.04,debit_card,express,,
2028,ORD-20231217-02028,278,2023-12-17,pendiente,461.01,4,30,96.81,569.38,credit_card,express,,
2029,ORD-20250617-02029,455,2025-06-17,enviado,503.64,3,470,105.76,1064.29,bank_transfer,same_day,,
2030,ORD-20240305-02030,232,2024-03-05,entregado,3500.76,7,350,735.16,4340.87,cash_on_delivery,express,,Nota del cliente: Envolver para regalo
2031,ORD-20251217-02031,349,2025-12-17,procesando,350.84,3,340,73.68,753.99,cash_on_delivery,pickup,,
2032,ORD-20240131-02032,156,2024-01-31,pendiente,472.64,1,490,99.25,1057.16,bank_transfer,pickup,,Nota del cliente: Llamar antes
2033,ORD-20251030-02033,384,2025-10-30,enviado,707.62,1,440,148.6,1289.14,bank_transfer,same_day,,
2034,ORD-20240409-02034,14,2024-04-09,entregado,3942.14,3,480,827.85,5131.73,paypal,pickup,,Nota del cliente: Llamar antes
2035,ORD-20240326-02035,487,2024-03-26,procesando,1958.73,5,440,411.33,2712.12,paypal,same_day,,
2036,ORD-20230415-02036,267,2023-04-15,pendiente,1283.75,15,190,269.59,1550.78,credit_card,pickup,,
2037,ORD-20240509-02037,66,2024-05-09,pendiente,1846.49,18,220,387.76,2121.88,credit_card,express,,
2038,ORD-20231219-02038,120,2023-12-19,procesando,3507.69,18,70,736.61,3682.92,cash_on_delivery,same_day,,Nota del cliente: Envolver para regalo
2039,ORD-20240505-02039,237,2024-05-05,entregado,1083.2,10,300,227.47,1502.35,paypal,express,,
2040,ORD-20240226-02040,54,2024-02-26,pendiente,1383.03,17,40,290.44,1478.35,credit_card,express,,
2041,ORD-20231009-02041,396,2023-10-09,cancelado,4440.3,1,80,932.46,5408.36,debit_card,same_day,7,Nota del cliente: Entregar por la tarde
2042,ORD-20250928-02042,261,2025-09-28,enviado,1692.4,4,60,355.4,2040.1,cash_on_delivery,pickup,8,
2043,ORD-20251228-02043,276,2025-12-28,pendiente,2489.45,20,380,522.78,2894.34,debit_card,standard,7,
2044,ORD-20260228-02044,224,2026-02-28,pendiente,533.3,16,190,111.99,749.96,paypal,pickup,,
2045,ORD-20230822-02045,482,2023-08-22,procesando,1287.57,0,180,270.39,1737.96,paypal,same_day,8,
2046,ORD-20230929-02046,312,2023-09-29,pendiente,4059.94,7,430,852.59,5058.33,paypal,express,,
2047,ORD-20230804-02047,211,2023-08-04,entregado,3546.5,3,130,744.77,4314.88,credit_card,standard,,
2048,ORD-20240816-02048,348,2024-08-16,entregado,681.59,7,160,143.13,937.01,paypal,same_day,,
2049,ORD-20250925-02049,468,2025-09-25,entregado,1782.24,12,0,374.27,1942.64,paypal,same_day,,
2050,ORD-20251030-02050,325,2025-10-30,procesando,4478.99,3,170,940.59,5455.21,bank_transfer,standard,4,Nota del cliente: Llamar antes
2051,ORD-20240404-02051,214,2024-04-04,enviado,1669.32,1,140,350.56,2143.19,bank_transfer,same_day,,Nota del cliente: Dejar en portería
2052,ORD-20240328-02052,487,2024-03-28,procesando,2950.2,9,390,619.54,3694.22,cash_on_delivery,same_day,1,
2053,ORD-20230202-02053,6,2023-02-02,cancelado,3435.29,14,230,721.41,3905.76,paypal,same_day,,
2054,ORD-20240129-02054,360,2024-01-29,enviado,706.9,8,480,148.45,1278.8,credit_card,standard,,
2055,ORD-20251019-02055,448,2025-10-19,pendiente,1571.1,17,20,329.93,1653.94,credit_card,standard,,
2056,ORD-20241206-02056,105,2024-12-06,pendiente,5302.39,13,0,1113.5,5726.58,paypal,pickup,,
2057,ORD-20240610-02057,135,2024-06-10,entregado,2671.08,16,110,560.93,2914.64,cash_on_delivery,standard,,
2058,ORD-20250707-02058,3,2025-07-07,pendiente,3879.72,0,430,814.74,5124.46,cash_on_delivery,pickup,,Nota del cliente: Llamar antes
2059,ORD-20251229-02059,331,2025-12-29,entregado,874.48,11,460,183.64,1421.93,credit_card,express,3,
2060,ORD-20240908-02060,478,2024-09-08,cancelado,1378.2,2,120,289.42,1760.06,bank_transfer,same_day,,
2061,ORD-20231107-02061,84,2023-11-07,pendiente,6148.65,15,100,1291.22,6617.57,bank_transfer,standard,1,
2062,ORD-20250205-02062,79,2025-02-05,enviado,2190.27,15,450,459.96,2771.69,cash_on_delivery,pickup,,Nota del cliente: Entregar por la tarde
2063,ORD-20240826-02063,282,2024-08-26,cancelado,3415.98,17,350,717.36,3902.62,debit_card,same_day,3,
2064,ORD-20241007-02064,127,2024-10-07,pendiente,1859.14,0,280,390.42,2529.56,debit_card,standard,,
2065,ORD-20251216-02065,401,2025-12-16,enviado,87.71,7,60,18.42,159.99,bank_transfer,standard,,
2066,ORD-20230311-02066,302,2023-03-11,pendiente,949.66,11,210,199.43,1254.63,credit_card,standard,,
2067,ORD-20250729-02067,343,2025-07-29,cancelado,462.48,3,290,97.12,835.73,paypal,pickup,,Nota del cliente: Envolver para regalo
2068,ORD-20230811-02068,370,2023-08-11,procesando,1089.2,0,200,228.73,1517.93,credit_card,same_day,,
2069,ORD-20231029-02069,71,2023-10-29,pendiente,2397.75,2,80,503.53,2933.33,bank_transfer,pickup,,
2070,ORD-20251201-02070,241,2025-12-01,cancelado,887.87,3,410,186.45,1457.68,paypal,same_day,,
2071,ORD-20250304-02071,59,2025-03-04,procesando,6587.64,11,410,1383.4,7656.4,paypal,pickup,,
2072,ORD-20250214-02072,227,2025-02-14,procesando,3106.49,3,140,652.36,3805.66,debit_card,pickup,,
2073,ORD-20231205-02073,281,2023-12-05,procesando,3067.36,9,420,644.15,3855.45,credit_card,pickup,10,Nota del cliente: Llamar antes
2074,ORD-20241007-02074,290,2024-10-07,entregado,3970.03,5,440,833.71,5045.24,credit_card,express,,
2075,ORD-20230802-02075,374,2023-08-02,pendiente,4418.27,12,360,927.84,5175.92,paypal,standard,,Nota del cliente: Llamar antes
2076,ORD-20250515-02076,483,2025-05-15,pendiente,2850.09,19,470,598.52,3377.09,credit_card,express,,
2077,ORD-20230606-02077,15,2023-06-06,pendiente,1615.35,10,470,339.22,2263.04,cash_on_delivery,express,,
2078,ORD-20230131-02078,10,2023-01-31,procesando,1102.56,11,100,231.54,1312.82,credit_card,express,,Nota del cliente: Entregar por la tarde
2079,ORD-20260128-02079,368,2026-01-28,enviado,621.1,2,370,130.43,1109.11,cash_on_delivery,standard,,
2080,ORD-20240824-02080,82,2024-08-24,entregado,3322.57,13,50,697.74,3638.38,debit_card,standard,,
2081,ORD-20240213-02081,430,2024-02-13,entregado,2510.97,9,320,527.3,3132.28,bank_transfer,express,,
2082,ORD-20250510-02082,238,2025-05-10,cancelado,1734.34,15,180,364.21,2018.4,bank_transfer,same_day,,Nota del cliente: Envolver para regalo
2083,ORD-20250901-02083,150,2025-09-01,cancelado,1433.01,3,100,300.93,1790.95,credit_card,express,8,
2084,ORD-20240425-02084,272,2024-04-25,enviado,362.26,20,70,76.07,435.88,paypal,same_day,,
2085,ORD-20230622-02085,242,2023-06-22,entregado,1609,20,70,337.89,1695.09,bank_transfer,same_day,,
2086,ORD-20241004-02086,432,2024-10-04,cancelado,423.15,4,230,88.86,725.08,credit_card,pickup,,
2087,ORD-20231203-02087,388,2023-12-03,cancelado,650.8,14,20,136.67,716.36,credit_card,standard,9,
2088,ORD-20260102-02088,336,2026-01-02,cancelado,1089.2,2,460,228.73,1756.15,bank_transfer,same_day,2,
2089,ORD-20250928-02089,393,2025-09-28,entregado,2540.63,9,130,533.53,2975.5,credit_card,express,6,
2090,ORD-20230522-02090,158,2023-05-22,pendiente,2523.44,18,0,529.92,2599.14,bank_transfer,same_day,,
2091,ORD-20250611-02091,64,2025-06-11,enviado,720.8,3,410,151.37,1260.55,debit_card,pickup,3,
2092,ORD-20231203-02092,188,2023-12-03,cancelado,1339.92,16,430,281.38,1836.91,cash_on_delivery,standard,,
2093,ORD-20240126-02093,307,2024-01-26,enviado,3952.5,19,240,830.03,4271.56,bank_transfer,pickup,,
2094,ORD-20230209-02094,63,2023-02-09,pendiente,650.58,17,460,136.62,1136.6,paypal,standard,,
2095,ORD-20240301-02095,61,2024-03-01,procesando,3726.44,5,370,782.55,4692.67,paypal,express,5,
2096,ORD-20241231-02096,451,2024-12-31,pendiente,3098.7,4,130,650.73,3755.48,bank_transfer,same_day,,
2097,ORD-20240917-02097,54,2024-09-17,enviado,2178.29,8,180,457.44,2641.47,debit_card,pickup,9,Nota del cliente: Dejar en portería
2098,ORD-20231016-02098,199,2023-10-16,pendiente,243.6,3,70,51.16,357.45,cash_on_delivery,express,8,
2099,ORD-20241111-02099,136,2024-11-11,procesando,822.7,17,10,172.77,865.61,cash_on_delivery,same_day,10,
2100,ORD-20250525-02100,3,2025-05-25,enviado,2911.53,6,400,611.42,3748.26,debit_card,standard,6,Nota del cliente: Dejar en portería
2101,ORD-20230517-02101,11,2023-05-17,procesando,2549.38,18,10,535.37,2635.86,debit_card,same_day,,
2102,ORD-20240117-02102,9,2024-01-17,cancelado,2507.36,14,400,526.55,3082.88,paypal,pickup,9,
2103,ORD-20240718-02103,416,2024-07-18,pendiente,776.9,13,70,163.15,909.05,bank_transfer,express,,Nota del cliente: Llamar antes
2104,ORD-20251206-02104,308,2025-12-06,enviado,362.26,0,380,76.07,818.33,cash_on_delivery,express,,
2105,ORD-20250707-02105,414,2025-07-07,enviado,1295.98,9,460,272.16,1911.5,cash_on_delivery,same_day,,Nota del cliente: Llamar antes
2106,ORD-20240624-02106,323,2024-06-24,entregado,509.84,19,460,107.07,980.04,cash_on_delivery,standard,,
2107,ORD-20230510-02107,94,2023-05-10,cancelado,1588.6,7,200,333.61,2011.01,credit_card,standard,,
2108,ORD-20230207-02108,126,2023-02-07,cancelado,1855.16,11,200,389.58,2240.67,paypal,same_day,,
2109,ORD-20230709-02109,321,2023-07-09,entregado,4952.25,11,280,1039.97,5727.47,paypal,pickup,,
2110,ORD-20231225-02110,437,2023-12-25,entregado,4675.05,13,250,981.76,5299.05,paypal,same_day,,
2111,ORD-20251212-02111,25,2025-12-12,enviado,2202.19,11,450,462.46,2872.41,paypal,express,,
2112,ORD-20260103-02112,307,2026-01-03,pendiente,1471.19,9,60,308.95,1707.73,credit_card,standard,,Nota del cliente: Entregar por la tarde
2113,ORD-20230122-02113,10,2023-01-22,enviado,276,15,480,57.96,772.56,credit_card,standard,,Nota del cliente: Dejar en portería
2114,ORD-20230609-02114,425,2023-06-09,procesando,2140.53,20,80,449.51,2241.93,debit_card,same_day,,
2115,ORD-20240814-02115,379,2024-08-14,pendiente,1311.6,10,360,275.44,1815.88,bank_transfer,pickup,,
2116,ORD-20230419-02116,103,2023-04-19,procesando,4111.41,14,120,863.4,4519.21,cash_on_delivery,express,3,
2117,ORD-20240106-02117,469,2024-01-06,entregado,4126.05,3,90,866.47,4958.74,bank_transfer,pickup,,Nota del cliente: Llamar antes
2118,ORD-20230924-02118,285,2023-09-24,entregado,1019.3,20,440,214.05,1469.49,paypal,same_day,4,
2119,ORD-20231207-02119,481,2023-12-07,entregado,632.7,2,120,132.87,872.92,paypal,standard,,
2120,ORD-20250207-02120,465,2025-02-07,enviado,2064.16,9,30,433.47,2341.86,credit_card,express,,
2121,ORD-20250824-02121,448,2025-08-24,entregado,1218,9,210,255.78,1574.16,cash_on_delivery,pickup,8,
2122,ORD-20241117-02122,141,2024-11-17,entregado,250.15,16,210,52.53,472.66,credit_card,same_day,,
2123,ORD-20240330-02123,134,2024-03-30,procesando,1704.2,19,170,357.88,1908.28,debit_card,pickup,,
2124,ORD-20240620-02124,418,2024-06-20,enviado,964.63,8,110,202.57,1200.03,debit_card,pickup,,
2125,ORD-20240722-02125,212,2024-07-22,pendiente,2354.78,15,230,494.5,2726.06,debit_card,express,4,
2126,ORD-20230903-02126,392,2023-09-03,cancelado,323.55,8,190,67.95,555.62,debit_card,express,,Nota del cliente: Llamar antes
2127,ORD-20240102-02127,148,2024-01-02,pendiente,5426.81,8,500,1139.63,6632.3,cash_on_delivery,express,,
2128,ORD-20240507-02128,42,2024-05-07,procesando,1666.89,4,130,350.05,2080.26,debit_card,same_day,,
2129,ORD-20240302-02129,357,2024-03-02,cancelado,2384.18,10,380,500.68,3026.44,credit_card,same_day,,
2130,ORD-20250730-02130,364,2025-07-30,cancelado,1359.13,6,10,285.42,1573,paypal,same_day,,Nota del cliente: Entregar por la tarde
2131,ORD-20231224-02131,42,2023-12-24,procesando,2109.57,4,150,443.01,2618.2,cash_on_delivery,same_day,,
2132,ORD-20230323-02132,63,2023-03-23,enviado,2318.95,20,240,486.98,2582.14,paypal,same_day,9,
2133,ORD-20240402-02133,382,2024-04-02,pendiente,4123.66,13,430,865.97,4883.55,bank_transfer,express,4,
2134,ORD-20251121-02134,469,2025-11-21,pendiente,1771.36,16,260,371.99,2119.93,paypal,same_day,,
2135,ORD-20230611-02135,76,2023-06-11,enviado,2020.41,2,100,424.29,2504.29,bank_transfer,same_day,,
2136,ORD-20240722-02136,160,2024-07-22,procesando,2940.72,5,90,617.55,3501.23,cash_on_delivery,standard,,
2137,ORD-20250729-02137,26,2025-07-29,procesando,2496.92,10,50,524.35,2821.58,paypal,same_day,,
2138,ORD-20240817-02138,420,2024-08-17,enviado,516.66,14,0,108.5,552.83,bank_transfer,same_day,4,
2139,ORD-20260103-02139,381,2026-01-03,entregado,4577.18,6,220,961.21,5483.76,paypal,standard,8,
2140,ORD-20250315-02140,210,2025-03-15,procesando,3024.44,10,410,635.13,3767.13,paypal,pickup,,
2141,ORD-20251016-02141,459,2025-10-16,pendiente,3670.42,5,190,770.79,4447.69,cash_on_delivery,express,,
2142,ORD-20251113-02142,74,2025-11-13,enviado,1792.4,3,480,376.4,2595.03,cash_on_delivery,pickup,,Nota del cliente: Envolver para regalo
2143,ORD-20241230-02143,281,2024-12-30,cancelado,260.99,10,30,54.81,319.7,debit_card,standard,,
2144,ORD-20230903-02144,11,2023-09-03,pendiente,220.8,3,230,46.37,490.55,cash_on_delivery,pickup,10,
2145,ORD-20230317-02145,227,2023-03-17,entregado,406.24,11,500,85.31,946.86,bank_transfer,standard,,
2146,ORD-20231230-02146,457,2023-12-30,enviado,4834.94,3,60,1015.34,5765.23,debit_card,standard,10,Nota del cliente: Envolver para regalo
2147,ORD-20250114-02147,100,2025-01-14,enviado,1777.04,12,130,373.18,2066.98,credit_card,standard,9,
2148,ORD-20250402-02148,107,2025-04-02,entregado,1984.41,6,80,416.73,2362.08,debit_card,same_day,2,Nota del cliente: Llamar antes
2149,ORD-20260201-02149,430,2026-02-01,enviado,1020.06,20,240,214.21,1270.26,paypal,express,,
2150,ORD-20260213-02150,455,2026-02-13,pendiente,1602.28,12,490,336.48,2236.49,paypal,standard,,
2151,ORD-20230819-02151,345,2023-08-19,cancelado,1506.47,0,350,316.36,2172.83,debit_card,express,1,
2152,ORD-20250311-02152,206,2025-03-11,entregado,2271.05,14,380,476.92,2810.02,credit_card,express,,
2153,ORD-20250425-02153,428,2025-04-25,entregado,2864.59,9,300,601.56,3508.34,debit_card,same_day,,Nota del cliente: Llamar antes
2154,ORD-20231205-02154,85,2023-12-05,procesando,5649.57,8,70,1186.41,6454.01,debit_card,express,,Nota del cliente: Llamar antes
2155,ORD-20240225-02155,469,2024-02-25,pendiente,992.4,8,20,208.4,1141.41,debit_card,pickup,2,
2156,ORD-20231014-02156,345,2023-10-14,enviado,4918.48,14,80,1032.88,5342.77,bank_transfer,same_day,,
2157,ORD-20251110-02157,424,2025-11-10,entregado,3164.5,20,280,664.55,3476.15,cash_on_delivery,express,,
2158,ORD-20250609-02158,350,2025-06-09,enviado,1275.43,10,10,267.84,1425.73,cash_on_delivery,express,,
2159,ORD-20240303-02159,185,2024-03-03,pendiente,673.64,11,30,141.46,771,credit_card,standard,,
2160,ORD-20260214-02160,324,2026-02-14,enviado,2524.79,6,380,530.21,3283.51,debit_card,pickup,,Nota del cliente: Entregar por la tarde
2161,ORD-20250417-02161,485,2025-04-17,entregado,3659.2,14,450,768.43,4365.34,cash_on_delivery,same_day,,
2162,ORD-20250728-02162,446,2025-07-28,procesando,3099,15,50,650.79,3334.94,paypal,pickup,,
2163,ORD-20250723-02163,193,2025-07-23,pendiente,1088.45,6,160,228.57,1411.71,bank_transfer,pickup,,
2164,ORD-20241111-02164,57,2024-11-11,enviado,1511.55,5,470,317.43,2223.4,credit_card,same_day,,
2165,ORD-20250715-02165,50,2025-07-15,procesando,2494.96,11,370,523.94,3114.45,credit_card,same_day,,
2166,ORD-20260207-02166,331,2026-02-07,procesando,1403.85,13,40,294.81,1556.16,debit_card,express,,
2167,ORD-20230825-02167,259,2023-08-25,pendiente,512.93,11,190,107.72,754.23,debit_card,same_day,,
2168,ORD-20230822-02168,341,2023-08-22,cancelado,500.3,18,360,105.06,875.31,bank_transfer,standard,,
2169,ORD-20250801-02169,428,2025-08-01,entregado,703.84,11,20,147.81,794.23,credit_card,standard,,
2170,ORD-20240717-02170,301,2024-07-17,cancelado,5161.05,18,50,1083.82,5365.88,credit_card,same_day,,
2171,ORD-20231223-02171,177,2023-12-23,cancelado,4716.67,16,200,990.5,5152.5,debit_card,standard,7,
2172,ORD-20250616-02172,401,2025-06-16,procesando,3664.05,2,480,769.45,4840.22,cash_on_delivery,standard,,Nota del cliente: Entregar por la tarde
2173,ORD-20250704-02173,37,2025-07-04,enviado,1868.45,0,70,392.37,2330.82,credit_card,standard,,
2174,ORD-20240111-02174,35,2024-01-11,cancelado,1422.14,16,250,298.65,1743.25,paypal,express,2,
2175,ORD-20240318-02175,5,2024-03-18,entregado,2514.22,5,310,527.99,3226.5,bank_transfer,same_day,,
2176,ORD-20230430-02176,483,2023-04-30,enviado,2875.71,10,80,603.9,3272.04,cash_on_delivery,same_day,,Nota del cliente: Envolver para regalo
2177,ORD-20260226-02177,52,2026-02-26,pendiente,1174.11,17,10,246.56,1231.07,debit_card,standard,,Nota del cliente: Dejar en portería
2178,ORD-20230911-02178,420,2023-09-11,pendiente,240.84,7,190,50.58,464.56,cash_on_delivery,same_day,,
2179,ORD-20230503-02179,58,2023-05-03,cancelado,276.89,0,90,58.15,425.04,bank_transfer,standard,,
2180,ORD-20231224-02180,403,2023-12-24,entregado,170.9,1,80,35.89,285.08,debit_card,standard,7,
2181,ORD-20250627-02181,175,2025-06-27,pendiente,4525.81,1,440,950.42,5870.97,debit_card,standard,,
2182,ORD-20260306-02182,366,2026-03-06,cancelado,1238.47,11,400,260.08,1762.32,cash_on_delivery,same_day,,
2183,ORD-20240516-02183,276,2024-05-16,procesando,1250.75,2,480,262.66,1968.4,cash_on_delivery,pickup,,
2184,ORD-20230721-02184,419,2023-07-21,pendiente,737.04,11,50,154.78,860.75,cash_on_delivery,express,2,
2185,ORD-20241217-02185,371,2024-12-17,procesando,2041.42,12,130,428.7,2355.15,paypal,same_day,,
2186,ORD-20250121-02186,168,2025-01-21,procesando,4891.67,1,150,1027.25,6020,debit_card,same_day,,
2187,ORD-20240904-02187,115,2024-09-04,procesando,3306.12,10,350,694.29,4019.8,paypal,standard,,
2188,ORD-20230118-02188,421,2023-01-18,procesando,5595.07,11,40,1174.96,6194.57,cash_on_delivery,same_day,,
2189,ORD-20260124-02189,162,2026-01-24,enviado,654.84,8,60,137.52,799.97,debit_card,standard,3,
2190,ORD-20231010-02190,126,2023-10-10,pendiente,4677.13,2,450,982.2,6015.79,debit_card,express,,
2191,ORD-20250523-02191,88,2025-05-23,procesando,1992.87,7,450,418.5,2721.87,paypal,standard,,
2192,ORD-20240303-02192,279,2024-03-03,pendiente,4920.04,18,360,1033.21,5427.64,credit_card,express,8,Nota del cliente: Envolver para regalo
2193,ORD-20230821-02193,480,2023-08-21,procesando,2493.22,17,270,523.58,2862.95,cash_on_delivery,standard,,
2194,ORD-20250622-02194,277,2025-06-22,pendiente,2409.62,4,220,506.02,3039.26,cash_on_delivery,pickup,,
2195,ORD-20241103-02195,435,2024-11-03,enviado,1733.64,1,120,364.06,2200.36,paypal,express,,
2196,ORD-20250206-02196,121,2025-02-06,cancelado,1145,2,150,240.45,1512.55,cash_on_delivery,standard,9,
2197,ORD-20241201-02197,102,2024-12-01,procesando,266.65,1,360,56,679.98,bank_transfer,same_day,,
2198,ORD-20240730-02198,113,2024-07-30,procesando,1395.56,0,70,293.07,1758.63,paypal,standard,,
2199,ORD-20260217-02199,311,2026-02-17,entregado,3511.16,13,70,737.34,3862.05,debit_card,express,,
2200,ORD-20250801-02200,419,2025-08-01,procesando,6096.52,7,20,1280.27,6970.03,paypal,same_day,,
2201,ORD-20241217-02201,7,2024-12-17,entregado,1638.3,7,180,344.04,2047.66,bank_transfer,same_day,,Nota del cliente: Dejar en portería
2202,ORD-20250329-02202,253,2025-03-29,procesando,4821.88,2,210,1012.59,5948.03,cash_on_delivery,express,,
2203,ORD-20241210-02203,159,2024-12-10,procesando,214.92,18,280,45.13,501.36,cash_on_delivery,pickup,,
2204,ORD-20240124-02204,115,2024-01-24,enviado,812.36,3,100,170.6,1058.59,cash_on_delivery,express,,Nota del cliente: Dejar en portería
2205,ORD-20260215-02205,387,2026-02-15,cancelado,4392.24,7,30,922.37,5037.15,paypal,express,,
2206,ORD-20250322-02206,132,2025-03-22,enviado,1757.65,18,50,369.11,1860.38,cash_on_delivery,express,,
2207,ORD-20251010-02207,216,2025-10-10,enviado,4609.18,5,40,967.93,5386.65,paypal,express,,
2208,ORD-20250830-02208,117,2025-08-30,entregado,1856.99,5,40,389.97,2194.11,bank_transfer,express,,
2209,ORD-20250408-02209,421,2025-04-08,entregado,4392.62,19,340,922.45,4820.47,debit_card,same_day,,
2210,ORD-20250820-02210,245,2025-08-20,cancelado,487.2,1,380,102.31,964.64,bank_transfer,pickup,,
2211,ORD-20250410-02211,411,2025-04-10,enviado,2418.45,11,100,507.87,2760.29,paypal,pickup,,
2212,ORD-20260217-02212,155,2026-02-17,cancelado,1085.35,17,370,227.92,1498.76,debit_card,standard,,
2213,ORD-20260215-02213,160,2026-02-15,entregado,2355.53,11,200,494.66,2791.08,cash_on_delivery,pickup,,
2214,ORD-20241114-02214,220,2024-11-14,entregado,1363,8,80,286.23,1620.19,debit_card,standard,,Nota del cliente: Llamar antes
2215,ORD-20240630-02215,37,2024-06-30,procesando,284.28,4,320,59.7,652.61,debit_card,standard,,
2216,ORD-20240305-02216,315,2024-03-05,procesando,215.7,8,350,45.3,593.74,cash_on_delivery,express,4,
2217,ORD-20250921-02217,115,2025-09-21,enviado,655.86,17,200,137.73,882.09,paypal,same_day,,Nota del cliente: Envolver para regalo
2218,ORD-20240606-02218,350,2024-06-06,enviado,828.08,4,70,173.9,1038.86,bank_transfer,express,2,
2219,ORD-20231024-02219,96,2023-10-24,pendiente,3499.07,2,270,734.8,4433.89,credit_card,express,,
2220,ORD-20240130-02220,77,2024-01-30,procesando,499.76,5,360,104.95,939.72,bank_transfer,express,,
2221,ORD-20251205-02221,342,2025-12-05,enviado,913.77,14,310,191.89,1287.73,debit_card,pickup,,
2222,ORD-20250719-02222,485,2025-07-19,cancelado,1749.76,5,440,367.45,2469.72,credit_card,pickup,,
2223,ORD-20230724-02223,288,2023-07-24,entregado,446.64,20,450,93.79,901.1,debit_card,same_day,,
2224,ORD-20230522-02224,491,2023-05-22,cancelado,1189.42,5,160,249.78,1539.73,debit_card,same_day,,
2225,ORD-20230702-02225,432,2023-07-02,pendiente,3157.4,15,490,663.05,3836.84,debit_card,pickup,7,
2226,ORD-20231113-02226,99,2023-11-13,entregado,1921.52,11,80,403.52,2193.67,bank_transfer,standard,,
2227,ORD-20240801-02227,25,2024-08-01,entregado,56.61,16,410,11.89,469.44,credit_card,pickup,,
2228,ORD-20240220-02228,235,2024-02-20,pendiente,5746.76,20,350,1206.82,6154.23,credit_card,standard,3,
2229,ORD-20250904-02229,303,2025-09-04,enviado,2773.38,4,110,582.41,3354.85,debit_card,express,5,Nota del cliente: Envolver para regalo
2230,ORD-20231121-02230,284,2023-11-21,cancelado,101.7,16,490,21.36,596.79,bank_transfer,same_day,,Nota del cliente: Dejar en portería
2231,ORD-20250403-02231,95,2025-04-03,pendiente,527.36,16,90,110.75,643.73,paypal,pickup,,
2232,ORD-20230630-02232,121,2023-06-30,procesando,2915.24,4,380,612.2,3790.83,bank_transfer,express,,
2233,ORD-20260121-02233,88,2026-01-21,cancelado,470.24,5,70,98.75,615.48,bank_transfer,same_day,,
2234,ORD-20260307-02234,496,2026-03-07,cancelado,1441.14,14,490,302.64,2032.02,bank_transfer,express,6,
2235,ORD-20251208-02235,59,2025-12-08,entregado,715.79,14,40,150.32,805.9,cash_on_delivery,standard,6,
2236,ORD-20250704-02236,378,2025-07-04,cancelado,1135.44,5,140,238.44,1457.11,paypal,pickup,,
2237,ORD-20240403-02237,40,2024-04-03,enviado,879.88,19,140,184.77,1037.47,bank_transfer,standard,,Nota del cliente: Entregar por la tarde
2238,ORD-20230810-02238,204,2023-08-10,cancelado,2833.23,18,380,594.98,3298.23,bank_transfer,standard,4,
2239,ORD-20251109-02239,86,2025-11-09,enviado,3699.4,6,440,776.87,4694.31,debit_card,express,,
2240,ORD-20230812-02240,268,2023-08-12,procesando,690.02,18,390,144.9,1100.72,paypal,standard,,
2241,ORD-20240203-02241,449,2024-02-03,entregado,3207.45,6,240,673.56,3928.56,bank_transfer,same_day,,
2242,ORD-20260219-02242,373,2026-02-19,cancelado,521.22,3,430,109.46,1045.04,bank_transfer,express,,
2243,ORD-20230824-02243,84,2023-08-24,pendiente,407.37,10,330,85.55,782.18,credit_card,pickup,,
2244,ORD-20250710-02244,355,2025-07-10,pendiente,3699.81,6,150,776.96,4404.78,paypal,same_day,,Nota del cliente: Dejar en portería
2245,ORD-20230424-02245,349,2023-04-24,entregado,2329.36,4,180,489.17,2905.36,bank_transfer,standard,,
2246,ORD-20240520-02246,369,2024-05-20,entregado,3706.69,10,330,778.4,4444.42,paypal,express,6,Nota del cliente: Dejar en portería
2247,ORD-20230314-02247,280,2023-03-14,procesando,1445.71,1,90,303.6,1824.85,bank_transfer,express,,
2248,ORD-20240805-02248,89,2024-08-05,pendiente,2618.63,2,90,549.91,3206.17,credit_card,express,,
2249,ORD-20230607-02249,171,2023-06-07,cancelado,3091.2,0,290,649.15,4030.35,bank_transfer,express,,
2250,ORD-20231023-02250,197,2023-10-23,entregado,4734.29,7,310,994.2,5707.09,debit_card,express,4,
2251,ORD-20230523-02251,196,2023-05-23,pendiente,1584.87,17,430,332.82,2078.26,credit_card,same_day,6,
2252,ORD-20250623-02252,229,2025-06-23,pendiente,2131.72,1,390,447.66,2948.06,debit_card,pickup,,
2253,ORD-20250408-02253,368,2025-04-08,enviado,354.21,12,310,74.38,696.08,credit_card,pickup,,
2254,ORD-20240629-02254,148,2024-06-29,entregado,494.27,13,100,103.8,633.81,credit_card,same_day,,
2255,ORD-20230613-02255,212,2023-06-13,pendiente,2515.06,14,270,528.16,2961.11,paypal,same_day,,
2256,ORD-20230214-02256,120,2023-02-14,cancelado,1071.43,19,130,225,1222.86,bank_transfer,standard,,
2257,ORD-20250325-02257,202,2025-03-25,cancelado,1309.89,8,210,275.08,1690.18,cash_on_delivery,pickup,,
2258,ORD-20250322-02258,476,2025-03-22,pendiente,3487.07,11,300,732.28,4135.77,paypal,pickup,,
2259,ORD-20240509-02259,365,2024-05-09,enviado,4989.31,20,440,1047.76,5479.21,paypal,express,,
2260,ORD-20251231-02260,499,2025-12-31,pendiente,2022.61,20,110,424.75,2152.84,debit_card,pickup,,
2261,ORD-20250830-02261,206,2025-08-30,entregado,2890.42,3,160,606.99,3570.7,cash_on_delivery,pickup,,
2262,ORD-20231225-02262,385,2023-12-25,enviado,1206.09,18,30,253.28,1272.27,debit_card,express,,Nota del cliente: Llamar antes
2263,ORD-20230218-02263,334,2023-02-18,entregado,5987.26,7,140,1257.32,6965.47,bank_transfer,same_day,,Nota del cliente: Envolver para regalo
2264,ORD-20240407-02264,420,2024-04-07,pendiente,1308.13,9,400,274.71,1865.11,paypal,express,,
2265,ORD-20251015-02265,272,2025-10-15,enviado,1465.46,10,270,307.75,1896.66,paypal,pickup,,
2266,ORD-20240906-02266,273,2024-09-06,procesando,888.52,9,470,186.59,1465.14,credit_card,same_day,,
2267,ORD-20240531-02267,466,2024-05-31,pendiente,1043.96,10,490,219.23,1648.79,credit_card,express,,
2268,ORD-20240508-02268,41,2024-05-08,procesando,2724.39,16,330,572.12,3190.61,bank_transfer,pickup,,
2269,ORD-20230315-02269,223,2023-03-15,procesando,6023.72,4,150,1264.98,7197.75,paypal,express,,
2270,ORD-20230225-02270,343,2023-02-25,procesando,1291.51,18,210,271.22,1540.26,cash_on_delivery,same_day,3,
2271,ORD-20260303-02271,224,2026-03-03,cancelado,2290.65,14,30,481.04,2481,debit_card,same_day,,
2272,ORD-20251015-02272,52,2025-10-15,procesando,1928.06,17,400,404.89,2405.18,debit_card,pickup,,Nota del cliente: Dejar en portería
2273,ORD-20231105-02273,253,2023-11-05,pendiente,1280.13,9,200,268.83,1633.75,cash_on_delivery,pickup,,Nota del cliente: Entregar por la tarde
2274,ORD-20250424-02274,96,2025-04-24,enviado,1512.57,16,150,317.64,1738.2,bank_transfer,express,,
2275,ORD-20230112-02275,244,2023-01-12,cancelado,3456.71,13,210,725.91,3943.25,bank_transfer,same_day,1,
2276,ORD-20240623-02276,171,2024-06-23,cancelado,3103.84,20,480,651.81,3614.88,credit_card,express,,
2277,ORD-20240918-02277,24,2024-09-18,entregado,470.24,10,310,98.75,831.97,cash_on_delivery,standard,,
2278,ORD-20250327-02278,52,2025-03-27,procesando,3831.8,16,450,804.68,4473.39,debit_card,same_day,,
2279,ORD-20240902-02279,276,2024-09-02,procesando,2651.8,12,70,556.88,2960.46,bank_transfer,pickup,,
2280,ORD-20251004-02280,174,2025-10-04,procesando,1827.44,18,380,383.76,2262.26,credit_card,standard,8,
2281,ORD-20230201-02281,456,2023-02-01,enviado,2908.67,5,240,610.82,3614.06,bank_transfer,express,,
2282,ORD-20230602-02282,249,2023-06-02,enviado,828.14,18,210,173.91,1062.98,debit_card,standard,,
2283,ORD-20240603-02283,477,2024-06-03,enviado,4025.12,3,250,845.28,4999.65,credit_card,express,7,Nota del cliente: Entregar por la tarde
2284,ORD-20240826-02284,444,2024-08-26,procesando,2442.35,9,340,512.89,3075.43,bank_transfer,same_day,,
2285,ORD-20241018-02285,266,2024-10-18,pendiente,5503.97,12,380,1155.83,6379.32,paypal,pickup,,
2286,ORD-20250818-02286,135,2025-08-18,cancelado,6506.39,7,430,1366.34,7847.28,bank_transfer,express,4,
2287,ORD-20230811-02287,124,2023-08-11,procesando,2151.71,10,300,451.86,2688.4,credit_card,express,,
2288,ORD-20240415-02288,379,2024-04-15,entregado,1413.59,17,140,296.85,1610.13,paypal,same_day,,
2289,ORD-20260218-02289,432,2026-02-18,enviado,2235.9,19,270,469.54,2550.62,credit_card,express,,
2290,ORD-20230924-02290,452,2023-09-24,enviado,391.48,6,30,82.21,480.2,paypal,pickup,5,
2291,ORD-20250125-02291,245,2025-01-25,procesando,3274.09,1,300,687.56,4228.91,bank_transfer,pickup,,
2292,ORD-20230824-02292,71,2023-08-24,procesando,2622.96,10,490,550.82,3401.48,bank_transfer,same_day,1,
2293,ORD-20251218-02293,188,2025-12-18,entregado,1293.95,1,100,271.73,1652.74,bank_transfer,same_day,,
2294,ORD-20250814-02294,470,2025-08-14,enviado,3518.66,19,310,738.92,3899.03,credit_card,same_day,,
2295,ORD-20250115-02295,480,2025-01-15,procesando,1304.95,11,210,274.04,1645.45,cash_on_delivery,express,,
2296,ORD-20230507-02296,3,2023-05-07,pendiente,4103.17,14,240,861.67,4630.4,paypal,pickup,4,
2297,ORD-20241021-02297,155,2024-10-21,cancelado,2149.65,3,320,451.43,2856.59,cash_on_delivery,standard,,
2298,ORD-20240829-02298,48,2024-08-29,enviado,2305.94,16,460,484.25,2881.24,bank_transfer,standard,,
2299,ORD-20230405-02299,198,2023-04-05,pendiente,2457.57,1,200,516.09,3149.08,bank_transfer,same_day,,
2300,ORD-20251120-02300,436,2025-11-20,enviado,1380.74,1,470,289.96,2126.89,paypal,express,,
2301,ORD-20240124-02301,357,2024-01-24,cancelado,2149,20,260,451.29,2430.49,bank_transfer,express,,
2302,ORD-20241119-02302,23,2024-11-19,pendiente,403.26,15,350,84.68,777.45,bank_transfer,same_day,,
2303,ORD-20250828-02303,388,2025-08-28,cancelado,2457.99,20,70,516.18,2552.57,bank_transfer,express,,Nota del cliente: Llamar antes
2304,ORD-20241002-02304,158,2024-10-02,procesando,5505.35,12,390,1156.12,6390.83,credit_card,same_day,,
2305,ORD-20230123-02305,25,2023-01-23,procesando,5087.69,7,500,1068.41,6299.96,debit_card,same_day,4,
2306,ORD-20240531-02306,220,2024-05-31,enviado,1866.38,1,350,391.94,2589.66,paypal,same_day,4,Nota del cliente: Dejar en portería
2307,ORD-20250715-02307,253,2025-07-15,pendiente,2609.4,6,60,547.97,3060.81,paypal,same_day,,
2308,ORD-20250329-02308,38,2025-03-29,enviado,414.94,12,390,87.14,842.29,paypal,pickup,,
2309,ORD-20240301-02309,80,2024-03-01,enviado,2462.47,11,200,517.12,2908.72,credit_card,standard,,Nota del cliente: Entregar por la tarde
2310,ORD-20240319-02310,426,2024-03-19,enviado,799.95,13,360,167.99,1223.95,credit_card,same_day,,Nota del cliente: Dejar en portería
2311,ORD-20241127-02311,248,2024-11-27,enviado,2303.66,8,40,483.77,2643.14,credit_card,standard,,Nota del cliente: Llamar antes
2312,ORD-20240212-02312,145,2024-02-12,pendiente,3725.16,9,220,782.28,4392.18,paypal,standard,8,
2313,ORD-20230209-02313,95,2023-02-09,enviado,3630.55,14,470,762.42,4354.69,cash_on_delivery,express,10,
2314,ORD-20250624-02314,444,2025-06-24,cancelado,934.57,19,150,196.26,1103.26,credit_card,standard,,
2315,ORD-20241015-02315,59,2024-10-15,enviado,4946.7,6,290,1038.81,5978.71,bank_transfer,express,,
2316,ORD-20240204-02316,24,2024-02-04,cancelado,3271.88,7,10,687.09,3739.94,cash_on_delivery,standard,,
2317,ORD-20260123-02317,293,2026-01-23,entregado,358.78,7,170,75.34,579.01,bank_transfer,same_day,6,
2318,ORD-20230419-02318,294,2023-04-19,cancelado,1787.97,11,380,375.47,2346.76,debit_card,pickup,7,Nota del cliente: Entregar por la tarde
2319,ORD-20241226-02319,178,2024-12-26,enviado,743.5,3,240,156.14,1117.34,paypal,express,,Nota del cliente: Llamar antes
2320,ORD-20230929-02320,6,2023-09-29,pendiente,721.34,8,190,151.48,1005.11,debit_card,express,,
2321,ORD-20250103-02321,139,2025-01-03,pendiente,745.06,10,360,156.46,1187.01,paypal,pickup,,
2322,ORD-20230112-02322,136,2023-01-12,pendiente,2009.23,1,360,421.94,2771.08,cash_on_delivery,express,,
2323,ORD-20251228-02323,420,2025-12-28,pendiente,4322.7,13,290,907.77,4958.52,paypal,standard,,
2324,ORD-20251008-02324,106,2025-10-08,pendiente,977.33,6,450,205.24,1573.93,credit_card,express,4,
2325,ORD-20230506-02325,193,2023-05-06,entregado,3330.74,20,30,699.46,3394.05,debit_card,pickup,,
2326,ORD-20260131-02326,66,2026-01-31,enviado,2277.24,0,340,478.22,3095.46,debit_card,standard,,
2327,ORD-20230605-02327,110,2023-06-05,pendiente,4723.35,15,290,991.9,5296.75,bank_transfer,same_day,,
2328,ORD-20230715-02328,451,2023-07-15,procesando,821.58,11,330,172.53,1233.74,paypal,standard,,
2329,ORD-20240816-02329,234,2024-08-16,procesando,1207.02,14,80,253.47,1371.51,credit_card,express,8,
2330,ORD-20251129-02330,387,2025-11-29,procesando,2250.5,19,300,472.61,2595.52,cash_on_delivery,express,,
2331,ORD-20250313-02331,477,2025-03-13,procesando,804.68,12,360,168.98,1237.1,debit_card,same_day,,Nota del cliente: Entregar por la tarde
2332,ORD-20241017-02332,119,2024-10-17,cancelado,3779.85,4,300,793.77,4722.43,debit_card,express,9,
2333,ORD-20240114-02333,397,2024-01-14,cancelado,3491.68,15,240,733.25,3941.18,bank_transfer,same_day,,Nota del cliente: Envolver para regalo
2334,ORD-20230927-02334,432,2023-09-27,enviado,2261.21,0,160,474.85,2896.06,cash_on_delivery,express,,Nota del cliente: Llamar antes
2335,ORD-20230526-02335,71,2023-05-26,entregado,720.56,3,270,151.32,1120.26,paypal,pickup,,
2336,ORD-20230101-02336,249,2023-01-01,enviado,3442.68,17,290,722.96,3870.38,credit_card,same_day,,
2337,ORD-20231031-02337,215,2023-10-31,pendiente,2337.56,9,40,490.89,2658.07,paypal,pickup,7,
2338,ORD-20250123-02338,308,2025-01-23,entregado,817.8,20,180,171.74,1005.98,cash_on_delivery,pickup,,
2339,ORD-20250515-02339,129,2025-05-15,pendiente,858.25,7,80,180.23,1058.4,credit_card,same_day,1,
2340,ORD-20240724-02340,82,2024-07-24,entregado,3607.21,14,370,757.51,4229.71,bank_transfer,standard,,Nota del cliente: Dejar en portería
2341,ORD-20240917-02341,225,2024-09-17,pendiente,3132.11,6,340,657.74,3941.92,paypal,same_day,,
2342,ORD-20230330-02342,420,2023-03-30,pendiente,2724.6,7,120,572.17,3226.05,credit_card,express,,Nota del cliente: Entregar por la tarde
2343,ORD-20240808-02343,493,2024-08-08,enviado,2358.13,0,60,495.21,2913.34,cash_on_delivery,same_day,4,
2344,ORD-20230328-02344,45,2023-03-28,procesando,2736.6,9,360,574.69,3425,credit_card,express,4,
2345,ORD-20260125-02345,445,2026-01-25,cancelado,1491.17,16,330,313.15,1895.73,debit_card,same_day,9,
2346,ORD-20230416-02346,370,2023-04-16,cancelado,2469.91,3,30,518.68,2944.49,debit_card,pickup,,
2347,ORD-20230822-02347,352,2023-08-22,procesando,966.91,20,340,203.05,1316.58,cash_on_delivery,standard,,
2348,ORD-20250704-02348,498,2025-07-04,procesando,2655.97,13,500,557.75,3368.44,bank_transfer,pickup,4,
2349,ORD-20230207-02349,39,2023-02-07,pendiente,2747.12,19,440,576.9,3242.07,bank_transfer,pickup,,
2350,ORD-20240510-02350,46,2024-05-10,entregado,2339.28,18,280,491.25,2689.46,paypal,same_day,,
2351,ORD-20260214-02351,14,2026-02-14,cancelado,2135.89,3,70,448.54,2590.35,credit_card,pickup,,
2352,ORD-20251126-02352,87,2025-11-26,procesando,3487.69,15,290,732.41,3986.95,cash_on_delivery,same_day,7,
2353,ORD-20241104-02353,141,2024-11-04,pendiente,2135.68,6,100,448.49,2556.03,paypal,standard,7,Nota del cliente: Entregar por la tarde
2354,ORD-20250816-02354,1,2025-08-16,entregado,5078.77,14,130,1066.54,5564.28,bank_transfer,express,3,
2355,ORD-20250213-02355,436,2025-02-13,procesando,3292,13,100,691.32,3655.36,cash_on_delivery,express,,
2356,ORD-20251118-02356,371,2025-11-18,cancelado,1790.88,14,180,376.08,2096.24,cash_on_delivery,same_day,,
2357,ORD-20240425-02357,191,2024-04-25,pendiente,4747.84,7,400,997.05,5812.54,debit_card,same_day,,
2358,ORD-20250322-02358,331,2025-03-22,pendiente,3784.66,1,210,794.78,4751.59,credit_card,pickup,,
2359,ORD-20240719-02359,485,2024-07-19,enviado,414.94,4,10,87.14,495.48,bank_transfer,pickup,,
2360,ORD-20250625-02360,421,2025-06-25,cancelado,2063.63,19,20,433.36,2124.9,bank_transfer,same_day,4,
2361,ORD-20251229-02361,68,2025-12-29,cancelado,4830.87,4,420,1014.48,6072.12,credit_card,standard,,
2362,ORD-20231223-02362,62,2023-12-23,entregado,3323.93,10,120,698.03,3809.57,cash_on_delivery,pickup,,
2363,ORD-20231203-02363,460,2023-12-03,procesando,1642.95,4,60,345.02,1982.25,debit_card,standard,,
2364,ORD-20231112-02364,406,2023-11-12,enviado,1604.32,10,420,336.91,2200.8,cash_on_delivery,same_day,4,
2365,ORD-20230901-02365,366,2023-09-01,cancelado,738.01,4,340,154.98,1203.47,credit_card,standard,,
2366,ORD-20240914-02366,123,2024-09-14,cancelado,2136.59,4,240,448.68,2739.81,credit_card,pickup,,
2367,ORD-20240408-02367,288,2024-04-08,pendiente,1238.43,15,490,260.07,1802.74,bank_transfer,standard,,Nota del cliente: Dejar en portería
2368,ORD-20250627-02368,57,2025-06-27,cancelado,155.2,18,210,32.59,369.85,cash_on_delivery,standard,,
2369,ORD-20230503-02369,413,2023-05-03,entregado,3344.22,12,430,702.29,4075.2,debit_card,pickup,,
2370,ORD-20240702-02370,476,2024-07-02,cancelado,1434.8,0,60,301.31,1796.11,debit_card,standard,10,
2371,ORD-20230910-02371,199,2023-09-10,pendiente,2484.93,13,120,521.84,2803.73,debit_card,express,10,
2372,ORD-20250608-02372,355,2025-06-08,enviado,4822.25,8,380,1012.67,5829.14,debit_card,pickup,,
2373,ORD-20231129-02373,224,2023-11-29,pendiente,2138.81,0,160,449.15,2747.96,debit_card,standard,,
2374,ORD-20231222-02374,415,2023-12-22,procesando,906.4,13,370,190.34,1348.91,debit_card,standard,,
2375,ORD-20240824-02375,101,2024-08-24,cancelado,318.16,1,30,66.81,411.79,paypal,express,,
2376,ORD-20240109-02376,155,2024-01-09,enviado,2517.78,18,220,528.73,2813.31,debit_card,express,,Nota del cliente: Entregar por la tarde
2377,ORD-20250816-02377,381,2025-08-16,procesando,4131.77,1,150,867.67,5108.12,paypal,express,2,
2378,ORD-20250326-02378,260,2025-03-26,enviado,2019.57,2,470,424.11,2873.29,cash_on_delivery,same_day,6,
2379,ORD-20251102-02379,386,2025-11-02,entregado,3056.91,12,230,641.95,3562.03,bank_transfer,express,,
2380,ORD-20240617-02380,194,2024-06-17,cancelado,2306.09,5,130,484.28,2805.07,debit_card,express,,Nota del cliente: Llamar antes
2381,ORD-20230523-02381,416,2023-05-23,entregado,3059.4,8,400,642.47,3857.12,paypal,express,,
2382,ORD-20230730-02382,33,2023-07-30,pendiente,994.12,13,50,208.77,1123.65,cash_on_delivery,standard,6,
2383,ORD-20230807-02383,17,2023-08-07,entregado,4992.95,8,240,1048.52,5882.03,bank_transfer,standard,,Nota del cliente: Envolver para regalo
2384,ORD-20260113-02384,446,2026-01-13,enviado,6197.87,14,110,1301.55,6741.72,debit_card,same_day,3,
2385,ORD-20250426-02385,226,2025-04-26,enviado,1845.92,5,440,387.64,2581.26,credit_card,express,,
2386,ORD-20250122-02386,461,2025-01-22,procesando,871.36,0,250,182.99,1304.35,debit_card,same_day,1,
2387,ORD-20241122-02387,112,2024-11-22,pendiente,2148.41,19,300,451.17,2491.38,bank_transfer,same_day,6,
2388,ORD-20230417-02388,28,2023-04-17,pendiente,1886.07,7,350,396.07,2500.12,cash_on_delivery,same_day,5,
2389,ORD-20240404-02389,405,2024-04-04,cancelado,1160.06,19,250,243.61,1433.26,bank_transfer,same_day,,
2390,ORD-20260226-02390,293,2026-02-26,cancelado,392.13,13,300,82.35,723.5,debit_card,same_day,,
2391,ORD-20250303-02391,473,2025-03-03,entregado,1443.65,1,340,303.17,2072.38,paypal,express,,
2392,ORD-20250423-02392,328,2025-04-23,procesando,2045.66,9,120,429.59,2411.14,bank_transfer,standard,,Nota del cliente: Llamar antes
2393,ORD-20240102-02393,36,2024-01-02,pendiente,33.9,9,290,7.12,327.97,bank_transfer,same_day,,
2394,ORD-20251229-02394,19,2025-12-29,pendiente,2302.45,15,500,483.51,2940.59,debit_card,standard,,Nota del cliente: Envolver para regalo
2395,ORD-20240306-02395,446,2024-03-06,entregado,2088.82,17,420,438.65,2592.37,paypal,standard,4,
2396,ORD-20241209-02396,314,2024-12-09,enviado,3993.51,18,500,838.64,4613.32,paypal,pickup,,
2397,ORD-20240528-02397,447,2024-05-28,entregado,2813.97,3,110,590.93,3430.48,cash_on_delivery,pickup,,
2398,ORD-20240902-02398,339,2024-09-02,pendiente,870.78,9,0,182.86,975.27,paypal,same_day,9,
2399,ORD-20250228-02399,360,2025-02-28,enviado,220.8,8,380,46.37,629.51,credit_card,pickup,,Nota del cliente: Entregar por la tarde
2400,ORD-20240424-02400,248,2024-04-24,procesando,2228,1,350,467.88,3023.6,cash_on_delivery,same_day,,
2401,ORD-20231004-02401,262,2023-10-04,procesando,3648.61,7,70,766.21,4229.42,bank_transfer,same_day,,
2402,ORD-20250315-02402,252,2025-03-15,entregado,1116.64,3,260,234.49,1577.63,debit_card,standard,,
2403,ORD-20240823-02403,25,2024-08-23,cancelado,5129.05,11,490,1077.1,6131.95,cash_on_delivery,same_day,,
2404,ORD-20241006-02404,43,2024-10-06,entregado,2599.46,8,280,545.89,3217.39,debit_card,pickup,2,
2405,ORD-20251130-02405,415,2025-11-30,cancelado,5281.67,18,240,1109.15,5680.12,debit_card,express,,
2406,ORD-20230628-02406,131,2023-06-28,enviado,2090.99,19,90,439.11,2222.81,bank_transfer,standard,,
2407,ORD-20240228-02407,418,2024-02-28,procesando,4370.3,2,70,917.76,5270.65,debit_card,standard,,
2408,ORD-20240614-02408,438,2024-06-14,enviado,2438.35,7,250,512.05,3029.72,bank_transfer,pickup,,
2409,ORD-20230112-02409,248,2023-01-12,entregado,2342.64,7,90,491.95,2760.61,credit_card,standard,,
2410,ORD-20250825-02410,252,2025-08-25,pendiente,1218,17,180,255.78,1446.72,cash_on_delivery,pickup,7,
2411,ORD-20260215-02411,318,2026-02-15,enviado,1971.9,16,60,414.1,2130.5,debit_card,express,,
2412,ORD-20250519-02412,175,2025-05-19,pendiente,2372.59,13,370,498.24,2932.39,cash_on_delivery,pickup,,
2413,ORD-20230412-02413,383,2023-04-12,enviado,2233.31,14,270,469,2659.65,debit_card,pickup,,
2414,ORD-20250928-02414,192,2025-09-28,enviado,500.95,16,120,105.2,646,paypal,express,2,
2415,ORD-20231114-02415,55,2023-11-14,pendiente,3899.52,14,250,818.9,4422.49,credit_card,express,,
2416,ORD-20250517-02416,377,2025-05-17,cancelado,2017.68,17,200,423.71,2298.38,credit_card,same_day,,
2417,ORD-20260223-02417,389,2026-02-23,procesando,1664.03,1,50,349.45,2046.84,cash_on_delivery,express,,
2418,ORD-20230217-02418,226,2023-02-17,entregado,1779.31,16,280,373.66,2148.28,paypal,same_day,,
2419,ORD-20230227-02419,229,2023-02-27,entregado,1895.46,3,210,398.05,2446.65,bank_transfer,express,,
2420,ORD-20240622-02420,376,2024-06-22,cancelado,4494.09,2,190,943.76,5537.97,debit_card,standard,9,
2421,ORD-20250226-02421,450,2025-02-26,pendiente,1741.98,13,180,365.82,2061.34,bank_transfer,standard,,
2422,ORD-20230331-02422,89,2023-03-31,enviado,1692.6,13,500,355.45,2328.01,credit_card,standard,,
2423,ORD-20240216-02423,371,2024-02-16,cancelado,3164.81,3,360,664.61,4094.48,debit_card,express,,
2424,ORD-20230630-02424,463,2023-06-30,entregado,2134.86,7,20,448.32,2453.74,debit_card,standard,,
2425,ORD-20241008-02425,353,2024-10-08,procesando,20.56,12,160,4.32,182.41,bank_transfer,same_day,,Nota del cliente: Entregar por la tarde
2426,ORD-20250104-02426,38,2025-01-04,procesando,538.8,14,490,113.15,1066.52,credit_card,pickup,,
2427,ORD-20250224-02427,259,2025-02-24,cancelado,1326.57,4,450,278.58,2002.09,debit_card,pickup,4,Nota del cliente: Entregar por la tarde
2428,ORD-20230820-02428,457,2023-08-20,procesando,488.43,18,310,102.57,813.08,debit_card,standard,,
2429,ORD-20260111-02429,220,2026-01-11,entregado,3089.21,0,440,648.73,4177.94,bank_transfer,pickup,,Nota del cliente: Entregar por la tarde
2430,ORD-20230512-02430,88,2023-05-12,entregado,2214.6,18,0,465.07,2281.04,debit_card,express,,
2431,ORD-20250930-02431,411,2025-09-30,enviado,1969.21,15,130,413.53,2217.36,credit_card,pickup,8,
2432,ORD-20230417-02432,406,2023-04-17,procesando,4098.79,4,290,860.75,5085.59,credit_card,standard,2,
2433,ORD-20250828-02433,278,2025-08-28,enviado,1907.84,11,30,400.65,2128.63,debit_card,same_day,,
2434,ORD-20231226-02434,276,2023-12-26,pendiente,3144.73,4,250,660.39,3929.33,credit_card,pickup,,
2435,ORD-20230116-02435,300,2023-01-16,pendiente,1451.22,1,80,304.76,1821.47,debit_card,express,1,
2436,ORD-20250313-02436,311,2025-03-13,entregado,2049.33,9,90,430.36,2385.25,bank_transfer,same_day,,Nota del cliente: Llamar antes
2437,ORD-20240101-02437,493,2024-01-01,enviado,2221.3,16,130,466.47,2462.36,credit_card,express,,
2438,ORD-20230621-02438,2,2023-06-21,pendiente,953.92,16,10,200.32,1011.61,paypal,express,,
2439,ORD-20251118-02439,223,2025-11-18,entregado,1745.21,12,140,366.49,2042.27,cash_on_delivery,express,,
2440,ORD-20230610-02440,28,2023-06-10,pendiente,4318.89,16,100,906.97,4634.84,cash_on_delivery,same_day,,
2441,ORD-20241103-02441,391,2024-11-03,enviado,1034.82,3,340,217.31,1561.09,cash_on_delivery,same_day,,Nota del cliente: Envolver para regalo
2442,ORD-20230401-02442,342,2023-04-01,entregado,3137.85,11,210,658.95,3661.64,paypal,pickup,6,
2443,ORD-20240206-02443,271,2024-02-06,pendiente,2919.81,8,360,613.16,3659.39,cash_on_delivery,standard,,
2444,ORD-20240525-02444,265,2024-05-25,procesando,1429.04,16,70,300.1,1570.49,paypal,express,,Nota del cliente: Envolver para regalo
2445,ORD-20250915-02445,280,2025-09-15,cancelado,432.87,5,110,90.9,612.13,debit_card,same_day,8,
2446,ORD-20251027-02446,136,2025-10-27,cancelado,2402.2,10,410,504.46,3076.44,bank_transfer,same_day,8,Nota del cliente: Entregar por la tarde
2447,ORD-20240831-02447,69,2024-08-31,procesando,1371.17,5,270,287.95,1860.56,cash_on_delivery,pickup,,Nota del cliente: Entregar por la tarde
2448,ORD-20230408-02448,451,2023-04-08,cancelado,3424.13,2,110,719.07,4184.72,paypal,same_day,,
2449,ORD-20231117-02449,217,2023-11-17,pendiente,1953.88,5,340,410.31,2606.5,bank_transfer,express,,Nota del cliente: Entregar por la tarde
2450,ORD-20250526-02450,2,2025-05-26,pendiente,1395.48,12,210,293.05,1731.07,cash_on_delivery,pickup,,
2451,ORD-20231106-02451,253,2023-11-06,enviado,4033.74,13,130,847.09,4486.44,cash_on_delivery,pickup,4,
2452,ORD-20250615-02452,135,2025-06-15,procesando,909.61,17,280,191.02,1226,cash_on_delivery,same_day,,
2453,ORD-20231009-02453,169,2023-10-09,entregado,1952.99,5,380,410.13,2645.47,bank_transfer,pickup,,
2454,ORD-20231018-02454,47,2023-10-18,enviado,1385.14,12,310,290.88,1819.8,cash_on_delivery,pickup,,
2455,ORD-20251214-02455,401,2025-12-14,enviado,6259.87,16,280,1314.57,6852.86,credit_card,same_day,,
2456,ORD-20240111-02456,334,2024-01-11,pendiente,2380.11,17,110,499.82,2585.31,credit_card,standard,,
2457,ORD-20230305-02457,413,2023-03-05,procesando,1476.95,4,90,310.16,1818.03,paypal,pickup,,
2458,ORD-20250718-02458,199,2025-07-18,pendiente,617.19,5,40,129.61,755.94,cash_on_delivery,same_day,2,Nota del cliente: Envolver para regalo
2459,ORD-20240918-02459,119,2024-09-18,enviado,2960.89,12,50,621.79,3277.37,cash_on_delivery,express,,Nota del cliente: Envolver para regalo
2460,ORD-20240206-02460,62,2024-02-06,pendiente,329.42,9,480,69.18,848.95,bank_transfer,express,,
2461,ORD-20250915-02461,222,2025-09-15,pendiente,3167.63,9,310,665.2,3857.74,cash_on_delivery,same_day,,
2462,ORD-20260104-02462,277,2026-01-04,entregado,2302.43,13,200,483.51,2686.62,bank_transfer,same_day,9,
2463,ORD-20250514-02463,266,2025-05-14,enviado,4699.65,1,230,986.93,5869.58,paypal,pickup,1,
2464,ORD-20241122-02464,148,2024-11-22,pendiente,1298.88,0,430,272.76,2001.64,bank_transfer,express,,
2465,ORD-20251205-02465,292,2025-12-05,procesando,1994.97,3,40,418.94,2394.06,paypal,pickup,,
2466,ORD-20251022-02466,64,2025-10-22,pendiente,1373.05,6,210,288.34,1789.01,cash_on_delivery,same_day,,
2467,ORD-20240510-02467,41,2024-05-10,cancelado,2613.44,16,130,548.82,2874.11,debit_card,express,,
2468,ORD-20241006-02468,469,2024-10-06,pendiente,2686.01,19,30,564.06,2769.73,cash_on_delivery,express,,
2469,ORD-20260104-02469,322,2026-01-04,enviado,720.46,3,50,151.3,900.15,debit_card,express,,
2470,ORD-20230507-02470,13,2023-05-07,entregado,1690.86,11,50,355.08,1909.95,debit_card,same_day,,Nota del cliente: Envolver para regalo
2471,ORD-20230509-02471,325,2023-05-09,enviado,1319.61,10,160,277.12,1624.77,paypal,express,2,
2472,ORD-20241005-02472,226,2024-10-05,cancelado,2360.62,16,40,495.73,2518.65,paypal,same_day,6,
2473,ORD-20250608-02473,444,2025-06-08,cancelado,2876.74,5,480,604.12,3817.02,cash_on_delivery,same_day,,
2474,ORD-20240813-02474,254,2024-08-13,entregado,720.8,17,120,151.37,869.63,credit_card,standard,,Nota del cliente: Dejar en portería
2475,ORD-20230603-02475,445,2023-06-03,entregado,2012.05,13,140,422.53,2313.01,credit_card,express,,
2476,ORD-20241020-02476,455,2024-10-20,cancelado,1771.68,4,420,372.05,2492.86,bank_transfer,express,,
2477,ORD-20250429-02477,169,2025-04-29,cancelado,1609.36,8,380,337.97,2198.58,debit_card,same_day,,Nota del cliente: Dejar en portería
2478,ORD-20241111-02478,235,2024-11-11,cancelado,2055.55,16,430,431.67,2588.33,paypal,pickup,,
2479,ORD-20231005-02479,135,2023-10-05,entregado,3290.87,3,490,691.08,4373.22,credit_card,pickup,,
2480,ORD-20250514-02480,427,2025-05-14,procesando,5900.73,15,150,1239.15,6404.77,credit_card,express,1,
2481,ORD-20241022-02481,276,2024-10-22,enviado,2343.16,17,350,492.06,2786.88,debit_card,express,,
2482,ORD-20230414-02482,185,2023-04-14,cancelado,2718.24,19,470,570.83,3242.6,credit_card,express,,
2483,ORD-20240411-02483,56,2024-04-11,pendiente,3761.85,7,400,789.99,4688.51,paypal,pickup,,
2484,ORD-20250411-02484,301,2025-04-11,enviado,543.16,12,470,114.06,1062.04,credit_card,pickup,,
2485,ORD-20230110-02485,245,2023-01-10,entregado,3205.18,2,110,673.09,3924.17,bank_transfer,express,,
2486,ORD-20240114-02486,347,2024-01-14,entregado,3587.26,9,440,753.32,4457.73,paypal,pickup,,
2487,ORD-20240404-02487,440,2024-04-04,entregado,819.3,8,350,172.05,1275.81,bank_transfer,pickup,,
2488,ORD-20231023-02488,322,2023-10-23,procesando,1335.12,12,180,280.38,1635.29,debit_card,same_day,,Nota del cliente: Envolver para regalo
2489,ORD-20230120-02489,443,2023-01-20,cancelado,4551.93,4,450,955.91,5775.76,bank_transfer,same_day,,Nota del cliente: Llamar antes
2490,ORD-20240420-02490,105,2024-04-20,entregado,4456.7,9,100,935.91,5091.51,debit_card,same_day,,
2491,ORD-20251010-02491,179,2025-10-10,enviado,3216.66,10,80,675.5,3650.49,credit_card,express,,
2492,ORD-20230714-02492,36,2023-07-14,entregado,1749.26,11,10,367.34,1934.18,paypal,same_day,6,
2493,ORD-20251011-02493,144,2025-10-11,cancelado,3037.9,20,20,637.96,3088.28,paypal,standard,,
2494,ORD-20240510-02494,8,2024-05-10,enviado,3015.88,3,60,633.33,3618.73,cash_on_delivery,standard,,
2495,ORD-20240606-02495,215,2024-06-06,enviado,812.3,7,70,170.58,996.02,bank_transfer,same_day,,
2496,ORD-20251229-02496,224,2025-12-29,procesando,2265.63,17,190,475.78,2546.25,paypal,same_day,,
2497,ORD-20250913-02497,157,2025-09-13,pendiente,1519.35,4,440,319.06,2217.64,cash_on_delivery,same_day,,
2498,ORD-20240303-02498,210,2024-03-03,procesando,2790.15,4,420,585.93,3684.47,bank_transfer,pickup,,
2499,ORD-20251202-02499,259,2025-12-02,pendiente,966.34,15,400,202.93,1424.32,cash_on_delivery,pickup,,
2500,ORD-20231222-02500,173,2023-12-22,procesando,432.48,20,490,90.82,926.8,credit_card,same_day,,
2501,ORD-20250515-02501,52,2025-05-15,entregado,360.67,19,350,75.74,717.88,bank_transfer,same_day,,
2502,ORD-20250502-02502,159,2025-05-02,cancelado,654.82,13,310,137.51,1017.2,cash_on_delivery,standard,,
2503,ORD-20230225-02503,27,2023-02-25,entregado,74.4,1,40,15.62,129.28,debit_card,pickup,7,
2504,ORD-20251122-02504,492,2025-11-22,procesando,1324.79,16,20,278.21,1411.03,cash_on_delivery,express,,Nota del cliente: Llamar antes
2505,ORD-20230913-02505,311,2023-09-13,pendiente,2530.5,10,130,531.41,2938.86,bank_transfer,express,,
2506,ORD-20231004-02506,369,2023-10-04,enviado,2283.77,20,80,479.59,2386.61,credit_card,pickup,,
2507,ORD-20240512-02507,251,2024-05-12,enviado,1607.88,15,250,337.65,1954.35,credit_card,same_day,3,
2508,ORD-20240714-02508,62,2024-07-14,enviado,51.4,11,20,10.79,76.54,paypal,pickup,,Nota del cliente: Llamar antes
2509,ORD-20240707-02509,364,2024-07-07,pendiente,760.4,4,470,159.68,1359.66,bank_transfer,same_day,,
2510,ORD-20250516-02510,271,2025-05-16,procesando,3515.42,0,470,738.24,4723.66,bank_transfer,same_day,9,
2511,ORD-20240422-02511,363,2024-04-22,cancelado,2946.13,3,170,618.69,3646.44,credit_card,express,,
2512,ORD-20241113-02512,100,2024-11-13,procesando,4817.72,9,170,1011.72,5565.85,cash_on_delivery,standard,,
2513,ORD-20250403-02513,352,2025-04-03,procesando,1501.12,10,40,315.24,1706.25,paypal,standard,,
2514,ORD-20230218-02514,144,2023-02-18,pendiente,2033.96,16,300,427.13,2435.66,debit_card,express,,
2515,ORD-20231103-02515,397,2023-11-03,entregado,386.07,2,230,81.07,689.42,bank_transfer,standard,,Nota del cliente: Dejar en portería
2516,ORD-20241106-02516,237,2024-11-06,enviado,1866.79,19,230,392.03,2134.13,paypal,pickup,,
2517,ORD-20230618-02517,2,2023-06-18,pendiente,1786.56,18,210,375.18,2050.16,credit_card,express,7,
2518,ORD-20250105-02518,115,2025-01-05,cancelado,1865.1,9,230,391.67,2318.91,credit_card,same_day,6,
2519,ORD-20241230-02519,397,2024-12-30,cancelado,330.91,17,440,69.49,784.15,cash_on_delivery,standard,9,
2520,ORD-20240801-02520,40,2024-08-01,enviado,2729.93,14,470,573.29,3391.03,bank_transfer,same_day,,
2521,ORD-20250925-02521,423,2025-09-25,entregado,631.08,3,100,132.53,844.68,credit_card,pickup,,
2522,ORD-20231103-02522,458,2023-11-03,cancelado,224.9,1,380,47.23,649.88,debit_card,pickup,,
2523,ORD-20230317-02523,414,2023-03-17,cancelado,4259.14,12,500,894.42,5142.46,debit_card,pickup,,
2524,ORD-20250530-02524,263,2025-05-30,pendiente,236.56,0,20,49.68,306.24,cash_on_delivery,pickup,,
2525,ORD-20260305-02525,5,2026-03-05,enviado,1152.78,6,220,242.08,1545.69,paypal,express,,
2526,ORD-20250603-02526,416,2025-06-03,enviado,866.3,13,390,181.92,1325.6,debit_card,standard,,Nota del cliente: Entregar por la tarde
2527,ORD-20241209-02527,2,2024-12-09,pendiente,2025.4,16,350,425.33,2476.67,credit_card,same_day,,
2528,ORD-20251223-02528,450,2025-12-23,pendiente,488.47,1,0,102.58,586.17,debit_card,standard,,
2529,ORD-20251020-02529,377,2025-10-20,enviado,2339.89,20,490,491.38,2853.29,bank_transfer,pickup,,
2530,ORD-20240522-02530,167,2024-05-22,procesando,2999.93,3,500,629.99,4039.92,credit_card,standard,9,
2531,ORD-20251011-02531,407,2025-10-11,entregado,540.18,11,150,113.44,744.2,bank_transfer,pickup,,
2532,ORD-20231224-02532,126,2023-12-24,enviado,4271.45,13,350,897,4963.16,cash_on_delivery,standard,,
2533,ORD-20240809-02533,253,2024-08-09,cancelado,2538.86,20,40,533.16,2604.25,paypal,same_day,,
2534,ORD-20230405-02534,41,2023-04-05,enviado,1226.21,6,270,257.5,1680.14,cash_on_delivery,same_day,,
2535,ORD-20251028-02535,219,2025-10-28,procesando,1996.53,20,10,419.27,2026.49,debit_card,pickup,,
2536,ORD-20240625-02536,184,2024-06-25,procesando,1131.52,6,260,237.62,1561.25,debit_card,express,1,Nota del cliente: Llamar antes
2537,ORD-20240713-02537,55,2024-07-13,entregado,2140.92,2,350,449.59,2897.69,bank_transfer,same_day,9,
2538,ORD-20250419-02538,13,2025-04-19,entregado,1655.44,1,20,347.64,2006.53,paypal,same_day,1,
2539,ORD-20260219-02539,257,2026-02-19,entregado,350.84,9,180,73.68,572.94,debit_card,same_day,,
2540,ORD-20240407-02540,410,2024-04-07,procesando,4163,1,440,874.23,5435.6,credit_card,standard,10,
2541,ORD-20240816-02541,132,2024-08-16,procesando,4852.9,19,490,1019.11,5439.96,cash_on_delivery,pickup,1,
2542,ORD-20260124-02542,188,2026-01-24,procesando,488.47,12,350,102.58,882.43,credit_card,standard,,
2543,ORD-20230315-02543,296,2023-03-15,cancelado,1089.2,17,190,228.73,1322.77,paypal,express,,
2544,ORD-20250901-02544,379,2025-09-01,pendiente,1800.4,20,500,378.08,2318.4,credit_card,pickup,4,
2545,ORD-20231107-02545,210,2023-11-07,pendiente,3659.99,2,200,768.6,4555.39,debit_card,standard,,
2546,ORD-20230221-02546,99,2023-02-21,entregado,626.9,14,50,131.65,720.78,bank_transfer,pickup,,
2547,ORD-20250708-02547,147,2025-07-08,enviado,3747.1,12,200,786.89,4284.34,credit_card,express,,
2548,ORD-20240706-02548,464,2024-07-06,procesando,1441.09,10,160,302.63,1759.61,debit_card,pickup,,
2549,ORD-20231122-02549,66,2023-11-22,pendiente,885.84,1,150,186.03,1213.01,bank_transfer,express,,
2550,ORD-20240213-02550,269,2024-02-13,entregado,5147.05,19,250,1080.88,5499.99,debit_card,same_day,1,
2551,ORD-20230529-02551,28,2023-05-29,entregado,4807.41,11,10,1009.56,5298.15,cash_on_delivery,express,1,
2552,ORD-20241211-02552,77,2024-12-11,procesando,918.72,16,350,192.93,1314.65,paypal,same_day,,
2553,ORD-20250329-02553,287,2025-03-29,cancelado,4204.76,12,0,883,4583.19,cash_on_delivery,express,4,
2554,ORD-20230217-02554,475,2023-02-17,procesando,2154.51,13,190,452.45,2516.87,bank_transfer,pickup,,
2555,ORD-20241001-02555,146,2024-10-01,pendiente,2476.52,1,100,520.07,3071.82,paypal,pickup,,
2556,ORD-20231005-02556,18,2023-10-05,enviado,1507.32,11,20,316.54,1678.05,debit_card,same_day,8,
2557,ORD-20230801-02557,197,2023-08-01,entregado,1107.02,18,410,232.47,1550.23,bank_transfer,express,,
2558,ORD-20251019-02558,107,2025-10-19,procesando,3163.69,10,140,664.37,3651.69,debit_card,standard,,Nota del cliente: Envolver para regalo
2559,ORD-20250315-02559,479,2025-03-15,procesando,1639.64,0,250,344.32,2233.96,debit_card,pickup,,
2560,ORD-20240904-02560,219,2024-09-04,procesando,2352.9,0,220,494.11,3067.01,debit_card,express,,
2561,ORD-20231102-02561,180,2023-11-02,enviado,6120.52,13,110,1285.31,6720.16,credit_card,standard,,Nota del cliente: Dejar en portería
2562,ORD-20230113-02562,373,2023-01-13,pendiente,1511.69,2,10,317.45,1808.91,debit_card,same_day,,
2563,ORD-20250702-02563,92,2025-07-02,pendiente,2788.42,12,160,585.57,3199.38,cash_on_delivery,same_day,3,
2564,ORD-20230416-02564,250,2023-04-16,entregado,1112.39,10,260,233.6,1494.75,bank_transfer,standard,,
2565,ORD-20260113-02565,117,2026-01-13,entregado,282.8,3,60,59.39,393.71,bank_transfer,standard,,
2566,ORD-20250511-02566,105,2025-05-11,entregado,3980.67,12,380,835.94,4718.93,credit_card,standard,,
2567,ORD-20240731-02567,379,2024-07-31,pendiente,677.2,0,450,142.21,1269.41,debit_card,standard,,
2568,ORD-20250906-02568,4,2025-09-06,procesando,3131.6,7,360,657.64,3930.03,debit_card,pickup,,Nota del cliente: Envolver para regalo
2569,ORD-20230318-02569,25,2023-03-18,entregado,4966.05,1,500,1042.87,6459.26,paypal,pickup,8,
2570,ORD-20250208-02570,56,2025-02-08,enviado,20.56,0,240,4.32,264.88,paypal,pickup,,
2571,ORD-20231202-02571,257,2023-12-02,cancelado,5214.71,5,310,1095.09,6359.06,debit_card,standard,,Nota del cliente: Llamar antes
2572,ORD-20240317-02572,313,2024-03-17,entregado,959.5,13,260,201.5,1296.27,debit_card,express,,
2573,ORD-20240913-02573,263,2024-09-13,entregado,358.2,14,210,75.22,593.27,paypal,same_day,,
2574,ORD-20260128-02574,224,2026-01-28,procesando,670.43,4,490,140.79,1274.4,debit_card,express,2,
2575,ORD-20250830-02575,84,2025-08-30,procesando,5431.89,3,480,1140.7,6889.63,paypal,standard,,
2576,ORD-20251228-02576,225,2025-12-28,pendiente,1997.07,12,490,419.38,2666.8,debit_card,express,,
2577,ORD-20251024-02577,359,2025-10-24,pendiente,5086.44,4,370,1068.15,6321.13,debit_card,same_day,,
2578,ORD-20230421-02578,124,2023-04-21,pendiente,879.01,9,420,184.59,1404.49,paypal,express,,
2579,ORD-20240510-02579,481,2024-05-10,cancelado,1348.57,8,490,283.2,2013.88,bank_transfer,express,,Nota del cliente: Entregar por la tarde
2580,ORD-20230701-02580,337,2023-07-01,procesando,1648.33,10,430,346.15,2259.65,debit_card,express,,
2581,ORD-20230405-02581,409,2023-04-05,enviado,2548.25,6,100,535.13,3030.49,cash_on_delivery,same_day,,
2582,ORD-20231213-02582,17,2023-12-13,pendiente,3511.78,6,410,737.47,4448.54,cash_on_delivery,standard,,
2583,ORD-20250401-02583,156,2025-04-01,procesando,1740.71,2,340,365.55,2411.45,credit_card,express,3,
2584,ORD-20240806-02584,86,2024-08-06,enviado,2617.26,15,230,549.62,3004.29,cash_on_delivery,express,5,
2585,ORD-20250711-02585,254,2025-07-11,cancelado,184.14,13,500,38.67,698.87,debit_card,same_day,,
2586,ORD-20240325-02586,21,2024-03-25,cancelado,805.61,18,260,169.18,1089.78,cash_on_delivery,express,,
2587,ORD-20230823-02587,395,2023-08-23,cancelado,795.64,7,470,167.08,1377.03,credit_card,standard,7,Nota del cliente: Entregar por la tarde
2588,ORD-20240517-02588,51,2024-05-17,entregado,288.58,18,290,60.6,587.24,debit_card,express,,
2589,ORD-20240202-02589,395,2024-02-02,procesando,261.24,14,200,54.86,479.53,debit_card,standard,10,
2590,ORD-20250529-02590,169,2025-05-29,pendiente,1501.08,1,250,315.23,2051.3,credit_card,express,,Nota del cliente: Envolver para regalo
2591,ORD-20240328-02591,499,2024-03-28,entregado,2923.54,6,430,613.94,3792.07,cash_on_delivery,express,,
2592,ORD-20230910-02592,456,2023-09-10,enviado,1730.69,9,250,363.44,2188.37,credit_card,standard,,Nota del cliente: Entregar por la tarde
2593,ORD-20240424-02593,65,2024-04-24,entregado,4707.85,7,70,988.65,5436.95,debit_card,express,,
2594,ORD-20230623-02594,145,2023-06-23,entregado,1865.83,7,250,391.82,2377.04,bank_transfer,pickup,,
2595,ORD-20230926-02595,188,2023-09-26,pendiente,4103,14,350,861.63,4740.21,debit_card,standard,,Nota del cliente: Entregar por la tarde
2596,ORD-20250908-02596,182,2025-09-08,procesando,1491.4,13,90,313.19,1700.71,cash_on_delivery,pickup,5,
2597,ORD-20240610-02597,364,2024-06-10,procesando,583.28,6,240,122.49,910.77,bank_transfer,pickup,,
2598,ORD-20240420-02598,271,2024-04-20,pendiente,2201.94,8,380,462.41,2868.19,bank_transfer,standard,6,
2599,ORD-20240101-02599,257,2024-01-01,procesando,1377.74,1,150,289.33,1803.29,credit_card,express,,
2600,ORD-20231103-02600,336,2023-11-03,procesando,2511.18,1,280,527.35,3293.42,cash_on_delivery,standard,,
2601,ORD-20230914-02601,139,2023-09-14,cancelado,3031.36,4,90,636.59,3636.7,credit_card,same_day,,
2602,ORD-20250308-02602,441,2025-03-08,enviado,1116.19,12,340,234.4,1556.65,debit_card,standard,,
2603,ORD-20230417-02603,58,2023-04-17,enviado,2820.21,8,310,592.24,3496.83,debit_card,express,,
2604,ORD-20230522-02604,351,2023-05-22,pendiente,1723.58,3,170,361.95,2203.82,credit_card,pickup,,
2605,ORD-20240215-02605,481,2024-02-15,procesando,4911.58,8,120,1031.43,5670.08,cash_on_delivery,same_day,,
2606,ORD-20260308-02606,385,2026-03-08,procesando,1430.88,8,10,300.48,1626.89,credit_card,pickup,,
2607,ORD-20231205-02607,207,2023-12-05,enviado,806.52,7,260,169.37,1179.43,cash_on_delivery,standard,9,
2608,ORD-20240912-02608,424,2024-09-12,pendiente,440.59,8,270,92.52,767.86,debit_card,same_day,,
2609,ORD-20231108-02609,7,2023-11-08,procesando,3060.76,16,400,642.76,3613.8,credit_card,standard,,
2610,ORD-20251228-02610,441,2025-12-28,cancelado,2607.82,13,400,547.64,3216.44,cash_on_delivery,same_day,,
2611,ORD-20230210-02611,237,2023-02-10,procesando,1866.66,10,390,392,2461.99,credit_card,pickup,,
2612,ORD-20241013-02612,183,2024-10-13,cancelado,448.65,15,50,94.22,525.57,credit_card,express,,
2613,ORD-20240720-02613,338,2024-07-20,entregado,1732.8,11,400,363.89,2306.08,debit_card,express,,
2614,ORD-20251102-02614,315,2025-11-02,procesando,1073.65,4,360,225.47,1616.17,cash_on_delivery,express,,
2615,ORD-20230409-02615,35,2023-04-09,pendiente,1305.67,4,500,274.19,2027.63,paypal,same_day,,
2616,ORD-20250808-02616,246,2025-08-08,pendiente,3418.03,13,0,717.79,3691.48,credit_card,pickup,,
2617,ORD-20250607-02617,354,2025-06-07,pendiente,3343.38,19,460,702.11,3870.25,debit_card,pickup,8,Nota del cliente: Entregar por la tarde
2618,ORD-20260106-02618,205,2026-01-06,enviado,303.87,12,160,63.81,491.22,cash_on_delivery,same_day,,
2619,ORD-20230307-02619,50,2023-03-07,entregado,4147.68,9,310,871.01,4955.4,bank_transfer,pickup,,
2620,ORD-20251201-02620,248,2025-12-01,entregado,117.56,15,340,24.69,464.62,cash_on_delivery,pickup,,
2621,ORD-20250911-02621,195,2025-09-11,cancelado,1006.84,19,300,211.44,1326.98,cash_on_delivery,pickup,,
2622,ORD-20230430-02622,33,2023-04-30,entregado,5029.73,6,200,1056.24,5984.19,paypal,standard,,
2623,ORD-20251023-02623,449,2025-10-23,cancelado,110.4,2,250,23.18,381.37,paypal,pickup,,
2624,ORD-20230612-02624,403,2023-06-12,pendiente,4556.5,20,390,956.87,4992.07,credit_card,standard,,Nota del cliente: Envolver para regalo
2625,ORD-20230717-02625,333,2023-07-17,procesando,2604.52,15,370,546.95,3130.79,debit_card,express,,
2626,ORD-20250108-02626,460,2025-01-08,entregado,313.45,1,190,65.82,566.14,credit_card,pickup,,
2627,ORD-20241018-02627,51,2024-10-18,pendiente,2097.88,8,170,440.55,2540.6,debit_card,express,,
2628,ORD-20240120-02628,433,2024-01-20,entregado,4386.09,14,250,921.08,4943.12,paypal,express,,
2629,ORD-20241128-02629,393,2024-11-28,entregado,4132.54,14,190,867.83,4611.81,debit_card,same_day,4,
2630,ORD-20230325-02630,188,2023-03-25,enviado,1110.47,3,440,233.2,1750.36,paypal,standard,2,
2631,ORD-20230722-02631,108,2023-07-22,procesando,927.58,1,360,194.79,1473.09,paypal,standard,,
2632,ORD-20230731-02632,2,2023-07-31,procesando,810.4,19,430,170.18,1256.6,paypal,same_day,6,Nota del cliente: Llamar antes
2633,ORD-20250809-02633,451,2025-08-09,cancelado,350.84,8,150,73.68,546.45,cash_on_delivery,standard,,Nota del cliente: Entregar por la tarde
2634,ORD-20230802-02634,202,2023-08-02,enviado,2823.76,20,140,592.99,2992,cash_on_delivery,express,,
2635,ORD-20240705-02635,426,2024-07-05,procesando,3630.76,5,140,762.46,4351.68,bank_transfer,express,,
2636,ORD-20230413-02636,449,2023-04-13,pendiente,280.66,15,480,58.94,777.5,paypal,pickup,,Nota del cliente: Llamar antes
2637,ORD-20230106-02637,257,2023-01-06,enviado,2971.61,8,460,624.04,3817.92,debit_card,express,,Nota del cliente: Envolver para regalo
2638,ORD-20250401-02638,370,2025-04-01,pendiente,5406.99,19,310,1135.47,5825.13,credit_card,same_day,,Nota del cliente: Dejar en portería
2639,ORD-20230310-02639,178,2023-03-10,pendiente,2253.09,10,90,473.15,2590.93,credit_card,pickup,,
2640,ORD-20250908-02640,257,2025-09-08,cancelado,5598.33,8,210,1175.65,6536.11,credit_card,same_day,,
2641,ORD-20230629-02641,147,2023-06-29,enviado,1528.72,6,490,321.03,2248.03,credit_card,express,2,
2642,ORD-20250527-02642,364,2025-05-27,cancelado,448.65,11,260,94.22,753.52,cash_on_delivery,standard,,
2643,ORD-20241003-02643,301,2024-10-03,procesando,1701.32,9,110,357.28,2015.48,bank_transfer,express,8,
2644,ORD-20240621-02644,247,2024-06-21,entregado,661.86,6,330,138.99,1091.14,bank_transfer,express,6,
2645,ORD-20230204-02645,435,2023-02-04,procesando,1909.65,5,230,401.03,2445.2,credit_card,standard,2,Nota del cliente: Dejar en portería
2646,ORD-20240705-02646,354,2024-07-05,procesando,926.85,20,20,194.64,956.12,credit_card,express,,
2647,ORD-20250303-02647,343,2025-03-03,entregado,4253.15,9,470,893.16,5233.53,paypal,standard,,Nota del cliente: Entregar por la tarde
2648,ORD-20240627-02648,136,2024-06-27,enviado,1520.29,1,40,319.26,1864.35,credit_card,standard,,Nota del cliente: Entregar por la tarde
2649,ORD-20260220-02649,143,2026-02-20,enviado,1868.94,1,70,392.48,2312.73,paypal,same_day,,
2650,ORD-20240510-02650,400,2024-05-10,entregado,988.26,7,300,207.53,1426.61,debit_card,express,,
2651,ORD-20230419-02651,293,2023-04-19,entregado,1276.76,16,430,268.12,1770.6,cash_on_delivery,express,,
2652,ORD-20240317-02652,408,2024-03-17,enviado,2549.82,0,40,535.46,3125.28,bank_transfer,standard,3,
2653,ORD-20251104-02653,52,2025-11-04,enviado,3447.46,10,190,723.97,4016.68,debit_card,pickup,,
2654,ORD-20250611-02654,89,2025-06-11,procesando,118.28,16,200,24.84,324.2,paypal,express,4,Nota del cliente: Envolver para regalo
2655,ORD-20230827-02655,78,2023-08-27,enviado,102.54,20,500,21.53,603.56,cash_on_delivery,express,,
2656,ORD-20240502-02656,26,2024-05-02,enviado,63.06,0,70,13.24,146.3,debit_card,express,,
2657,ORD-20250628-02657,210,2025-06-28,pendiente,1027.96,5,340,215.87,1532.43,bank_transfer,pickup,,
2658,ORD-20231211-02658,485,2023-12-11,cancelado,3095.78,16,460,650.11,3710.57,debit_card,express,,
2659,ORD-20260215-02659,131,2026-02-15,cancelado,732.4,1,330,153.8,1208.88,credit_card,standard,,Nota del cliente: Llamar antes
2660,ORD-20241101-02660,80,2024-11-01,entregado,1029.11,12,190,216.11,1311.73,credit_card,pickup,,
2661,ORD-20250531-02661,21,2025-05-31,entregado,1505.3,11,130,316.11,1785.83,cash_on_delivery,pickup,,Nota del cliente: Envolver para regalo
2662,ORD-20250727-02662,150,2025-07-27,procesando,468.08,15,180,98.3,676.17,bank_transfer,standard,2,Nota del cliente: Llamar antes
2663,ORD-20251013-02663,464,2025-10-13,cancelado,2787.54,10,220,585.38,3314.17,bank_transfer,express,,
2664,ORD-20240414-02664,223,2024-04-14,procesando,449,3,430,94.29,959.82,paypal,standard,4,
2665,ORD-20250513-02665,367,2025-05-13,entregado,644.19,3,30,135.28,790.14,credit_card,express,7,
2666,ORD-20240517-02666,83,2024-05-17,procesando,922.6,13,100,193.75,1096.41,debit_card,same_day,,
2667,ORD-20241001-02667,411,2024-10-01,procesando,2820.92,3,120,592.39,3448.68,bank_transfer,standard,10,
2668,ORD-20251212-02668,34,2025-12-12,procesando,3179.15,17,270,667.62,3576.31,paypal,express,,
2669,ORD-20241230-02669,210,2024-12-30,cancelado,910.05,14,330,191.11,1303.75,paypal,same_day,,
2670,ORD-20260309-02670,488,2026-03-09,entregado,3615.42,7,210,759.24,4331.58,cash_on_delivery,express,2,
2671,ORD-20230524-02671,85,2023-05-24,enviado,757.84,0,230,159.15,1146.99,bank_transfer,express,7,
2672,ORD-20251226-02672,240,2025-12-26,cancelado,399.15,4,210,83.82,677,paypal,pickup,6,
2673,ORD-20230904-02673,54,2023-09-04,procesando,5208.95,20,220,1093.88,5481.04,paypal,pickup,,
2674,ORD-20240724-02674,473,2024-07-24,enviado,1649.36,14,300,346.37,2064.82,credit_card,express,9,Nota del cliente: Dejar en portería
2675,ORD-20230926-02675,447,2023-09-26,entregado,480.38,15,350,100.88,859.2,debit_card,standard,1,Nota del cliente: Dejar en portería
2676,ORD-20250725-02676,259,2025-07-25,cancelado,4493.11,7,450,943.55,5572.14,cash_on_delivery,standard,,
2677,ORD-20230717-02677,432,2023-07-17,entregado,3084.14,1,80,647.67,3780.97,bank_transfer,express,,
2678,ORD-20250324-02678,461,2025-03-24,pendiente,4532.97,1,10,951.92,5449.56,credit_card,pickup,,
2679,ORD-20230910-02679,101,2023-09-10,entregado,2564.14,8,460,538.47,3357.48,bank_transfer,standard,,Nota del cliente: Llamar antes
2680,ORD-20240727-02680,202,2024-07-27,enviado,331.64,2,390,69.64,784.65,cash_on_delivery,same_day,1,
2681,ORD-20240317-02681,6,2024-03-17,cancelado,1471.62,4,350,309.04,2071.8,credit_card,standard,,Nota del cliente: Llamar antes
2682,ORD-20240827-02682,235,2024-08-27,entregado,3162.45,11,140,664.11,3618.69,cash_on_delivery,same_day,1,
2683,ORD-20240125-02683,91,2024-01-25,pendiente,2191.51,15,280,460.22,2603,credit_card,standard,,
2684,ORD-20250827-02684,350,2025-08-27,enviado,5560.09,16,80,1167.62,5918.1,credit_card,pickup,,Nota del cliente: Dejar en portería
2685,ORD-20230621-02685,194,2023-06-21,cancelado,1156.16,19,10,242.79,1189.28,bank_transfer,pickup,,Nota del cliente: Dejar en portería
2686,ORD-20241121-02686,145,2024-11-21,procesando,2222.01,18,410,466.62,2698.67,cash_on_delivery,standard,,
2687,ORD-20251106-02687,287,2025-11-06,procesando,641.15,6,10,134.64,747.32,cash_on_delivery,same_day,,
2688,ORD-20240226-02688,159,2024-02-26,pendiente,3792.6,14,290,796.45,4348.09,debit_card,same_day,,
2689,ORD-20240109-02689,184,2024-01-09,cancelado,2801.36,14,400,588.29,3397.46,debit_card,standard,,
2690,ORD-20260130-02690,395,2026-01-30,enviado,4521.52,10,350,949.52,5368.89,cash_on_delivery,standard,,
2691,ORD-20230412-02691,83,2023-04-12,pendiente,1780.73,5,370,373.95,2435.64,paypal,same_day,8,
2692,ORD-20240526-02692,343,2024-05-26,entregado,891.84,7,60,187.29,1076.7,credit_card,same_day,10,Nota del cliente: Entregar por la tarde
2693,ORD-20260217-02693,269,2026-02-17,cancelado,1409.87,19,460,296.07,1898.06,bank_transfer,same_day,7,
2694,ORD-20240104-02694,24,2024-01-04,cancelado,730.8,14,380,153.47,1161.96,paypal,pickup,2,
2695,ORD-20230517-02695,182,2023-05-17,pendiente,1770.2,9,470,371.74,2452.62,bank_transfer,same_day,,
2696,ORD-20240306-02696,165,2024-03-06,entregado,3632.68,13,210,762.86,4133.29,paypal,same_day,,
2697,ORD-20251015-02697,147,2025-10-15,entregado,1981.62,14,160,416.14,2280.33,paypal,pickup,1,
2698,ORD-20250704-02698,50,2025-07-04,enviado,2396.72,2,170,503.31,3022.1,bank_transfer,standard,6,
2699,ORD-20250902-02699,449,2025-09-02,enviado,702.38,16,50,147.5,787.5,bank_transfer,same_day,,
2700,ORD-20240305-02700,462,2024-03-05,enviado,919.09,11,100,193.01,1111,paypal,same_day,,
2701,ORD-20230120-02701,90,2023-01-20,enviado,1655.02,19,300,347.55,1988.12,debit_card,standard,,
2702,ORD-20260213-02702,276,2026-02-13,enviado,3492.57,16,140,733.44,3807.2,paypal,same_day,,
2703,ORD-20250518-02703,159,2025-05-18,cancelado,894.4,7,350,187.82,1369.61,paypal,standard,7,
2704,ORD-20231018-02704,15,2023-10-18,pendiente,3015.53,15,390,633.26,3586.46,cash_on_delivery,pickup,,
2705,ORD-20230615-02705,191,2023-06-15,cancelado,2266.64,11,170,475.99,2663.3,bank_transfer,standard,,
2706,ORD-20250308-02706,434,2025-03-08,entregado,2727.01,4,90,572.67,3280.6,paypal,standard,5,
2707,ORD-20240201-02707,113,2024-02-01,procesando,1184.88,0,380,248.82,1813.7,credit_card,same_day,,
2708,ORD-20241210-02708,16,2024-12-10,procesando,3050.94,19,300,640.7,3411.96,paypal,same_day,,
2709,ORD-20251217-02709,451,2025-12-17,entregado,937.8,14,220,196.94,1223.45,bank_transfer,express,,
2710,ORD-20230308-02710,263,2023-03-08,procesando,3168.51,4,70,665.39,3777.16,bank_transfer,express,,
2711,ORD-20240808-02711,394,2024-08-08,enviado,4357.12,11,60,915,4852.84,paypal,express,,
2712,ORD-20250419-02712,243,2025-04-19,procesando,1938.34,19,390,407.05,2367.11,bank_transfer,pickup,10,
2713,ORD-20230308-02713,396,2023-03-08,pendiente,4082.22,18,20,857.27,4224.69,debit_card,same_day,,
2714,ORD-20231227-02714,364,2023-12-27,pendiente,3486.63,6,120,732.19,4129.62,credit_card,pickup,,
2715,ORD-20230530-02715,208,2023-05-30,enviado,967.73,18,30,203.22,1026.76,paypal,pickup,,
2716,ORD-20250213-02716,146,2025-02-13,entregado,4458.08,16,120,936.2,4800.99,bank_transfer,standard,1,
2717,ORD-20240115-02717,141,2024-01-15,entregado,4896.2,13,240,1028.2,5527.89,cash_on_delivery,express,,
2718,ORD-20251201-02718,384,2025-12-01,entregado,1208.51,14,440,253.79,1733.11,paypal,pickup,,
2719,ORD-20240912-02719,62,2024-09-12,cancelado,30.66,13,90,6.44,123.11,credit_card,same_day,5,
2720,ORD-20251127-02720,184,2025-11-27,pendiente,4183.2,15,380,878.47,4814.19,paypal,same_day,1,
2721,ORD-20240123-02721,8,2024-01-23,pendiente,2085.54,9,390,437.96,2725.8,bank_transfer,same_day,,
2722,ORD-20240730-02722,487,2024-07-30,cancelado,350.84,0,50,73.68,474.52,credit_card,same_day,3,
2723,ORD-20241109-02723,271,2024-11-09,entregado,2837.32,13,130,595.84,3194.31,credit_card,standard,,Nota del cliente: Envolver para regalo
2724,ORD-20250614-02724,425,2025-06-14,procesando,815.56,3,270,171.27,1232.36,debit_card,standard,,
2725,ORD-20230202-02725,402,2023-02-02,procesando,2498.77,19,60,524.74,2608.74,paypal,express,,Nota del cliente: Envolver para regalo
2726,ORD-20240215-02726,410,2024-02-15,pendiente,862.1,10,290,181.04,1246.93,bank_transfer,pickup,,
2727,ORD-20240202-02727,198,2024-02-02,enviado,6781.79,3,50,1424.18,8052.52,cash_on_delivery,same_day,,
2728,ORD-20240523-02728,70,2024-05-23,enviado,4790.08,20,490,1005.92,5327.98,credit_card,pickup,,Nota del cliente: Entregar por la tarde
2729,ORD-20230809-02729,4,2023-08-09,enviado,1458.46,5,80,306.28,1771.82,cash_on_delivery,same_day,9,Nota del cliente: Envolver para regalo
2730,ORD-20251203-02730,224,2025-12-03,procesando,4808.04,12,90,1009.69,5330.77,cash_on_delivery,standard,,Nota del cliente: Llamar antes
2731,ORD-20251231-02731,96,2025-12-31,cancelado,2101.58,10,170,441.33,2502.75,debit_card,same_day,10,
2732,ORD-20230919-02732,117,2023-09-19,cancelado,1451.3,20,400,304.77,1865.81,credit_card,pickup,,
2733,ORD-20251226-02733,44,2025-12-26,cancelado,839.46,1,450,176.29,1457.36,cash_on_delivery,express,,
2734,ORD-20230208-02734,41,2023-02-08,procesando,1716.65,8,320,360.5,2259.82,paypal,same_day,,Nota del cliente: Entregar por la tarde
2735,ORD-20250511-02735,236,2025-05-11,procesando,5432.51,11,410,1140.83,6385.76,credit_card,express,,
2736,ORD-20230621-02736,130,2023-06-21,enviado,3927.6,2,190,824.8,4863.85,paypal,standard,,
2737,ORD-20250226-02737,22,2025-02-26,cancelado,1439.76,4,320,302.35,2004.52,debit_card,standard,,
2738,ORD-20250927-02738,105,2025-09-27,enviado,1416.5,8,380,297.47,1980.65,credit_card,express,1,
2739,ORD-20250317-02739,141,2025-03-17,entregado,995.8,5,30,209.12,1185.13,bank_transfer,pickup,3,
2740,ORD-20251105-02740,11,2025-11-05,pendiente,487.2,5,430,102.31,995.15,debit_card,same_day,,
2741,ORD-20240924-02741,400,2024-09-24,procesando,1087.42,5,50,228.36,1311.41,cash_on_delivery,express,,
2742,ORD-20250319-02742,93,2025-03-19,pendiente,1361.12,2,140,285.84,1759.74,credit_card,express,,
2743,ORD-20230826-02743,467,2023-08-26,pendiente,76.1,14,150,15.98,231.43,cash_on_delivery,standard,5,
2744,ORD-20240421-02744,483,2024-04-21,cancelado,1563.1,20,240,328.25,1818.73,cash_on_delivery,pickup,,
2745,ORD-20260131-02745,269,2026-01-31,pendiente,72.5,20,140,15.23,213.23,paypal,standard,,
2746,ORD-20240605-02746,18,2024-06-05,entregado,1417.3,11,140,297.63,1699.03,credit_card,express,,
2747,ORD-20251229-02747,254,2025-12-29,procesando,2532.74,17,180,531.88,2814.05,bank_transfer,same_day,2,
2748,ORD-20231106-02748,403,2023-11-06,pendiente,1093.1,20,400,229.55,1504.03,cash_on_delivery,standard,,
2749,ORD-20251204-02749,129,2025-12-04,pendiente,2486.18,17,400,522.1,2985.63,bank_transfer,express,6,
2750,ORD-20250203-02750,354,2025-02-03,entregado,284.76,12,50,59.8,360.39,debit_card,same_day,9,
2751,ORD-20241211-02751,172,2024-12-11,enviado,2173.83,13,150,456.5,2497.73,bank_transfer,express,,
2752,ORD-20250217-02752,181,2025-02-17,cancelado,1808.31,10,310,379.75,2317.23,paypal,standard,,
2753,ORD-20241006-02753,208,2024-10-06,entregado,3267.12,15,460,686.1,3923.15,credit_card,standard,,
2754,ORD-20240308-02754,56,2024-03-08,procesando,2018.82,15,320,423.95,2459.95,cash_on_delivery,pickup,,
2755,ORD-20241026-02755,291,2024-10-26,pendiente,5406.95,6,190,1135.46,6407.99,debit_card,express,,
2756,ORD-20240508-02756,433,2024-05-08,enviado,1924.99,1,170,404.25,2479.99,bank_transfer,express,4,
2757,ORD-20240201-02757,301,2024-02-01,enviado,1225.94,16,220,257.45,1507.24,cash_on_delivery,same_day,,
2758,ORD-20241125-02758,371,2024-11-25,enviado,375.27,10,380,78.81,796.55,bank_transfer,standard,,
2759,ORD-20230707-02759,110,2023-07-07,entregado,4586.51,12,40,963.17,5039.3,credit_card,pickup,,Nota del cliente: Dejar en portería
2760,ORD-20230614-02760,207,2023-06-14,entregado,387.15,16,150,81.3,556.51,cash_on_delivery,standard,,Nota del cliente: Llamar antes
2761,ORD-20230310-02761,403,2023-03-10,procesando,546.2,7,290,114.7,912.67,cash_on_delivery,pickup,,
2762,ORD-20231018-02762,283,2023-10-18,procesando,1819.63,11,300,382.12,2301.59,debit_card,standard,,
2763,ORD-20250422-02763,218,2025-04-22,pendiente,4422.61,20,400,928.75,4866.84,bank_transfer,pickup,,
2764,ORD-20260117-02764,255,2026-01-17,cancelado,2194.8,2,430,460.91,3041.81,cash_on_delivery,express,,
2765,ORD-20260304-02765,388,2026-03-04,pendiente,2527.62,3,80,530.8,3062.59,cash_on_delivery,express,,
2766,ORD-20250818-02766,467,2025-08-18,pendiente,592.24,16,310,124.37,931.85,paypal,pickup,,
2767,ORD-20250228-02767,215,2025-02-28,procesando,1848.58,19,130,388.2,2015.55,bank_transfer,standard,,Nota del cliente: Envolver para regalo
2768,ORD-20260304-02768,110,2026-03-04,procesando,871.36,1,450,182.99,1495.64,bank_transfer,pickup,,
2769,ORD-20230507-02769,17,2023-05-07,enviado,2150.65,17,20,451.64,2256.68,debit_card,standard,,
2770,ORD-20250320-02770,274,2025-03-20,procesando,2115.75,2,400,444.31,2917.75,paypal,express,,
2771,ORD-20251121-02771,202,2025-11-21,enviado,4103.64,20,10,861.76,4154.67,debit_card,pickup,,
2772,ORD-20250205-02772,252,2025-02-05,pendiente,2543.12,18,470,534.06,3089.42,bank_transfer,pickup,,
2773,ORD-20250803-02773,239,2025-08-03,procesando,3093.43,14,170,649.62,3479.97,debit_card,same_day,,Nota del cliente: Entregar por la tarde
2774,ORD-20240111-02774,427,2024-01-11,pendiente,1841.57,19,410,386.73,2288.4,debit_card,standard,7,
2775,ORD-20240808-02775,8,2024-08-08,pendiente,6030.67,7,230,1266.44,7104.96,paypal,standard,,
2776,ORD-20240517-02776,225,2024-05-17,enviado,799.95,20,240,167.99,1047.95,cash_on_delivery,express,4,
2777,ORD-20260203-02777,349,2026-02-03,pendiente,2912.35,12,60,611.59,3234.46,credit_card,express,,
2778,ORD-20250805-02778,404,2025-08-05,enviado,1700.81,1,100,357.17,2140.97,debit_card,pickup,,Nota del cliente: Llamar antes
2779,ORD-20260129-02779,234,2026-01-29,procesando,4028.71,0,40,846.03,4914.74,debit_card,same_day,10,
2780,ORD-20250608-02780,150,2025-06-08,procesando,1365.5,15,420,286.76,1867.44,bank_transfer,pickup,,
2781,ORD-20240816-02781,161,2024-08-16,entregado,1370.09,12,260,287.72,1753.4,paypal,standard,8,
2782,ORD-20250410-02782,91,2025-04-10,pendiente,2238.63,2,100,470.11,2763.97,paypal,standard,,Nota del cliente: Envolver para regalo
2783,ORD-20240927-02783,138,2024-09-27,enviado,4212.09,10,30,884.54,4705.42,cash_on_delivery,express,,
2784,ORD-20250501-02784,78,2025-05-01,cancelado,2514.17,15,100,527.98,2765.02,cash_on_delivery,pickup,,
2785,ORD-20250927-02785,346,2025-09-27,enviado,2247.36,5,250,471.95,2856.94,bank_transfer,same_day,8,Nota del cliente: Envolver para regalo
2786,ORD-20231002-02786,167,2023-10-02,procesando,630.34,4,130,132.37,867.5,credit_card,same_day,,Nota del cliente: Envolver para regalo
2787,ORD-20231110-02787,477,2023-11-10,cancelado,655.86,14,220,137.73,921.77,bank_transfer,standard,6,
2788,ORD-20251109-02788,469,2025-11-09,enviado,1932.68,6,350,405.86,2572.58,cash_on_delivery,same_day,,
2789,ORD-20231125-02789,231,2023-11-25,cancelado,2921.97,20,350,613.61,3301.19,credit_card,standard,,
2790,ORD-20240816-02790,428,2024-08-16,pendiente,1481.94,18,440,311.21,1966.4,cash_on_delivery,same_day,,
2791,ORD-20230827-02791,359,2023-08-27,enviado,3388.63,9,450,711.61,4245.26,bank_transfer,express,8,Nota del cliente: Envolver para regalo
2792,ORD-20230308-02792,222,2023-03-08,enviado,4020.41,4,150,844.29,4853.88,credit_card,pickup,,
2793,ORD-20240430-02793,58,2024-04-30,entregado,2261.98,18,360,475.02,2689.84,cash_on_delivery,standard,2,
2794,ORD-20260107-02794,32,2026-01-07,procesando,4072.48,13,60,855.22,4458.28,bank_transfer,express,,
2795,ORD-20250202-02795,18,2025-02-02,pendiente,224.5,0,200,47.15,471.65,cash_on_delivery,same_day,,Nota del cliente: Envolver para regalo
2796,ORD-20230815-02796,64,2023-08-15,procesando,1045.93,7,320,219.65,1512.36,credit_card,pickup,,
2797,ORD-20251117-02797,192,2025-11-17,pendiente,945.47,4,400,198.55,1506.2,debit_card,express,5,
2798,ORD-20250924-02798,488,2025-09-24,procesando,1565.92,6,200,328.84,2000.8,credit_card,pickup,,
2799,ORD-20240818-02799,475,2024-08-18,cancelado,2052.54,19,100,431.03,2193.59,credit_card,express,,
2800,ORD-20230425-02800,154,2023-04-25,enviado,1316.46,13,420,276.46,1841.78,bank_transfer,same_day,9,
2801,ORD-20230508-02801,161,2023-05-08,procesando,3056.53,7,470,641.87,3954.44,debit_card,pickup,,
2802,ORD-20241211-02802,387,2024-12-11,entregado,234.45,18,460,49.23,701.48,credit_card,same_day,2,
2803,ORD-20250812-02803,62,2025-08-12,pendiente,1986.65,8,210,417.2,2454.92,paypal,express,1,
2804,ORD-20260225-02804,410,2026-02-25,enviado,269.92,16,70,56.68,353.41,bank_transfer,standard,,
2805,ORD-20241003-02805,420,2024-10-03,entregado,1573.65,11,70,330.47,1801.02,debit_card,express,,
2806,ORD-20260205-02806,232,2026-02-05,procesando,1361.02,11,70,285.81,1567.12,paypal,pickup,,
2807,ORD-20241223-02807,208,2024-12-23,entregado,1335.26,20,490,280.4,1838.61,cash_on_delivery,express,,
2808,ORD-20260206-02808,64,2026-02-06,enviado,1284.73,4,360,269.79,1863.13,cash_on_delivery,pickup,,
2809,ORD-20230318-02809,471,2023-03-18,pendiente,1609.64,5,410,338.02,2277.18,bank_transfer,express,,
2810,ORD-20230804-02810,89,2023-08-04,pendiente,336.75,19,70,70.72,413.49,paypal,pickup,2,
2811,ORD-20251202-02811,71,2025-12-02,enviado,1800.4,11,160,378.08,2140.44,bank_transfer,express,,
2812,ORD-20250528-02812,318,2025-05-28,enviado,999.78,14,490,209.95,1559.76,debit_card,standard,9,Nota del cliente: Dejar en portería
2813,ORD-20250712-02813,17,2025-07-12,entregado,2463.27,18,450,517.29,2987.17,bank_transfer,express,,
2814,ORD-20240328-02814,277,2024-03-28,enviado,1351.61,12,40,283.84,1513.26,bank_transfer,express,,
2815,ORD-20250301-02815,261,2025-03-01,enviado,804.68,9,100,168.98,1001.24,cash_on_delivery,standard,4,
2816,ORD-20240603-02816,421,2024-06-03,pendiente,2247.6,9,110,472,2627.32,paypal,pickup,,
2817,ORD-20230228-02817,302,2023-02-28,entregado,1441.14,6,330,302.64,1987.31,credit_card,express,6,
2818,ORD-20230408-02818,201,2023-04-08,pendiente,1464.95,18,450,307.64,1958.9,cash_on_delivery,same_day,8,
2819,ORD-20250312-02819,200,2025-03-12,pendiente,4394.99,13,370,922.95,5116.59,credit_card,same_day,,
2820,ORD-20230819-02820,470,2023-08-19,pendiente,1094.37,15,250,229.82,1410.03,cash_on_delivery,express,,
2821,ORD-20231007-02821,112,2023-10-07,cancelado,2714.26,6,260,569.99,3381.39,bank_transfer,express,,
2822,ORD-20241211-02822,401,2024-12-11,enviado,1028.79,13,480,216.05,1591.1,debit_card,standard,,
2823,ORD-20230718-02823,254,2023-07-18,pendiente,1613.04,11,40,338.74,1814.35,paypal,standard,,
2824,ORD-20240811-02824,353,2024-08-11,enviado,2659.61,13,380,558.52,3252.38,paypal,standard,,
2825,ORD-20230330-02825,353,2023-03-30,pendiente,1758.18,5,200,369.22,2239.49,bank_transfer,express,,Nota del cliente: Entregar por la tarde
2826,ORD-20241215-02826,23,2024-12-15,pendiente,1123.08,9,460,235.85,1717.85,debit_card,pickup,,
2827,ORD-20250113-02827,271,2025-01-13,procesando,1861.53,12,160,390.92,2189.07,paypal,standard,,
2828,ORD-20230508-02828,210,2023-05-08,cancelado,1935.32,8,290,406.42,2476.91,credit_card,same_day,,
2829,ORD-20230617-02829,33,2023-06-17,entregado,1711.84,0,120,359.49,2191.33,credit_card,standard,,
2830,ORD-20250415-02830,157,2025-04-15,enviado,831.48,17,350,174.61,1214.74,debit_card,pickup,,
2831,ORD-20240929-02831,306,2024-09-29,enviado,976.94,1,400,205.16,1572.33,debit_card,pickup,,
2832,ORD-20250427-02832,256,2025-04-27,enviado,1613.04,8,500,338.74,2322.74,credit_card,same_day,1,
2833,ORD-20251208-02833,91,2025-12-08,entregado,3605.54,12,360,757.16,4290.04,bank_transfer,pickup,,
2834,ORD-20250222-02834,173,2025-02-22,enviado,2943.05,4,420,618.04,3863.37,bank_transfer,same_day,,Nota del cliente: Entregar por la tarde
2835,ORD-20230803-02835,396,2023-08-03,cancelado,2767.22,3,20,581.12,3285.32,credit_card,pickup,4,
2836,ORD-20241016-02836,88,2024-10-16,pendiente,2727.72,4,240,572.82,3431.43,bank_transfer,standard,,
2837,ORD-20250221-02837,177,2025-02-21,enviado,1573.3,15,300,330.39,1967.7,credit_card,same_day,5,
2838,ORD-20250824-02838,185,2025-08-24,entregado,1792.45,2,310,376.41,2443.01,cash_on_delivery,pickup,,
2839,ORD-20251218-02839,494,2025-12-18,enviado,4359.4,2,370,915.47,5557.68,debit_card,same_day,,
2840,ORD-20240716-02840,76,2024-07-16,procesando,2469.76,0,350,518.65,3338.41,debit_card,pickup,,
2841,ORD-20230201-02841,39,2023-02-01,procesando,7132.33,12,400,1497.79,8174.24,credit_card,standard,,
2842,ORD-20250728-02842,128,2025-07-28,enviado,1599.36,4,60,335.87,1931.26,paypal,pickup,,
2843,ORD-20240920-02843,62,2024-09-20,enviado,1971.71,12,250,414.06,2399.16,debit_card,pickup,8,
2844,ORD-20240514-02844,203,2024-05-14,pendiente,3754.25,12,490,788.39,4582.13,cash_on_delivery,pickup,,
2845,ORD-20230429-02845,495,2023-04-29,cancelado,405.2,13,300,85.09,737.61,bank_transfer,pickup,,
2846,ORD-20230123-02846,499,2023-01-23,pendiente,3017.24,15,350,633.62,3548.27,cash_on_delivery,standard,,
2847,ORD-20241110-02847,447,2024-11-10,enviado,2072.33,2,500,435.19,2966.07,paypal,pickup,2,Nota del cliente: Dejar en portería
2848,ORD-20240111-02848,33,2024-01-11,cancelado,3062.2,17,440,643.06,3624.69,credit_card,standard,5,
2849,ORD-20230408-02849,29,2023-04-08,cancelado,3535.33,1,420,742.42,4662.4,bank_transfer,pickup,,Nota del cliente: Dejar en portería
2850,ORD-20250530-02850,392,2025-05-30,entregado,1921.34,15,420,403.48,2456.62,cash_on_delivery,standard,7,
2851,ORD-20250727-02851,45,2025-07-27,pendiente,2590.67,10,210,544.04,3085.64,bank_transfer,express,,Nota del cliente: Entregar por la tarde
2852,ORD-20230121-02852,202,2023-01-21,entregado,4340.33,3,40,911.47,5161.59,debit_card,pickup,,Nota del cliente: Envolver para regalo
2853,ORD-20231106-02853,341,2023-11-06,procesando,2992.01,17,340,628.32,3451.69,paypal,same_day,3,
2854,ORD-20251230-02854,491,2025-12-30,entregado,2319.69,9,350,487.13,2948.05,debit_card,standard,,
2855,ORD-20250109-02855,374,2025-01-09,enviado,941.25,10,380,197.66,1424.79,debit_card,same_day,8,
2856,ORD-20251228-02856,345,2025-12-28,procesando,4034.76,12,100,847.3,4497.89,credit_card,express,10,
2857,ORD-20250603-02857,403,2025-06-03,cancelado,2092.34,9,20,439.39,2363.42,credit_card,same_day,,
2858,ORD-20251203-02858,2,2025-12-03,cancelado,1889.73,6,160,396.84,2333.19,credit_card,pickup,,
2859,ORD-20251202-02859,286,2025-12-02,pendiente,2217.46,7,490,465.67,3017.91,debit_card,same_day,,Nota del cliente: Dejar en portería
2860,ORD-20240722-02860,306,2024-07-22,procesando,724.52,0,150,152.15,1026.67,debit_card,standard,,
2861,ORD-20260304-02861,76,2026-03-04,pendiente,4525.23,5,470,950.3,5719.27,paypal,standard,,Nota del cliente: Dejar en portería
2862,ORD-20240531-02862,462,2024-05-31,cancelado,910.67,15,320,191.24,1285.31,credit_card,express,,
2863,ORD-20240528-02863,227,2024-05-28,cancelado,3123.51,7,370,655.94,3930.8,debit_card,express,10,
2864,ORD-20260304-02864,59,2026-03-04,entregado,2017.88,18,410,423.75,2488.41,cash_on_delivery,express,,
2865,ORD-20251110-02865,69,2025-11-10,entregado,2375.54,4,150,498.86,2929.38,debit_card,pickup,,
2866,ORD-20240209-02866,38,2024-02-09,pendiente,2621.15,12,20,550.44,2877.05,debit_card,same_day,,
2867,ORD-20231020-02867,408,2023-10-20,pendiente,352.68,13,500,74.06,880.89,bank_transfer,pickup,,
2868,ORD-20231002-02868,206,2023-10-02,cancelado,2502.92,3,480,525.61,3433.44,paypal,standard,2,
2869,ORD-20251112-02869,385,2025-11-12,entregado,1008.6,15,230,211.81,1299.12,bank_transfer,express,,
2870,ORD-20240201-02870,195,2024-02-01,entregado,1832.74,3,170,384.88,2332.64,credit_card,same_day,,
2871,ORD-20240313-02871,103,2024-03-13,enviado,981.55,3,300,206.13,1458.23,debit_card,standard,,
2872,ORD-20240915-02872,367,2024-09-15,procesando,989.33,16,500,207.76,1538.8,debit_card,standard,2,
2873,ORD-20231127-02873,405,2023-11-27,procesando,3876.44,7,170,814.05,4589.14,debit_card,same_day,4,
2874,ORD-20230223-02874,279,2023-02-23,enviado,2042.51,19,70,428.93,2153.36,bank_transfer,express,,
2875,ORD-20250513-02875,104,2025-05-13,cancelado,1736.62,19,320,364.69,2091.35,paypal,standard,,
2876,ORD-20231216-02876,69,2023-12-16,enviado,456.24,19,190,95.81,655.36,cash_on_delivery,express,,
2877,ORD-20240630-02877,220,2024-06-30,pendiente,166.88,17,450,35.04,623.55,cash_on_delivery,express,1,
2878,ORD-20240130-02878,167,2024-01-30,cancelado,1888.95,11,410,396.68,2487.85,debit_card,express,,
2879,ORD-20231118-02879,272,2023-11-18,cancelado,143.14,14,470,30.06,623.16,cash_on_delivery,express,7,Nota del cliente: Llamar antes
2880,ORD-20240711-02880,239,2024-07-11,pendiente,102.54,3,260,21.53,380.99,debit_card,same_day,,
2881,ORD-20240303-02881,236,2024-03-03,procesando,5738.73,9,300,1205.13,6727.37,paypal,same_day,,
2882,ORD-20240510-02882,161,2024-05-10,pendiente,2915.7,13,420,612.3,3568.96,debit_card,pickup,,
2883,ORD-20260109-02883,49,2026-01-09,procesando,1579.56,14,190,331.71,1880.13,credit_card,express,,
2884,ORD-20231124-02884,239,2023-11-24,procesando,1609.64,8,190,338.02,2008.89,credit_card,express,6,Nota del cliente: Envolver para regalo
2885,ORD-20240814-02885,360,2024-08-14,procesando,1574.65,3,40,330.68,1898.09,bank_transfer,express,,Nota del cliente: Entregar por la tarde
2886,ORD-20240912-02886,325,2024-09-12,enviado,1366.68,12,30,287,1519.68,debit_card,standard,,
2887,ORD-20251103-02887,14,2025-11-03,procesando,1519.35,12,480,319.06,2136.09,bank_transfer,same_day,,
2888,ORD-20250506-02888,369,2025-05-06,entregado,7718.13,13,20,1620.81,8355.58,credit_card,pickup,,
2889,ORD-20230124-02889,283,2023-01-24,entregado,4365.84,11,50,916.83,4852.43,credit_card,same_day,,
2890,ORD-20240929-02890,120,2024-09-29,entregado,1020.04,2,270,214.21,1483.85,paypal,standard,6,
2891,ORD-20240819-02891,257,2024-08-19,pendiente,2284.92,7,260,479.83,2864.81,debit_card,pickup,,
2892,ORD-20240321-02892,59,2024-03-21,enviado,3602.16,12,470,756.45,4396.35,paypal,standard,,
2893,ORD-20251124-02893,284,2025-11-24,cancelado,1966.98,2,420,413.07,2760.71,paypal,express,,
2894,ORD-20250518-02894,176,2025-05-18,cancelado,1444.9,2,440,303.43,2159.43,credit_card,standard,,
2895,ORD-20250131-02895,112,2025-01-31,cancelado,4508.35,15,450,946.75,5228.85,cash_on_delivery,express,1,
2896,ORD-20231227-02896,421,2023-12-27,enviado,975.87,17,290,204.93,1304.9,bank_transfer,standard,,
2897,ORD-20240126-02897,287,2024-01-26,enviado,1703.11,7,430,357.65,2371.54,credit_card,express,,
2898,ORD-20230529-02898,324,2023-05-29,cancelado,2474.57,8,330,519.66,3126.26,paypal,standard,,
2899,ORD-20250814-02899,361,2025-08-14,entregado,1844.04,2,100,387.25,2294.41,cash_on_delivery,same_day,,
2900,ORD-20240124-02900,313,2024-01-24,procesando,3742.48,8,60,785.92,4289,bank_transfer,express,,
2901,ORD-20230816-02901,185,2023-08-16,enviado,2105.25,18,60,442.1,2228.41,paypal,same_day,8,Nota del cliente: Entregar por la tarde
2902,ORD-20240711-02902,428,2024-07-11,pendiente,1594.83,3,40,334.91,1921.9,debit_card,express,,
2903,ORD-20250715-02903,71,2025-07-15,entregado,5324.81,14,20,1118.21,5717.55,debit_card,pickup,,
2904,ORD-20230406-02904,448,2023-04-06,procesando,2587.34,14,60,543.34,2828.45,bank_transfer,standard,,
2905,ORD-20230405-02905,243,2023-04-05,cancelado,1933.1,5,310,405.95,2552.4,credit_card,express,,Nota del cliente: Envolver para regalo
2906,ORD-20240326-02906,345,2024-03-26,enviado,5236.1,8,220,1099.58,6136.79,credit_card,same_day,,Nota del cliente: Dejar en portería
2907,ORD-20250213-02907,453,2025-02-13,enviado,152.2,13,160,31.96,324.37,cash_on_delivery,standard,8,
2908,ORD-20230715-02908,407,2023-07-15,pendiente,1573.65,1,440,330.47,2328.38,bank_transfer,same_day,,Nota del cliente: Llamar antes
2909,ORD-20230716-02909,201,2023-07-16,cancelado,3608.16,6,490,757.71,4639.38,paypal,same_day,,
2910,ORD-20260212-02910,475,2026-02-12,entregado,6386.65,18,360,1341.2,6938.25,paypal,standard,3,
2911,ORD-20250617-02911,336,2025-06-17,pendiente,1338.03,13,380,280.99,1825.08,cash_on_delivery,express,8,Nota del cliente: Envolver para regalo
2912,ORD-20230208-02912,218,2023-02-08,pendiente,4359,12,260,915.39,5011.31,paypal,same_day,5,
2913,ORD-20230513-02913,375,2023-05-13,procesando,1200.52,7,10,252.11,1378.59,cash_on_delivery,standard,5,
2914,ORD-20240817-02914,127,2024-08-17,enviado,1115.25,14,300,234.2,1493.32,debit_card,express,,
2915,ORD-20260125-02915,473,2026-01-25,pendiente,712.24,17,300,149.57,1040.73,credit_card,pickup,,
2916,ORD-20250728-02916,219,2025-07-28,entregado,2649.73,7,390,556.44,3410.69,cash_on_delivery,standard,,
2917,ORD-20240210-02917,196,2024-02-10,procesando,2082.31,4,20,437.29,2456.31,bank_transfer,standard,,
2918,ORD-20230912-02918,357,2023-09-12,procesando,1403.85,18,290,294.81,1735.97,debit_card,express,5,
2919,ORD-20231124-02919,488,2023-11-24,pendiente,911.61,11,110,191.44,1112.77,cash_on_delivery,standard,,
2920,ORD-20240514-02920,31,2024-05-14,cancelado,4337.61,15,480,910.9,5077.87,credit_card,express,8,
2921,ORD-20231008-02921,23,2023-10-08,entregado,1528.75,6,60,321.04,1818.07,cash_on_delivery,same_day,,
2922,ORD-20230926-02922,259,2023-09-26,cancelado,1543.36,4,350,324.11,2155.74,debit_card,standard,,Nota del cliente: Llamar antes
2923,ORD-20251027-02923,402,2025-10-27,pendiente,1842.05,17,220,386.83,2135.73,cash_on_delivery,pickup,,
2924,ORD-20241128-02924,441,2024-11-28,pendiente,3485.99,6,190,732.06,4198.89,bank_transfer,express,,
2925,ORD-20250617-02925,103,2025-06-17,pendiente,899.05,15,460,188.8,1412.99,cash_on_delivery,same_day,,
2926,ORD-20240429-02926,46,2024-04-29,procesando,653.1,2,310,137.15,1087.19,paypal,pickup,,
2927,ORD-20231014-02927,201,2023-10-14,entregado,3681.01,18,380,773.01,4171.44,paypal,same_day,,
2928,ORD-20241128-02928,403,2024-11-28,entregado,2183.77,6,100,458.59,2611.33,credit_card,pickup,,
2929,ORD-20241218-02929,362,2024-12-18,procesando,1010.95,4,360,212.3,1542.81,debit_card,pickup,,
2930,ORD-20250715-02930,354,2025-07-15,pendiente,3348.98,6,30,703.29,3881.33,bank_transfer,pickup,,
2931,ORD-20240229-02931,125,2024-02-29,enviado,2651.78,12,320,556.87,3210.44,credit_card,express,1,
2932,ORD-20250723-02932,43,2025-07-23,enviado,1982.48,16,300,416.32,2381.6,paypal,express,6,Nota del cliente: Dejar en portería
2933,ORD-20250711-02933,470,2025-07-11,pendiente,2118.59,20,10,444.9,2149.77,bank_transfer,express,,
2934,ORD-20240605-02934,242,2024-06-05,cancelado,650.8,16,240,136.67,923.34,bank_transfer,standard,1,
2935,ORD-20230716-02935,51,2023-07-16,procesando,653.55,1,330,137.25,1114.26,bank_transfer,standard,8,
2936,ORD-20241221-02936,232,2024-12-21,entregado,4700.35,20,490,987.07,5237.35,debit_card,standard,,
2937,ORD-20231130-02937,293,2023-11-30,cancelado,1049.94,17,30,220.49,1121.94,paypal,same_day,,
2938,ORD-20250113-02938,26,2025-01-13,pendiente,3676.29,15,350,772.02,4246.87,cash_on_delivery,pickup,,Nota del cliente: Dejar en portería
2939,ORD-20260223-02939,6,2026-02-23,cancelado,182.74,14,180,38.38,375.54,bank_transfer,express,,Nota del cliente: Llamar antes
2940,ORD-20240208-02940,268,2024-02-08,enviado,617.85,9,340,129.75,1031.99,debit_card,standard,,
2941,ORD-20260213-02941,12,2026-02-13,pendiente,2076.58,12,90,436.08,2353.47,debit_card,same_day,,
2942,ORD-20231107-02942,427,2023-11-07,pendiente,1122.45,16,350,235.71,1528.57,cash_on_delivery,same_day,6,Nota del cliente: Llamar antes
2943,ORD-20240125-02943,411,2024-01-25,enviado,205.95,0,260,43.25,509.2,paypal,same_day,,
2944,ORD-20230226-02944,288,2023-02-26,procesando,2144.56,5,20,450.36,2507.69,paypal,standard,,
2945,ORD-20240730-02945,303,2024-07-30,entregado,974.4,3,390,204.62,1539.79,bank_transfer,pickup,,
2946,ORD-20250526-02946,21,2025-05-26,enviado,3228.97,14,250,678.08,3704.99,cash_on_delivery,same_day,,
2947,ORD-20260222-02947,442,2026-02-22,enviado,3895,13,100,817.95,4306.6,cash_on_delivery,same_day,,
2948,ORD-20241203-02948,57,2024-12-03,entregado,456.24,16,10,95.81,489.05,cash_on_delivery,same_day,1,Nota del cliente: Envolver para regalo
2949,ORD-20250821-02949,424,2025-08-21,cancelado,2083.02,17,340,437.43,2506.34,bank_transfer,express,,
2950,ORD-20241213-02950,21,2024-12-13,cancelado,144.69,17,380,30.38,530.47,cash_on_delivery,standard,,
2951,ORD-20230605-02951,268,2023-06-05,pendiente,2336.49,19,20,490.66,2403.22,cash_on_delivery,pickup,,
2952,ORD-20250325-02952,362,2025-03-25,entregado,1638.01,15,240,343.98,1976.29,credit_card,same_day,,
2953,ORD-20250825-02953,272,2025-08-25,procesando,723.45,1,240,151.92,1108.14,paypal,express,,
2954,ORD-20240818-02954,487,2024-08-18,pendiente,1811.03,5,500,380.32,2600.8,debit_card,express,,
2955,ORD-20230619-02955,161,2023-06-19,procesando,442.92,4,120,93.01,638.21,debit_card,pickup,4,
2956,ORD-20230805-02956,98,2023-08-05,enviado,1094.2,20,500,229.78,1605.14,paypal,standard,,
2957,ORD-20230606-02957,397,2023-06-06,procesando,3155.45,18,480,662.64,3730.11,bank_transfer,express,,Nota del cliente: Entregar por la tarde
2958,ORD-20241114-02958,177,2024-11-14,entregado,3845.77,18,100,807.61,4061.14,cash_on_delivery,same_day,7,Nota del cliente: Dejar en portería
2959,ORD-20230914-02959,181,2023-09-14,pendiente,2227.6,12,150,467.8,2578.09,debit_card,same_day,,
2960,ORD-20260222-02960,422,2026-02-22,entregado,3080.9,5,330,646.99,3903.85,cash_on_delivery,express,4,
2961,ORD-20250906-02961,375,2025-09-06,enviado,2717.4,8,180,570.65,3250.66,debit_card,pickup,,
2962,ORD-20250806-02962,202,2025-08-06,entregado,3318.21,10,390,696.82,4073.21,debit_card,express,,Nota del cliente: Dejar en portería
2963,ORD-20241014-02963,350,2024-10-14,pendiente,5121.31,5,340,1075.48,6280.72,bank_transfer,standard,,
2964,ORD-20240227-02964,228,2024-02-27,enviado,2074.7,7,450,435.69,2815.16,cash_on_delivery,same_day,,Nota del cliente: Entregar por la tarde
2965,ORD-20230130-02965,30,2023-01-30,procesando,875.49,9,380,183.85,1360.55,paypal,express,,
2966,ORD-20231103-02966,40,2023-11-03,enviado,2865.1,1,140,601.67,3578.12,bank_transfer,same_day,,
2967,ORD-20250923-02967,37,2025-09-23,cancelado,931.46,11,100,195.61,1124.61,cash_on_delivery,express,,Nota del cliente: Dejar en portería
2968,ORD-20250508-02968,229,2025-05-08,cancelado,4581.76,8,370,962.17,5547.39,paypal,same_day,,
2969,ORD-20241029-02969,327,2024-10-29,entregado,1456.98,6,280,305.97,1955.53,paypal,express,,
2970,ORD-20230826-02970,233,2023-08-26,pendiente,4648.77,3,140,976.24,5625.55,debit_card,standard,,
2971,ORD-20240604-02971,149,2024-06-04,cancelado,3242.9,19,290,681.01,3597.76,credit_card,pickup,,
2972,ORD-20230430-02972,247,2023-04-30,entregado,59.14,17,370,12.42,431.51,cash_on_delivery,express,7,
2973,ORD-20250811-02973,328,2025-08-11,enviado,3607.02,16,70,757.47,3857.37,paypal,pickup,,
2974,ORD-20240908-02974,137,2024-09-08,cancelado,3627.25,0,420,761.72,4808.97,debit_card,same_day,,
2975,ORD-20240220-02975,392,2024-02-20,procesando,2712.36,6,410,569.6,3529.22,debit_card,standard,,
2976,ORD-20240501-02976,298,2024-05-01,procesando,2686.16,5,330,564.09,3445.94,paypal,standard,,
2977,ORD-20230306-02977,432,2023-03-06,enviado,3634.74,9,280,763.3,4350.91,cash_on_delivery,express,3,
2978,ORD-20240729-02978,204,2024-07-29,procesando,449.55,14,350,94.41,831.02,credit_card,express,6,
2979,ORD-20250128-02979,163,2025-01-28,entregado,2150.35,3,460,451.57,2997.41,debit_card,express,,
2980,ORD-20240526-02980,449,2024-05-26,procesando,3543.02,14,80,744.03,3871.03,paypal,standard,,Nota del cliente: Llamar antes
2981,ORD-20230625-02981,215,2023-06-25,entregado,2959.57,3,140,621.51,3632.29,debit_card,same_day,,
2982,ORD-20240410-02982,428,2024-04-10,pendiente,3017.38,14,210,633.65,3438.6,bank_transfer,express,,
2983,ORD-20230911-02983,1,2023-09-11,procesando,297.6,6,70,62.5,412.24,credit_card,pickup,,
2984,ORD-20240723-02984,246,2024-07-23,cancelado,2983.61,19,430,626.56,3473.28,cash_on_delivery,standard,2,Nota del cliente: Llamar antes
2985,ORD-20260124-02985,305,2026-01-24,enviado,1254.89,3,10,263.53,1490.77,bank_transfer,pickup,8,Nota del cliente: Dejar en portería
2986,ORD-20230924-02986,73,2023-09-24,procesando,289.38,10,490,60.77,811.21,paypal,express,10,
2987,ORD-20251203-02987,495,2025-12-03,cancelado,3043.68,11,430,639.17,3778.05,bank_transfer,standard,,
2988,ORD-20260306-02988,408,2026-03-06,pendiente,3057.89,6,170,642.16,3686.58,paypal,same_day,,
2989,ORD-20241123-02989,202,2024-11-23,cancelado,528.12,10,60,110.91,646.22,bank_transfer,express,,
2990,ORD-20230504-02990,412,2023-05-04,procesando,208.6,1,170,43.81,420.32,credit_card,same_day,,
2991,ORD-20240325-02991,481,2024-03-25,entregado,500.95,9,290,105.2,851.06,cash_on_delivery,standard,5,Nota del cliente: Envolver para regalo
2992,ORD-20251005-02992,475,2025-10-05,procesando,3095.69,18,230,650.09,3418.56,paypal,pickup,,
2993,ORD-20230720-02993,479,2023-07-20,procesando,3022.24,11,140,634.67,3464.46,bank_transfer,pickup,8,
2994,ORD-20240513-02994,210,2024-05-13,pendiente,3233.78,4,190,679.09,3973.52,cash_on_delivery,express,2,
2995,ORD-20240315-02995,110,2024-03-15,pendiente,5889.91,3,150,1236.88,7100.09,credit_card,express,6,
2996,ORD-20251030-02996,357,2025-10-30,cancelado,1626.45,20,200,341.55,1842.71,bank_transfer,same_day,,
2997,ORD-20250131-02997,175,2025-01-31,enviado,507.8,15,140,106.64,678.27,bank_transfer,standard,,
2998,ORD-20231031-02998,478,2023-10-31,cancelado,189.18,16,130,39.73,328.64,paypal,pickup,,Nota del cliente: Envolver para regalo
2999,ORD-20251201-02999,361,2025-12-01,procesando,865.08,18,340,181.67,1231.04,credit_card,standard,,
3000,ORD-20251123-03000,488,2025-11-23,entregado,2765.18,5,130,580.69,3337.61,cash_on_delivery,same_day,,
3001,ORD-20251008-03001,484,2025-10-08,enviado,1820.27,5,350,382.26,2461.52,cash_on_delivery,same_day,,Nota del cliente: Dejar en portería
3002,ORD-20240828-03002,412,2024-08-28,cancelado,1792.8,12,470,376.49,2424.15,cash_on_delivery,same_day,,Nota del cliente: Dejar en portería
3003,ORD-20250923-03003,152,2025-09-23,entregado,513.47,17,370,107.83,904.01,bank_transfer,standard,,
3004,ORD-20240512-03004,78,2024-05-12,enviado,4452.44,18,210,935.01,4796.01,bank_transfer,pickup,3,
3005,ORD-20230118-03005,251,2023-01-18,enviado,2983.63,13,200,626.56,3422.32,cash_on_delivery,pickup,6,
3006,ORD-20240321-03006,479,2024-03-21,pendiente,1397.9,7,500,293.56,2093.61,credit_card,pickup,,
3007,ORD-20260123-03007,345,2026-01-23,cancelado,589.28,0,160,123.75,873.03,bank_transfer,pickup,,
3008,ORD-20230730-03008,366,2023-07-30,enviado,3860.27,7,300,810.66,4700.71,bank_transfer,pickup,,
3009,ORD-20260213-03009,108,2026-02-13,procesando,1842.7,9,40,386.97,2103.83,paypal,same_day,,
3010,ORD-20230703-03010,229,2023-07-03,cancelado,1714.82,4,370,360.11,2376.34,credit_card,pickup,,
3011,ORD-20250411-03011,302,2025-04-11,procesando,2036.95,8,300,427.76,2601.75,cash_on_delivery,standard,,
3012,ORD-20250512-03012,364,2025-05-12,cancelado,7058.58,16,430,1482.3,7841.51,paypal,standard,,
3013,ORD-20251212-03013,178,2025-12-12,pendiente,2028.33,3,340,425.95,2733.43,cash_on_delivery,same_day,,
3014,ORD-20240710-03014,395,2024-07-10,pendiente,437.24,8,260,91.82,754.08,debit_card,standard,,
3015,ORD-20250101-03015,356,2025-01-01,entregado,470.72,16,450,98.85,944.25,debit_card,pickup,5,
3016,ORD-20260118-03016,426,2026-01-18,procesando,6048.81,4,140,1270.25,7217.11,bank_transfer,pickup,,
3017,ORD-20230811-03017,487,2023-08-11,pendiente,1125.81,3,190,236.42,1518.46,debit_card,same_day,3,
3018,ORD-20240415-03018,66,2024-04-15,procesando,5352.53,9,180,1124.03,6174.83,cash_on_delivery,express,2,Nota del cliente: Llamar antes
3019,ORD-20230727-03019,25,2023-07-27,entregado,3257.65,18,240,684.11,3595.38,paypal,standard,,
3020,ORD-20260301-03020,217,2026-03-01,entregado,3385.07,4,40,710.86,4000.53,credit_card,pickup,,
3021,ORD-20250814-03021,394,2025-08-14,cancelado,2284.02,13,200,479.64,2666.74,credit_card,express,,
3022,ORD-20240930-03022,99,2024-09-30,enviado,2951.58,2,290,619.83,3802.38,debit_card,standard,,
3023,ORD-20240214-03023,11,2024-02-14,enviado,1412.29,14,260,296.58,1771.15,cash_on_delivery,express,7,
3024,ORD-20230803-03024,492,2023-08-03,cancelado,4481.29,15,430,941.07,5180.17,bank_transfer,same_day,,Nota del cliente: Dejar en portería
3025,ORD-20240416-03025,199,2024-04-16,pendiente,1515.25,3,370,318.2,2157.99,paypal,pickup,4,
3026,ORD-20250712-03026,83,2025-07-12,procesando,3576.29,14,130,751.02,3956.63,paypal,pickup,,
3027,ORD-20240725-03027,431,2024-07-25,enviado,2015.9,3,0,423.34,2378.76,bank_transfer,pickup,,
3028,ORD-20230128-03028,52,2023-01-28,procesando,1218,1,30,255.78,1491.6,credit_card,express,,
3029,ORD-20240206-03029,323,2024-02-06,enviado,3408.69,10,450,715.82,4233.64,cash_on_delivery,pickup,,
3030,ORD-20231028-03030,109,2023-10-28,cancelado,388.97,10,90,81.68,521.75,credit_card,standard,,Nota del cliente: Dejar en portería
3031,ORD-20230628-03031,369,2023-06-28,procesando,2112.81,18,480,443.69,2656.19,bank_transfer,express,5,
3032,ORD-20231210-03032,214,2023-12-10,enviado,362.5,0,10,76.13,448.63,bank_transfer,standard,,
3033,ORD-20240223-03033,75,2024-02-23,procesando,314.73,9,280,66.09,632.49,credit_card,pickup,,Nota del cliente: Envolver para regalo
3034,ORD-20240127-03034,85,2024-01-27,entregado,2090.66,20,20,439.04,2131.57,credit_card,express,,
3035,ORD-20231006-03035,379,2023-10-06,cancelado,2150.71,13,470,451.65,2792.77,debit_card,same_day,,
3036,ORD-20240105-03036,358,2024-01-05,enviado,2438.35,2,420,512.05,3321.63,credit_card,express,,Nota del cliente: Envolver para regalo
3037,ORD-20251219-03037,233,2025-12-19,procesando,1518.57,18,110,318.9,1674.13,paypal,same_day,,
3038,ORD-20240429-03038,414,2024-04-29,entregado,152.2,5,310,31.96,486.55,debit_card,standard,6,Nota del cliente: Llamar antes
3039,ORD-20251110-03039,362,2025-11-10,entregado,1303.8,6,240,273.8,1739.37,bank_transfer,same_day,,
3040,ORD-20230718-03040,178,2023-07-18,pendiente,1048.64,3,380,220.21,1617.39,credit_card,standard,,
3041,ORD-20230309-03041,381,2023-03-09,cancelado,768.16,19,420,161.31,1203.52,credit_card,pickup,,Nota del cliente: Entregar por la tarde
3042,ORD-20231027-03042,250,2023-10-27,enviado,70.69,7,240,14.84,320.58,debit_card,same_day,,
3043,ORD-20240422-03043,10,2024-04-22,enviado,3022.59,8,240,634.74,3655.52,cash_on_delivery,standard,,
3044,ORD-20231106-03044,477,2023-11-06,cancelado,1720.8,19,420,361.37,2175.22,cash_on_delivery,standard,6,Nota del cliente: Envolver para regalo
3045,ORD-20230711-03045,404,2023-07-11,cancelado,1435.24,16,290,301.4,1797,bank_transfer,express,10,
3046,ORD-20250820-03046,279,2025-08-20,cancelado,5407.46,18,70,1135.57,5639.69,bank_transfer,same_day,,
3047,ORD-20230826-03047,280,2023-08-26,procesando,2937.43,18,390,616.86,3415.55,bank_transfer,same_day,2,
3048,ORD-20251113-03048,249,2025-11-13,entregado,1115.25,18,240,234.2,1388.71,paypal,express,2,
3049,ORD-20240509-03049,221,2024-05-09,pendiente,1956.59,5,170,410.88,2439.64,credit_card,express,,
3050,ORD-20230121-03050,191,2023-01-21,enviado,1350.69,8,210,283.64,1736.27,credit_card,same_day,6,Nota del cliente: Llamar antes
3051,ORD-20230313-03051,93,2023-03-13,procesando,2091.59,12,470,439.23,2749.83,bank_transfer,standard,,Nota del cliente: Envolver para regalo
3052,ORD-20241126-03052,392,2024-11-26,pendiente,2250.5,20,500,472.61,2773.01,debit_card,pickup,,
3053,ORD-20240103-03053,285,2024-01-03,entregado,5027.16,15,390,1055.7,5718.79,paypal,pickup,,
3054,ORD-20240505-03054,362,2024-05-05,procesando,2746.32,9,230,576.73,3305.88,bank_transfer,pickup,,
3055,ORD-20260128-03055,226,2026-01-28,procesando,1043.96,15,400,219.23,1506.6,cash_on_delivery,standard,,
3056,ORD-20250509-03056,66,2025-05-09,pendiente,3213.56,8,470,674.85,4101.33,credit_card,standard,,
3057,ORD-20250404-03057,180,2025-04-04,procesando,1109.43,14,410,232.98,1597.09,credit_card,pickup,,Nota del cliente: Dejar en portería
3058,ORD-20250627-03058,433,2025-06-27,pendiente,2235.08,15,170,469.37,2539.19,bank_transfer,pickup,,Nota del cliente: Dejar en portería
3059,ORD-20240602-03059,484,2024-06-02,procesando,4264.86,6,140,895.62,5044.59,credit_card,standard,,
3060,ORD-20240828-03060,334,2024-08-28,procesando,2455.26,7,90,515.6,2888.99,credit_card,pickup,9,Nota del cliente: Dejar en portería
3061,ORD-20251114-03061,180,2025-11-14,enviado,1531.65,17,50,321.65,1642.92,cash_on_delivery,pickup,,
3062,ORD-20251021-03062,216,2025-10-21,enviado,2186.38,14,500,459.14,2839.43,debit_card,express,9,
3063,ORD-20241123-03063,320,2024-11-23,cancelado,3095.08,8,470,649.97,3967.44,debit_card,express,,
3064,ORD-20250516-03064,203,2025-05-16,enviado,619.6,12,290,130.12,965.37,cash_on_delivery,standard,9,
3065,ORD-20241220-03065,47,2024-12-20,entregado,964.16,5,420,202.47,1538.42,bank_transfer,express,5,
3066,ORD-20240211-03066,105,2024-02-11,cancelado,4387.88,18,350,921.45,4869.51,paypal,express,3,
3067,ORD-20240921-03067,173,2024-09-21,pendiente,1072.88,5,100,225.3,1344.54,credit_card,standard,3,Nota del cliente: Llamar antes
3068,ORD-20240930-03068,224,2024-09-30,enviado,2212.68,7,0,464.66,2522.45,paypal,express,5,
3069,ORD-20240714-03069,227,2024-07-14,procesando,2772.86,17,180,582.3,3063.77,credit_card,same_day,,
3070,ORD-20240622-03070,111,2024-06-22,pendiente,286.56,2,460,60.18,801.01,cash_on_delivery,pickup,2,
3071,ORD-20250511-03071,240,2025-05-11,entregado,530.16,8,360,111.33,959.08,bank_transfer,standard,,
3072,ORD-20240919-03072,115,2024-09-19,cancelado,3912.23,20,250,821.57,4201.35,credit_card,pickup,,
3073,ORD-20240323-03073,278,2024-03-23,enviado,2863.65,20,70,601.37,2962.29,cash_on_delivery,same_day,,Nota del cliente: Dejar en portería
3074,ORD-20250827-03074,499,2025-08-27,procesando,3302.89,20,240,693.61,3575.92,paypal,pickup,,
3075,ORD-20260309-03075,91,2026-03-09,entregado,2401.9,1,120,504.4,3002.28,paypal,pickup,,
3076,ORD-20240101-03076,19,2024-01-01,enviado,978.54,18,190,205.49,1197.89,bank_transfer,express,5,Nota del cliente: Dejar en portería
3077,ORD-20230707-03077,210,2023-07-07,cancelado,911.61,3,430,191.44,1505.7,credit_card,pickup,,
3078,ORD-20230628-03078,430,2023-06-28,pendiente,4198.35,19,20,881.65,4302.31,credit_card,pickup,,
3079,ORD-20240821-03079,207,2024-08-21,procesando,3575.2,19,270,750.79,3916.7,bank_transfer,express,,
3080,ORD-20231224-03080,113,2023-12-24,procesando,957.94,6,280,201.17,1381.63,credit_card,pickup,,
3081,ORD-20250106-03081,132,2025-01-06,enviado,602.1,6,440,126.44,1132.41,cash_on_delivery,pickup,,Nota del cliente: Envolver para regalo
3082,ORD-20230301-03082,382,2023-03-01,pendiente,404.63,2,210,84.97,691.51,debit_card,pickup,2,Nota del cliente: Entregar por la tarde
3083,ORD-20250116-03083,391,2025-01-16,pendiente,5309.23,1,200,1114.94,6571.08,paypal,pickup,,
3084,ORD-20230802-03084,188,2023-08-02,pendiente,577.23,5,250,121.22,919.59,bank_transfer,express,,
3085,ORD-20241124-03085,135,2024-11-24,procesando,3029.3,12,20,636.15,3321.93,cash_on_delivery,same_day,,
3086,ORD-20241214-03086,288,2024-12-14,enviado,785.24,0,430,164.9,1380.14,bank_transfer,express,2,Nota del cliente: Dejar en portería
3087,ORD-20240822-03087,152,2024-08-22,cancelado,2280.23,2,420,478.85,3133.48,paypal,pickup,,
3088,ORD-20231128-03088,468,2023-11-28,pendiente,3061.36,19,290,642.89,3412.59,paypal,same_day,10,
3089,ORD-20230814-03089,390,2023-08-14,entregado,1447.38,8,400,303.95,2035.54,cash_on_delivery,same_day,,Nota del cliente: Entregar por la tarde
3090,ORD-20231211-03090,217,2023-12-11,enviado,4009.46,1,380,841.99,5191.36,credit_card,pickup,,
3091,ORD-20251009-03091,163,2025-10-09,entregado,2241.47,4,110,470.71,2732.52,debit_card,same_day,7,
3092,ORD-20230629-03092,38,2023-06-29,entregado,1444.8,3,260,303.41,1964.87,credit_card,pickup,3,
3093,ORD-20250309-03093,295,2025-03-09,entregado,2997.1,0,60,629.39,3686.49,cash_on_delivery,pickup,,
3094,ORD-20230805-03094,339,2023-08-05,cancelado,117.56,6,410,24.69,545.2,cash_on_delivery,standard,,Nota del cliente: Envolver para regalo
3095,ORD-20240222-03095,389,2024-02-22,entregado,5250.96,20,400,1102.7,5703.47,credit_card,same_day,,
3096,ORD-20231126-03096,32,2023-11-26,enviado,3580.21,17,20,751.84,3743.41,debit_card,pickup,,
3097,ORD-20230110-03097,137,2023-01-10,procesando,2753.06,8,200,578.14,3310.96,bank_transfer,same_day,,
3098,ORD-20250803-03098,169,2025-08-03,enviado,487.67,4,150,102.41,720.57,debit_card,express,4,
3099,ORD-20230830-03099,337,2023-08-30,enviado,487.2,3,90,102.31,664.89,debit_card,standard,1,
3100,ORD-20250509-03100,487,2025-05-09,entregado,1865.8,14,40,391.82,2036.41,cash_on_delivery,express,,Nota del cliente: Envolver para regalo
3101,ORD-20230721-03101,260,2023-07-21,cancelado,2474.45,18,220,519.63,2768.68,paypal,pickup,,
3102,ORD-20241109-03102,158,2024-11-09,pendiente,380.4,0,60,79.88,520.28,credit_card,pickup,1,
3103,ORD-20250613-03103,113,2025-06-13,pendiente,2779.61,6,220,583.72,3416.55,debit_card,express,,
3104,ORD-20241022-03104,85,2024-10-22,enviado,590.1,17,290,123.92,903.7,paypal,pickup,4,
3105,ORD-20250331-03105,359,2025-03-31,pendiente,809.1,15,370,169.91,1227.65,credit_card,same_day,,
3106,ORD-20240802-03106,383,2024-08-02,enviado,292.32,9,270,61.39,597.4,cash_on_delivery,express,,
3107,ORD-20250322-03107,475,2025-03-22,entregado,2674.55,9,80,561.66,3075.5,credit_card,standard,,
3108,ORD-20231116-03108,293,2023-11-16,pendiente,1121.57,9,120,235.53,1376.16,debit_card,pickup,,Nota del cliente: Llamar antes
3109,ORD-20240817-03109,89,2024-08-17,enviado,777.94,13,290,163.37,1130.18,debit_card,express,,
3110,ORD-20250426-03110,92,2025-04-26,pendiente,3424.36,13,410,719.12,4108.31,debit_card,standard,9,Nota del cliente: Llamar antes
3111,ORD-20250601-03111,438,2025-06-01,entregado,2739.5,10,270,575.3,3310.85,paypal,standard,1,
3112,ORD-20250809-03112,264,2025-08-09,cancelado,286.56,17,340,60.18,638.02,paypal,pickup,,
3113,ORD-20250210-03113,203,2025-02-10,procesando,1883.96,20,300,395.63,2202.8,cash_on_delivery,pickup,,
3114,ORD-20260111-03114,146,2026-01-11,cancelado,4109.1,13,180,862.91,4617.83,paypal,same_day,,
3115,ORD-20260301-03115,26,2026-03-01,entregado,5024.46,4,260,1055.14,6138.62,debit_card,standard,7,
3116,ORD-20240516-03116,63,2024-05-16,procesando,3991.78,14,370,838.27,4641.2,paypal,pickup,2,
3117,ORD-20250127-03117,376,2025-01-27,enviado,1616.51,10,430,339.47,2224.33,debit_card,same_day,,
3118,ORD-20250902-03118,390,2025-09-02,pendiente,1193.06,16,480,250.54,1732.71,bank_transfer,express,,Nota del cliente: Dejar en portería
3119,ORD-20250826-03119,5,2025-08-26,pendiente,2969.45,10,460,623.58,3756.09,bank_transfer,pickup,,
3120,ORD-20231121-03120,320,2023-11-21,enviado,3370.66,15,190,707.84,3762.9,bank_transfer,standard,,Nota del cliente: Envolver para regalo
3121,ORD-20251126-03121,158,2025-11-26,enviado,1583.03,0,130,332.44,2045.47,paypal,same_day,,
3122,ORD-20240807-03122,402,2024-08-07,pendiente,3305.4,15,200,694.13,3703.72,cash_on_delivery,express,,Nota del cliente: Envolver para regalo
3123,ORD-20250612-03123,379,2025-06-12,pendiente,2209.4,18,350,463.97,2625.68,cash_on_delivery,express,7,
3124,ORD-20240604-03124,68,2024-06-04,enviado,876.34,13,460,184.03,1406.45,paypal,pickup,10,
3125,ORD-20250516-03125,352,2025-05-16,enviado,2294.32,10,200,481.81,2746.7,debit_card,standard,,
3126,ORD-20240111-03126,479,2024-01-11,entregado,2986.61,4,200,627.19,3694.34,credit_card,pickup,,
3127,ORD-20241101-03127,196,2024-11-01,pendiente,429.46,14,30,90.19,489.53,debit_card,same_day,7,Nota del cliente: Llamar antes
3128,ORD-20260117-03128,142,2026-01-17,pendiente,1152.78,1,0,242.08,1383.33,bank_transfer,same_day,,
3129,ORD-20230601-03129,430,2023-06-01,entregado,2884.34,9,410,605.71,3640.46,cash_on_delivery,same_day,,
3130,ORD-20231106-03130,103,2023-11-06,cancelado,3919.49,17,290,823.09,4366.27,credit_card,pickup,,
3131,ORD-20230804-03131,432,2023-08-04,enviado,2712.91,20,140,569.71,2880.04,debit_card,standard,,Nota del cliente: Dejar en portería
3132,ORD-20250727-03132,432,2025-07-27,pendiente,3369.54,16,170,707.6,3708.01,paypal,standard,8,Nota del cliente: Llamar antes
3133,ORD-20240403-03133,161,2024-04-03,pendiente,2451.56,3,60,514.83,2952.84,credit_card,express,,
3134,ORD-20250902-03134,375,2025-09-02,entregado,1150.81,1,200,241.67,1580.97,cash_on_delivery,pickup,,
3135,ORD-20250620-03135,180,2025-06-20,cancelado,2627.6,2,380,551.8,3506.85,bank_transfer,standard,3,
3136,ORD-20241204-03136,244,2024-12-04,pendiente,2969.2,13,220,623.53,3426.73,cash_on_delivery,same_day,,
3137,ORD-20250828-03137,427,2025-08-28,pendiente,1293.17,5,150,271.57,1650.08,bank_transfer,pickup,,Nota del cliente: Llamar antes
3138,ORD-20230711-03138,469,2023-07-11,cancelado,3538.8,14,200,743.15,3986.52,debit_card,standard,,
3139,ORD-20250331-03139,326,2025-03-31,enviado,5031.22,8,490,1056.56,6175.28,bank_transfer,standard,2,Nota del cliente: Dejar en portería
3140,ORD-20251219-03140,290,2025-12-19,pendiente,3266.51,12,120,685.97,3680.5,debit_card,express,,
3141,ORD-20250313-03141,97,2025-03-13,enviado,1598.77,2,50,335.74,1952.53,cash_on_delivery,pickup,,
3142,ORD-20250422-03142,446,2025-04-22,pendiente,1511.08,17,140,317.33,1711.53,credit_card,express,,
3143,ORD-20250128-03143,410,2025-01-28,cancelado,1494.56,18,430,313.86,1969.4,bank_transfer,standard,,
3144,ORD-20250904-03144,287,2025-09-04,pendiente,214.73,0,170,45.09,429.82,debit_card,same_day,,
3145,ORD-20230422-03145,161,2023-04-22,pendiente,680.46,5,240,142.9,1029.34,cash_on_delivery,pickup,,
3146,ORD-20250926-03146,481,2025-09-26,cancelado,2191.02,6,80,460.11,2599.67,credit_card,same_day,2,
3147,ORD-20240812-03147,231,2024-08-12,procesando,771.15,5,140,161.94,1034.53,cash_on_delivery,same_day,,Nota del cliente: Llamar antes
3148,ORD-20230709-03148,396,2023-07-09,cancelado,552.97,14,120,116.12,711.67,bank_transfer,standard,,
3149,ORD-20241030-03149,160,2024-10-30,cancelado,287.85,5,290,60.45,623.91,credit_card,standard,,
3150,ORD-20250717-03150,351,2025-07-17,enviado,1552.09,20,30,325.94,1597.61,credit_card,express,,
3151,ORD-20230818-03151,171,2023-08-18,entregado,1466.37,19,0,307.94,1495.7,debit_card,same_day,,
3152,ORD-20240315-03152,266,2024-03-15,cancelado,2126.65,17,50,446.6,2261.72,debit_card,same_day,6,
3153,ORD-20230517-03153,88,2023-05-17,entregado,3851.97,18,350,808.91,4317.53,credit_card,same_day,,Nota del cliente: Envolver para regalo
3154,ORD-20240328-03154,153,2024-03-28,entregado,981.55,5,330,206.13,1468.6,cash_on_delivery,same_day,,
3155,ORD-20230710-03155,454,2023-07-10,pendiente,274.44,13,270,57.63,566.39,paypal,standard,,
3156,ORD-20230514-03156,11,2023-05-14,pendiente,473.31,10,150,99.4,675.38,debit_card,standard,,
3157,ORD-20250901-03157,355,2025-09-01,procesando,1272.29,20,60,267.18,1345.01,cash_on_delivery,express,,
3158,ORD-20240707-03158,158,2024-07-07,procesando,1376.97,20,90,289.16,1480.74,credit_card,standard,,
3159,ORD-20251112-03159,23,2025-11-12,procesando,4076.39,0,80,856.04,5012.43,credit_card,same_day,,Nota del cliente: Llamar antes
3160,ORD-20230916-03160,215,2023-09-16,entregado,405.2,9,180,85.09,633.82,paypal,same_day,,Nota del cliente: Llamar antes
3161,ORD-20230616-03161,118,2023-06-16,procesando,4664.62,6,300,979.57,5664.31,credit_card,standard,,
3162,ORD-20241107-03162,338,2024-11-07,procesando,972.38,13,10,204.2,1060.17,debit_card,standard,,
3163,ORD-20230716-03163,202,2023-07-16,cancelado,2144.6,1,220,450.37,2793.52,paypal,same_day,,
3164,ORD-20241223-03164,143,2024-12-23,procesando,1866.49,17,410,391.96,2351.15,bank_transfer,pickup,,
3165,ORD-20240107-03165,177,2024-01-07,cancelado,4728.64,13,210,993.01,5316.93,bank_transfer,express,,
3166,ORD-20240124-03166,475,2024-01-24,entregado,434.07,12,290,91.15,763.13,debit_card,express,,
3167,ORD-20250905-03167,335,2025-09-05,entregado,5169.01,18,110,1085.49,5434.08,bank_transfer,express,5,
3168,ORD-20250314-03168,155,2025-03-14,enviado,1907.89,2,280,400.66,2550.39,bank_transfer,pickup,,
3169,ORD-20231024-03169,357,2023-10-24,procesando,2633.71,17,470,553.08,3209.06,credit_card,same_day,,
3170,ORD-20260131-03170,21,2026-01-31,entregado,911.61,7,310,191.44,1349.24,debit_card,pickup,,Nota del cliente: Llamar antes
3171,ORD-20251121-03171,382,2025-11-21,procesando,3000.75,10,270,630.16,3600.84,bank_transfer,pickup,,
3172,ORD-20240205-03172,41,2024-02-05,procesando,3868.74,3,100,812.44,4665.12,credit_card,standard,,
3173,ORD-20250416-03173,33,2025-04-16,enviado,3305.81,16,60,694.22,3531.1,bank_transfer,express,,
3174,ORD-20250705-03174,46,2025-07-05,pendiente,4887.47,15,280,1026.37,5460.72,debit_card,standard,,
3175,ORD-20240529-03175,177,2024-05-29,cancelado,3531.92,2,120,741.7,4322.98,credit_card,express,,
3176,ORD-20250112-03176,306,2025-01-12,entregado,742.43,4,30,155.91,898.64,paypal,pickup,2,
3177,ORD-20251008-03177,495,2025-10-08,procesando,4036.59,2,80,847.68,4883.54,paypal,same_day,6,
3178,ORD-20230808-03178,341,2023-08-08,entregado,2765.8,16,10,580.82,2914.09,paypal,express,5,
3179,ORD-20231023-03179,10,2023-10-23,pendiente,1270.12,12,390,266.73,1774.44,cash_on_delivery,pickup,2,
3180,ORD-20230904-03180,144,2023-09-04,entregado,1243.33,12,150,261.1,1505.23,bank_transfer,standard,,
3181,ORD-20240914-03181,166,2024-09-14,procesando,4876.4,15,300,1024.04,5468.98,cash_on_delivery,express,,
3182,ORD-20240813-03182,244,2024-08-13,pendiente,546.2,0,440,114.7,1100.9,debit_card,pickup,,
3183,ORD-20231017-03183,385,2023-10-17,procesando,3628.65,12,70,762.02,4025.23,bank_transfer,standard,,
3184,ORD-20250423-03184,37,2025-04-23,enviado,3035.96,5,190,637.55,3711.71,bank_transfer,standard,,
3185,ORD-20241227-03185,382,2024-12-27,entregado,4295.14,20,150,901.98,4488.09,credit_card,standard,9,
3186,ORD-20230903-03186,444,2023-09-03,enviado,3887.24,3,20,816.32,4606.94,paypal,same_day,,
3187,ORD-20250227-03187,97,2025-02-27,entregado,1629.02,17,300,342.09,1994.18,debit_card,express,10,
3188,ORD-20231105-03188,340,2023-11-05,pendiente,2347.38,10,140,492.95,2745.59,bank_transfer,standard,,Nota del cliente: Envolver para regalo
3189,ORD-20230419-03189,421,2023-04-19,entregado,4208.14,5,20,883.71,4901.44,bank_transfer,pickup,,
3190,ORD-20230316-03190,110,2023-03-16,pendiente,576.91,2,80,121.15,766.52,bank_transfer,express,,
3191,ORD-20251127-03191,413,2025-11-27,cancelado,2205.37,14,100,463.13,2459.75,cash_on_delivery,pickup,,
3192,ORD-20250605-03192,489,2025-06-05,cancelado,439.44,1,380,92.28,907.33,paypal,express,9,
3193,ORD-20240928-03193,402,2024-09-28,enviado,1640.04,8,460,344.41,2313.25,credit_card,pickup,,
3194,ORD-20240830-03194,181,2024-08-30,pendiente,325.4,17,160,68.33,498.41,bank_transfer,pickup,,
3195,ORD-20230716-03195,260,2023-07-16,enviado,3728.44,20,360,782.97,4125.72,cash_on_delivery,pickup,,
3196,ORD-20240609-03196,111,2024-06-09,enviado,1665.09,17,330,349.67,2061.69,debit_card,express,10,Nota del cliente: Envolver para regalo
3197,ORD-20230319-03197,140,2023-03-19,procesando,820.3,4,170,172.26,1129.75,debit_card,pickup,3,
3198,ORD-20231117-03198,291,2023-11-17,pendiente,3389.71,6,140,711.84,4038.17,paypal,standard,,
3199,ORD-20250428-03199,105,2025-04-28,entregado,1969.07,18,380,413.5,2408.14,cash_on_delivery,same_day,,
3200,ORD-20241007-03200,476,2024-10-07,pendiente,114.15,2,220,23.97,355.84,paypal,pickup,,
3201,ORD-20251028-03201,122,2025-10-28,procesando,1786.56,6,130,375.18,2184.55,cash_on_delivery,pickup,6,Nota del cliente: Entregar por la tarde
3202,ORD-20231026-03202,5,2023-10-26,entregado,444.08,2,470,93.26,998.46,debit_card,same_day,,Nota del cliente: Llamar antes
3203,ORD-20241203-03203,94,2024-12-03,enviado,3151.92,20,430,661.9,3613.44,cash_on_delivery,same_day,2,
3204,ORD-20231222-03204,302,2023-12-22,pendiente,2973.95,6,120,624.53,3540.04,paypal,pickup,,Nota del cliente: Llamar antes
3205,ORD-20230226-03205,325,2023-02-26,cancelado,1947.76,0,330,409.03,2686.79,cash_on_delivery,pickup,,
3206,ORD-20230302-03206,366,2023-03-02,entregado,3027.66,10,50,635.81,3410.7,paypal,pickup,,
3207,ORD-20251119-03207,405,2025-11-19,enviado,665.07,10,200,139.66,938.22,bank_transfer,same_day,,
3208,ORD-20251119-03208,162,2025-11-19,pendiente,3608.65,18,180,757.82,3896.91,paypal,express,3,
3209,ORD-20240705-03209,91,2024-07-05,enviado,6549.98,8,320,1375.5,7721.48,debit_card,standard,,
3210,ORD-20250916-03210,495,2025-09-16,entregado,3576.74,16,440,751.12,4195.58,credit_card,pickup,4,
3211,ORD-20250420-03211,200,2025-04-20,procesando,4561.26,6,280,957.86,5525.44,credit_card,standard,,
3212,ORD-20251019-03212,207,2025-10-19,cancelado,1216.9,2,90,255.55,1538.11,cash_on_delivery,express,,
3213,ORD-20250627-03213,341,2025-06-27,entregado,3594.14,1,400,754.77,4712.97,credit_card,standard,,
3214,ORD-20230228-03214,440,2023-02-28,pendiente,836.79,14,90,175.73,985.37,bank_transfer,same_day,,
3215,ORD-20230111-03215,48,2023-01-11,pendiente,432.87,13,110,90.9,577.5,credit_card,same_day,,
3216,ORD-20231116-03216,118,2023-11-16,pendiente,1878.15,5,330,394.41,2508.65,paypal,same_day,,
3217,ORD-20231202-03217,64,2023-12-02,pendiente,1854.84,1,360,389.52,2585.81,cash_on_delivery,standard,5,
3218,ORD-20250419-03218,370,2025-04-19,entregado,5083.4,10,340,1067.51,5982.57,paypal,standard,,
3219,ORD-20241224-03219,289,2024-12-24,entregado,1191.87,18,70,250.29,1297.62,paypal,express,5,
3220,ORD-20241008-03220,43,2024-10-08,entregado,1082.01,19,90,227.22,1193.65,bank_transfer,pickup,1,
3221,ORD-20250621-03221,332,2025-06-21,cancelado,296.22,13,440,62.21,759.92,cash_on_delivery,express,,
3222,ORD-20251008-03222,446,2025-10-08,pendiente,1653.09,0,10,347.15,2010.24,paypal,standard,,
3223,ORD-20230707-03223,149,2023-07-07,enviado,3285.64,0,30,689.98,4005.62,debit_card,same_day,7,
3224,ORD-20230113-03224,154,2023-01-13,pendiente,297.6,10,330,62.5,660.34,debit_card,same_day,,
3225,ORD-20250901-03225,318,2025-09-01,cancelado,165.35,13,320,34.72,498.57,credit_card,express,,
3226,ORD-20240826-03226,215,2024-08-26,procesando,530.16,18,250,111.33,796.06,cash_on_delivery,pickup,5,Nota del cliente: Llamar antes
3227,ORD-20230530-03227,414,2023-05-30,cancelado,448.65,14,430,94.22,910.06,credit_card,express,,
3228,ORD-20241105-03228,341,2024-11-05,procesando,1715.06,6,120,360.16,2092.32,paypal,express,,Nota del cliente: Llamar antes
3229,ORD-20250214-03229,119,2025-02-14,procesando,1247.04,19,200,261.88,1471.98,paypal,pickup,4,
3230,ORD-20231029-03230,71,2023-10-29,cancelado,3417.48,10,190,717.67,3983.4,bank_transfer,express,,
3231,ORD-20240306-03231,10,2024-03-06,enviado,2375.91,5,310,498.94,3066.05,bank_transfer,pickup,,
3232,ORD-20260213-03232,324,2026-02-13,procesando,2384.8,12,380,500.81,2979.43,debit_card,express,,
3233,ORD-20240307-03233,231,2024-03-07,procesando,4511.35,16,190,947.38,4926.91,bank_transfer,express,,
3234,ORD-20240719-03234,446,2024-07-19,entregado,730.8,20,470,153.47,1208.11,bank_transfer,express,,
3235,ORD-20241001-03235,283,2024-10-01,entregado,2181.2,20,300,458.05,2503.01,credit_card,standard,,
3236,ORD-20240204-03236,431,2024-02-04,enviado,3471.13,7,30,728.94,3987.09,cash_on_delivery,express,,
3237,ORD-20250312-03237,379,2025-03-12,enviado,2749.98,16,290,577.5,3177.48,bank_transfer,express,,
3238,ORD-20230413-03238,182,2023-04-13,procesando,2323.29,9,190,487.89,2792.08,bank_transfer,standard,2,
3239,ORD-20250530-03239,105,2025-05-30,pendiente,2457.85,5,200,516.15,3051.11,bank_transfer,express,,
3240,ORD-20250212-03240,204,2025-02-12,cancelado,399.15,15,190,83.82,613.1,cash_on_delivery,standard,8,
3241,ORD-20250904-03241,33,2025-09-04,entregado,1216.11,18,100,255.38,1352.59,credit_card,pickup,,
3242,ORD-20230501-03242,363,2023-05-01,cancelado,4163.14,7,150,874.26,4895.98,bank_transfer,pickup,,
3243,ORD-20251214-03243,15,2025-12-14,entregado,4015,8,190,843.15,4726.95,debit_card,same_day,8,
3244,ORD-20240830-03244,323,2024-08-30,cancelado,1258.5,5,400,264.29,1859.87,paypal,express,,
3245,ORD-20251124-03245,108,2025-11-24,pendiente,451.52,11,340,94.82,836.67,credit_card,express,,
3246,ORD-20231206-03246,185,2023-12-06,procesando,433.05,1,60,90.94,579.66,cash_on_delivery,same_day,,Nota del cliente: Dejar en portería
3247,ORD-20231111-03247,401,2023-11-11,procesando,1878.86,12,0,394.56,2047.96,credit_card,express,,
3248,ORD-20251030-03248,195,2025-10-30,cancelado,5344.34,19,150,1122.31,5601.23,paypal,pickup,,
3249,ORD-20251101-03249,279,2025-11-01,procesando,1957.4,1,40,411.05,2388.88,credit_card,pickup,7,
3250,ORD-20230328-03250,136,2023-03-28,procesando,4029.95,19,440,846.29,4550.55,bank_transfer,pickup,,Nota del cliente: Llamar antes
3251,ORD-20250720-03251,237,2025-07-20,entregado,2982.96,3,240,626.42,3759.89,credit_card,standard,7,
3252,ORD-20250118-03252,13,2025-01-18,entregado,1986.65,8,70,417.2,2314.92,cash_on_delivery,standard,,Nota del cliente: Entregar por la tarde
3253,ORD-20230510-03253,442,2023-05-10,cancelado,229.68,8,110,48.23,369.54,debit_card,same_day,,
3254,ORD-20251110-03254,421,2025-11-10,enviado,2065.11,11,140,433.67,2411.62,paypal,standard,,
3255,ORD-20240508-03255,341,2024-05-08,entregado,392.91,10,210,82.51,646.13,bank_transfer,pickup,,
3256,ORD-20240310-03256,120,2024-03-10,pendiente,1281.01,1,350,269.01,1887.21,credit_card,express,,
3257,ORD-20230515-03257,427,2023-05-15,cancelado,603.51,17,410,126.74,1037.65,paypal,express,,
3258,ORD-20250525-03258,48,2025-05-25,entregado,442.05,17,70,92.83,529.73,bank_transfer,express,3,
3259,ORD-20251116-03259,370,2025-11-16,cancelado,3733.04,13,370,783.94,4401.68,bank_transfer,same_day,,
3260,ORD-20240520-03260,17,2024-05-20,pendiente,4973.02,13,490,1044.33,5860.86,cash_on_delivery,same_day,,
3261,ORD-20240720-03261,411,2024-07-20,pendiente,461.01,18,30,96.81,504.84,credit_card,same_day,,
3262,ORD-20250716-03262,226,2025-07-16,cancelado,1866.2,5,150,391.9,2314.79,debit_card,express,,
3263,ORD-20240607-03263,470,2024-06-07,procesando,5178.73,18,170,1087.53,5504.09,credit_card,same_day,,
3264,ORD-20260224-03264,264,2026-02-24,entregado,1838.47,15,280,386.08,2228.78,cash_on_delivery,same_day,,
3265,ORD-20231220-03265,223,2023-12-20,entregado,3675.05,4,120,771.76,4419.81,credit_card,express,,
3266,ORD-20230728-03266,396,2023-07-28,cancelado,1574.23,6,360,330.59,2170.37,credit_card,express,,Nota del cliente: Envolver para regalo
3267,ORD-20250510-03267,87,2025-05-10,enviado,2573.06,10,300,540.34,3156.09,bank_transfer,express,,
3268,ORD-20240601-03268,140,2024-06-01,pendiente,2803.41,16,440,588.72,3383.58,bank_transfer,same_day,,
3269,ORD-20240626-03269,359,2024-06-26,entregado,1477.33,2,420,310.24,2178.02,paypal,standard,,
3270,ORD-20241101-03270,109,2024-11-01,cancelado,2222.63,3,30,466.75,2652.7,bank_transfer,same_day,2,
3271,ORD-20260121-03271,74,2026-01-21,pendiente,2646.53,8,440,555.77,3430.58,credit_card,same_day,,
3272,ORD-20231029-03272,395,2023-10-29,entregado,3523.26,2,90,739.88,4282.67,cash_on_delivery,pickup,,Nota del cliente: Envolver para regalo
3273,ORD-20230813-03273,282,2023-08-13,pendiente,1445.49,16,390,303.55,1907.76,bank_transfer,same_day,,
3274,ORD-20250510-03274,154,2025-05-10,cancelado,1251.42,19,140,262.8,1416.45,debit_card,standard,,
3275,ORD-20240322-03275,77,2024-03-22,procesando,4632.83,20,210,972.89,4889.15,bank_transfer,standard,,
3276,ORD-20251005-03276,274,2025-10-05,entregado,277.52,0,80,58.28,415.8,paypal,express,,
3277,ORD-20231003-03277,321,2023-10-03,cancelado,2704.28,19,160,567.9,2918.37,debit_card,express,,
3278,ORD-20230515-03278,432,2023-05-15,enviado,1596.82,7,170,335.33,1990.37,cash_on_delivery,same_day,10,
3279,ORD-20250815-03279,62,2025-08-15,procesando,1275.99,6,30,267.96,1497.39,credit_card,pickup,,
3280,ORD-20230709-03280,498,2023-07-09,cancelado,214.73,8,180,45.09,422.64,debit_card,express,,
3281,ORD-20241116-03281,492,2024-11-16,entregado,777.94,12,180,163.37,1027.96,credit_card,standard,,
3282,ORD-20230702-03282,73,2023-07-02,entregado,1942.54,8,410,407.93,2605.07,bank_transfer,same_day,9,
3283,ORD-20250526-03283,167,2025-05-26,pendiente,1876.35,13,450,394.03,2476.45,debit_card,same_day,,
3284,ORD-20251029-03284,429,2025-10-29,cancelado,2036.64,15,130,427.69,2288.83,cash_on_delivery,standard,,
3285,ORD-20250221-03285,154,2025-02-21,enviado,2977.73,15,190,625.32,3346.39,credit_card,same_day,,
3286,ORD-20250601-03286,150,2025-06-01,pendiente,3274.2,2,370,687.58,4266.3,credit_card,express,1,
3287,ORD-20230413-03287,17,2023-04-13,procesando,2066.84,20,450,434.04,2537.51,bank_transfer,express,,
3288,ORD-20240907-03288,43,2024-09-07,pendiente,1320.48,10,10,277.3,1475.73,cash_on_delivery,same_day,5,Nota del cliente: Entregar por la tarde
3289,ORD-20230907-03289,367,2023-09-07,entregado,3291.32,14,340,691.18,3861.72,cash_on_delivery,standard,,
3290,ORD-20230507-03290,310,2023-05-07,enviado,6394.53,3,120,1342.85,7665.54,bank_transfer,pickup,,
3291,ORD-20251124-03291,101,2025-11-24,entregado,2486.86,15,150,522.24,2786.07,debit_card,express,3,
3292,ORD-20230708-03292,183,2023-07-08,cancelado,1964.35,10,280,412.51,2460.43,cash_on_delivery,express,,
3293,ORD-20250103-03293,490,2025-01-03,enviado,1026.91,2,170,215.65,1392.02,credit_card,same_day,,
3294,ORD-20240825-03294,20,2024-08-25,enviado,3912.32,7,0,821.59,4460.05,cash_on_delivery,same_day,,
3295,ORD-20250618-03295,191,2025-06-18,entregado,1738,7,300,364.98,2281.32,debit_card,pickup,,
3296,ORD-20231210-03296,455,2023-12-10,enviado,4223.09,18,210,886.85,4559.78,paypal,pickup,,
3297,ORD-20230426-03297,50,2023-04-26,pendiente,2549.88,5,480,535.47,3437.86,bank_transfer,standard,,
3298,ORD-20240423-03298,318,2024-04-23,enviado,1562.67,16,360,328.16,2000.8,debit_card,standard,,
3299,ORD-20240602-03299,500,2024-06-02,entregado,2832.98,10,80,594.93,3224.61,paypal,same_day,,
3300,ORD-20240617-03300,218,2024-06-17,cancelado,1974.52,18,260,414.65,2293.76,paypal,same_day,,
3301,ORD-20250925-03301,54,2025-09-25,cancelado,1538.08,4,450,323,2249.56,debit_card,same_day,,
3302,ORD-20250831-03302,350,2025-08-31,procesando,4740.69,12,200,995.54,5367.35,paypal,standard,,
3303,ORD-20240506-03303,80,2024-05-06,enviado,2115.75,13,500,444.31,2785.01,cash_on_delivery,pickup,,
3304,ORD-20251211-03304,243,2025-12-11,entregado,4442.78,20,320,932.98,4807.2,cash_on_delivery,standard,,
3305,ORD-20240704-03305,203,2024-07-04,procesando,4052.85,4,250,851.1,4991.84,bank_transfer,express,,
3306,ORD-20230207-03306,7,2023-02-07,enviado,2403.81,1,270,504.8,3154.57,paypal,standard,,
3307,ORD-20240428-03307,269,2024-04-28,pendiente,1518.84,9,310,318.96,2011.1,credit_card,pickup,,
3308,ORD-20240401-03308,139,2024-04-01,cancelado,4875.29,4,460,1023.81,6164.09,paypal,pickup,4,Nota del cliente: Dejar en portería
3309,ORD-20230712-03309,481,2023-07-12,entregado,1035.03,19,380,217.36,1435.73,bank_transfer,pickup,,
3310,ORD-20260114-03310,10,2026-01-14,pendiente,1016.41,15,380,213.45,1457.4,bank_transfer,same_day,,
3311,ORD-20250817-03311,456,2025-08-17,pendiente,2798.07,10,160,587.59,3265.85,debit_card,express,,
3312,ORD-20230303-03312,26,2023-03-03,entregado,215.7,8,300,45.3,543.74,debit_card,express,,Nota del cliente: Llamar antes
3313,ORD-20231203-03313,19,2023-12-03,enviado,2445.5,7,120,513.56,2907.88,cash_on_delivery,same_day,,
3314,ORD-20250529-03314,193,2025-05-29,entregado,1103.05,3,270,231.64,1571.6,paypal,standard,3,
3315,ORD-20230604-03315,166,2023-06-04,enviado,2645.93,4,150,555.65,3245.74,cash_on_delivery,express,,
3316,ORD-20250629-03316,36,2025-06-29,procesando,4765.85,11,480,1000.83,5722.44,credit_card,same_day,,
3317,ORD-20230821-03317,213,2023-08-21,enviado,2730.3,5,130,573.36,3297.15,cash_on_delivery,same_day,,
3318,ORD-20240623-03318,77,2024-06-23,pendiente,3788.84,15,10,795.66,4026.17,credit_card,pickup,,Nota del cliente: Entregar por la tarde
3319,ORD-20230814-03319,285,2023-08-14,entregado,4629.39,17,70,972.17,4884.56,credit_card,standard,,
3320,ORD-20250928-03320,307,2025-09-28,cancelado,3071.13,18,260,644.94,3423.27,credit_card,pickup,2,
3321,ORD-20250115-03321,302,2025-01-15,cancelado,3215.52,16,410,675.26,3786.3,bank_transfer,express,,
3322,ORD-20241202-03322,34,2024-12-02,cancelado,2135.88,17,310,448.53,2531.31,paypal,express,,Nota del cliente: Envolver para regalo
3323,ORD-20230917-03323,221,2023-09-17,enviado,1929.56,1,60,405.21,2375.47,debit_card,express,,
3324,ORD-20251130-03324,307,2025-11-30,entregado,2304.05,8,30,483.85,2633.58,debit_card,pickup,,Nota del cliente: Llamar antes
3325,ORD-20230909-03325,65,2023-09-09,pendiente,879.07,7,410,184.6,1412.14,paypal,pickup,,
3326,ORD-20230806-03326,439,2023-08-06,cancelado,2475.97,17,250,519.95,2825.01,bank_transfer,express,,
3327,ORD-20260108-03327,204,2026-01-08,procesando,224.5,19,390,47.15,619,bank_transfer,pickup,,
3328,ORD-20260303-03328,91,2026-03-03,cancelado,1996.84,15,410,419.34,2526.65,cash_on_delivery,pickup,,
3329,ORD-20260303-03329,358,2026-03-03,pendiente,829.88,6,390,174.27,1344.36,credit_card,express,,
3330,ORD-20230710-03330,435,2023-07-10,cancelado,4621.9,7,10,970.6,5278.97,credit_card,same_day,,
3331,ORD-20230709-03331,476,2023-07-09,procesando,1756.12,1,240,368.79,2347.35,cash_on_delivery,standard,9,
3332,ORD-20250730-03332,178,2025-07-30,enviado,2523.06,19,120,529.84,2693.52,bank_transfer,standard,,
3333,ORD-20230830-03333,84,2023-08-30,cancelado,4154.12,13,490,872.37,4976.45,cash_on_delivery,standard,2,
3334,ORD-20250616-03334,177,2025-06-16,cancelado,1899.63,13,370,398.92,2421.6,paypal,pickup,,
3335,ORD-20260115-03335,417,2026-01-15,enviado,1172.25,8,430,246.17,1754.64,debit_card,pickup,,Nota del cliente: Envolver para regalo
3336,ORD-20230502-03336,390,2023-05-02,cancelado,166.88,15,490,35.04,666.89,credit_card,same_day,,
3337,ORD-20240518-03337,22,2024-05-18,enviado,6325.99,7,260,1328.46,7471.63,paypal,pickup,,
3338,ORD-20230223-03338,433,2023-02-23,entregado,3812.47,3,350,800.62,4848.72,cash_on_delivery,same_day,8,
3339,ORD-20240409-03339,469,2024-04-09,entregado,1377.35,18,470,289.24,1888.67,cash_on_delivery,express,,
3340,ORD-20250914-03340,278,2025-09-14,pendiente,3723.15,16,100,781.86,4009.31,bank_transfer,same_day,,
3341,ORD-20240814-03341,246,2024-08-14,pendiente,1614.62,8,280,339.07,2104.52,debit_card,pickup,,
3342,ORD-20260219-03342,208,2026-02-19,pendiente,726.62,18,500,152.59,1248.42,cash_on_delivery,express,,
3343,ORD-20250325-03343,223,2025-03-25,enviado,250.45,17,290,52.59,550.46,bank_transfer,same_day,8,Nota del cliente: Envolver para regalo
3344,ORD-20240214-03344,439,2024-02-14,enviado,2090.18,16,120,438.94,2314.69,debit_card,express,,
3345,ORD-20240810-03345,355,2024-08-10,procesando,2853.44,16,470,599.22,3466.11,credit_card,pickup,,Nota del cliente: Llamar antes
3346,ORD-20251030-03346,16,2025-10-30,entregado,1346.76,20,0,282.82,1360.23,paypal,same_day,,
3347,ORD-20231002-03347,240,2023-10-02,cancelado,3322.18,2,290,697.66,4243.4,paypal,same_day,,
3348,ORD-20230107-03348,112,2023-01-07,procesando,2805.73,10,290,589.2,3404.36,debit_card,standard,3,Nota del cliente: Dejar en portería
3349,ORD-20230426-03349,410,2023-04-26,pendiente,1348.74,11,250,283.24,1733.62,bank_transfer,express,,Nota del cliente: Envolver para regalo
3350,ORD-20230303-03350,216,2023-03-03,entregado,5595.01,14,480,1174.95,6466.66,bank_transfer,standard,,
3351,ORD-20240329-03351,42,2024-03-29,procesando,2011.7,17,100,422.46,2192.17,paypal,standard,,
3352,ORD-20240802-03352,288,2024-08-02,pendiente,3895.17,13,320,817.99,4526.79,paypal,same_day,,
3353,ORD-20250802-03353,148,2025-08-02,procesando,114.15,12,200,23.97,324.42,credit_card,standard,,
3354,ORD-20230614-03354,392,2023-06-14,enviado,1475.08,2,460,309.77,2215.35,bank_transfer,same_day,4,
3355,ORD-20241217-03355,286,2024-12-17,pendiente,2333.08,5,490,489.95,3196.38,bank_transfer,pickup,7,
3356,ORD-20250829-03356,69,2025-08-29,procesando,3948.64,2,140,829.21,4838.88,credit_card,same_day,,
3357,ORD-20241208-03357,221,2024-12-08,entregado,2380.66,8,330,499.94,3020.15,bank_transfer,same_day,,
3358,ORD-20230216-03358,307,2023-02-16,entregado,292.96,19,140,61.52,438.82,bank_transfer,same_day,,
3359,ORD-20240713-03359,337,2024-07-13,procesando,2018.12,1,450,423.81,2871.75,credit_card,express,2,Nota del cliente: Llamar antes
3360,ORD-20241009-03360,321,2024-10-09,entregado,4257.06,11,220,893.98,4902.76,cash_on_delivery,standard,,Nota del cliente: Entregar por la tarde
3361,ORD-20231207-03361,20,2023-12-07,cancelado,1389.68,16,80,291.83,1539.16,credit_card,same_day,5,Nota del cliente: Llamar antes
3362,ORD-20241202-03362,164,2024-12-02,cancelado,133.05,11,490,27.94,636.35,debit_card,pickup,,
3363,ORD-20241218-03363,333,2024-12-18,entregado,1933.04,7,500,405.94,2703.67,paypal,pickup,,
3364,ORD-20240604-03364,287,2024-06-04,pendiente,2276.93,9,190,478.16,2740.17,paypal,standard,,
3365,ORD-20230917-03365,423,2023-09-17,cancelado,437.98,2,360,91.98,881.2,bank_transfer,same_day,,
3366,ORD-20251031-03366,332,2025-10-31,entregado,858.92,10,340,180.37,1293.4,debit_card,same_day,5,Nota del cliente: Envolver para regalo
3367,ORD-20241031-03367,21,2024-10-31,pendiente,2588.81,17,490,543.65,3182.36,paypal,express,,
3368,ORD-20240118-03368,236,2024-01-18,enviado,811.44,10,20,170.4,920.7,cash_on_delivery,express,,Nota del cliente: Dejar en portería
3369,ORD-20240104-03369,260,2024-01-04,procesando,1403.85,11,150,294.81,1694.24,bank_transfer,standard,6,Nota del cliente: Llamar antes
3370,ORD-20241219-03370,157,2024-12-19,procesando,464.86,11,320,97.62,831.35,debit_card,same_day,,
3371,ORD-20230316-03371,432,2023-03-16,pendiente,1974.14,17,160,414.57,2213.11,paypal,standard,,
3372,ORD-20251214-03372,99,2025-12-14,enviado,105.54,13,140,22.16,253.98,paypal,express,,
3373,ORD-20230306-03373,202,2023-03-06,pendiente,3684.39,13,20,773.72,3999.14,cash_on_delivery,pickup,,
3374,ORD-20250111-03374,271,2025-01-11,pendiente,3449.46,12,70,724.39,3829.91,paypal,express,,
3375,ORD-20251210-03375,418,2025-12-10,enviado,56.61,11,340,11.89,402.27,bank_transfer,same_day,,Nota del cliente: Envolver para regalo
3376,ORD-20240509-03376,325,2024-05-09,enviado,2316.04,9,130,486.37,2723.97,cash_on_delivery,pickup,7,
3377,ORD-20230623-03377,99,2023-06-23,entregado,3072.23,3,250,645.17,3875.23,credit_card,pickup,1,
3378,ORD-20240312-03378,14,2024-03-12,cancelado,3981.31,2,220,836.08,4957.76,cash_on_delivery,pickup,,
3379,ORD-20250221-03379,349,2025-02-21,cancelado,392.13,8,350,82.35,793.11,debit_card,express,,
3380,ORD-20250629-03380,115,2025-06-29,pendiente,3828.67,14,460,804.02,4556.68,cash_on_delivery,standard,,Nota del cliente: Envolver para regalo
3381,ORD-20230212-03381,457,2023-02-12,enviado,4314.51,12,280,906.05,4982.82,bank_transfer,same_day,,
3382,ORD-20240912-03382,184,2024-09-12,procesando,4254.46,11,450,893.44,5129.91,paypal,express,10,
3383,ORD-20240804-03383,315,2024-08-04,entregado,2246.64,15,60,471.79,2441.43,cash_on_delivery,pickup,,
3384,ORD-20250225-03384,246,2025-02-25,enviado,1632.02,7,370,342.72,2230.5,bank_transfer,pickup,,Nota del cliente: Entregar por la tarde
3385,ORD-20230206-03385,450,2023-02-06,entregado,122.88,15,430,25.8,560.25,cash_on_delivery,express,,
3386,ORD-20230920-03386,29,2023-09-20,enviado,1171.88,8,50,246.09,1374.22,bank_transfer,express,,
3387,ORD-20250826-03387,279,2025-08-26,procesando,2441.46,11,140,512.71,2825.61,cash_on_delivery,pickup,,
3388,ORD-20240329-03388,86,2024-03-29,enviado,303.87,17,170,63.81,486.02,bank_transfer,express,,
3389,ORD-20231220-03389,107,2023-12-20,procesando,1323.36,9,0,277.91,1482.17,cash_on_delivery,express,10,
3390,ORD-20250701-03390,234,2025-07-01,entregado,1701.59,9,60,357.33,1965.78,debit_card,standard,,Nota del cliente: Llamar antes
3391,ORD-20230711-03391,253,2023-07-11,pendiente,2089.63,20,480,438.82,2590.52,debit_card,express,,
3392,ORD-20250503-03392,413,2025-05-03,enviado,3760.77,5,300,789.76,4662.49,bank_transfer,pickup,,
3393,ORD-20240713-03393,417,2024-07-13,enviado,1743.1,15,100,366.05,1947.69,bank_transfer,same_day,,
3394,ORD-20251215-03394,8,2025-12-15,entregado,2152.59,12,480,452.04,2826.32,bank_transfer,pickup,,Nota del cliente: Envolver para regalo
3395,ORD-20240531-03395,446,2024-05-31,entregado,3204.64,17,240,672.97,3572.82,paypal,pickup,,
3396,ORD-20240809-03396,459,2024-08-09,entregado,4513.96,13,100,947.93,4975.08,paypal,pickup,10,
3397,ORD-20250630-03397,379,2025-06-30,enviado,506.71,2,120,106.41,722.99,paypal,express,,
3398,ORD-20251103-03398,339,2025-11-03,procesando,388.97,15,160,81.68,572.3,debit_card,pickup,,Nota del cliente: Llamar antes
3399,ORD-20230608-03399,326,2023-06-08,pendiente,2930.94,8,320,615.5,3631.96,bank_transfer,same_day,,
3400,ORD-20240514-03400,346,2024-05-14,pendiente,1871.1,18,10,392.93,1937.23,credit_card,same_day,,
3401,ORD-20241106-03401,489,2024-11-06,entregado,3100.78,16,70,651.16,3325.82,bank_transfer,pickup,8,
3402,ORD-20260217-03402,284,2026-02-17,cancelado,2230.64,6,240,468.43,2805.23,bank_transfer,same_day,,
3403,ORD-20240615-03403,19,2024-06-15,entregado,3530.49,1,300,741.4,4536.59,paypal,standard,10,Nota del cliente: Llamar antes
3404,ORD-20231218-03404,493,2023-12-18,enviado,1668.15,20,410,350.31,2094.83,cash_on_delivery,express,,Nota del cliente: Llamar antes
3405,ORD-20231013-03405,180,2023-10-13,cancelado,826.92,7,500,173.65,1442.69,cash_on_delivery,standard,10,
3406,ORD-20230828-03406,466,2023-08-28,cancelado,2910.06,20,380,611.11,3319.16,credit_card,standard,,
3407,ORD-20241002-03407,475,2024-10-02,enviado,2048.69,15,470,430.22,2641.61,paypal,standard,,
3408,ORD-20251128-03408,37,2025-11-28,pendiente,1004.12,13,230,210.87,1314.45,credit_card,standard,10,
3409,ORD-20250809-03409,92,2025-08-09,procesando,1191.99,8,200,250.32,1546.95,debit_card,same_day,3,
3410,ORD-20241110-03410,300,2024-11-10,pendiente,2236.66,15,350,469.7,2720.86,debit_card,pickup,7,
3411,ORD-20230203-03411,174,2023-02-03,entregado,1005,2,500,211.05,1695.95,cash_on_delivery,pickup,4,
3412,ORD-20250415-03412,16,2025-04-15,pendiente,6079.03,4,210,1276.6,7322.47,paypal,same_day,,
3413,ORD-20240729-03413,97,2024-07-29,pendiente,5833.14,11,170,1224.96,6586.45,paypal,pickup,,Nota del cliente: Entregar por la tarde
3414,ORD-20240706-03414,450,2024-07-06,entregado,1756.47,14,480,368.86,2359.42,paypal,express,,
3415,ORD-20250609-03415,415,2025-06-09,procesando,2784.04,9,200,584.65,3318.13,debit_card,pickup,,
3416,ORD-20260226-03416,490,2026-02-26,entregado,2901.89,4,120,609.4,3515.21,debit_card,pickup,,
3417,ORD-20230314-03417,495,2023-03-14,cancelado,2976.73,7,160,625.11,3553.47,paypal,pickup,10,
3418,ORD-20241110-03418,120,2024-11-10,pendiente,3480.95,4,390,731,4462.71,debit_card,same_day,,
3419,ORD-20250320-03419,42,2025-03-20,entregado,3852.45,0,0,809.01,4661.46,bank_transfer,express,,
3420,ORD-20250426-03420,183,2025-04-26,enviado,4318.56,12,230,906.9,4937.23,paypal,express,,
3421,ORD-20251219-03421,319,2025-12-19,cancelado,1449.51,13,300,304.4,1865.47,credit_card,express,,
3422,ORD-20250507-03422,400,2025-05-07,cancelado,1247.24,19,280,261.92,1552.18,cash_on_delivery,same_day,,
3423,ORD-20240403-03423,442,2024-04-03,procesando,727.33,15,200,152.74,970.97,credit_card,pickup,,
3424,ORD-20240510-03424,452,2024-05-10,enviado,817.8,18,440,171.74,1282.34,credit_card,pickup,,
3425,ORD-20260105-03425,20,2026-01-05,cancelado,2006.44,12,340,421.35,2527.02,paypal,express,,Nota del cliente: Llamar antes
3426,ORD-20240319-03426,202,2024-03-19,cancelado,3213.98,3,0,674.94,3792.5,paypal,express,,
3427,ORD-20240308-03427,281,2024-03-08,pendiente,1357.22,16,70,285.02,1495.08,bank_transfer,standard,9,
3428,ORD-20231109-03428,178,2023-11-09,pendiente,3758.05,12,400,789.19,4496.27,cash_on_delivery,standard,,Nota del cliente: Envolver para regalo
3429,ORD-20231215-03429,461,2023-12-15,enviado,2841.15,6,340,596.64,3607.32,debit_card,express,3,Nota del cliente: Envolver para regalo
3430,ORD-20250827-03430,78,2025-08-27,entregado,4297.06,18,220,902.38,4645.97,cash_on_delivery,express,,Nota del cliente: Envolver para regalo
3431,ORD-20230224-03431,144,2023-02-24,pendiente,1102.56,15,420,231.54,1588.72,debit_card,express,3,Nota del cliente: Llamar antes
3432,ORD-20240217-03432,477,2024-02-17,procesando,1300.98,20,100,273.21,1413.99,debit_card,pickup,,
3433,ORD-20230629-03433,358,2023-06-29,enviado,993.97,9,200,208.73,1313.24,paypal,standard,,Nota del cliente: Llamar antes
3434,ORD-20250130-03434,64,2025-01-30,procesando,288.58,7,290,60.6,618.98,cash_on_delivery,express,,
3435,ORD-20230813-03435,243,2023-08-13,entregado,901.51,13,240,189.32,1213.63,bank_transfer,express,4,
3436,ORD-20230322-03436,490,2023-03-22,pendiente,1499.67,6,240,314.93,1964.62,credit_card,pickup,,
3437,ORD-20230408-03437,132,2023-04-08,pendiente,1584.98,17,500,332.85,2148.38,paypal,express,8,
3438,ORD-20250925-03438,65,2025-09-25,entregado,1120.33,12,260,235.27,1481.16,credit_card,pickup,,Nota del cliente: Llamar antes
3439,ORD-20240921-03439,264,2024-09-21,pendiente,3353.4,10,140,704.21,3862.27,bank_transfer,express,,Nota del cliente: Llamar antes
3440,ORD-20251013-03440,362,2025-10-13,enviado,653.55,9,400,137.25,1131.98,credit_card,express,4,
3441,ORD-20230126-03441,203,2023-01-26,pendiente,1339.92,20,330,281.38,1683.32,debit_card,express,,
3442,ORD-20250108-03442,195,2025-01-08,enviado,4084.69,6,100,857.78,4797.39,debit_card,express,,
3443,ORD-20250728-03443,406,2025-07-28,cancelado,2380.32,1,50,499.87,2906.39,paypal,standard,6,
3444,ORD-20250725-03444,466,2025-07-25,entregado,3805.78,20,50,799.21,3893.83,credit_card,pickup,,
3445,ORD-20240209-03445,363,2024-02-09,enviado,1613.76,15,280,338.89,1990.59,debit_card,standard,,
3446,ORD-20230227-03446,488,2023-02-27,pendiente,1703.71,19,180,357.78,1917.79,cash_on_delivery,express,,
3447,ORD-20240723-03447,154,2024-07-23,enviado,3379.08,18,330,709.61,3810.46,bank_transfer,same_day,,Nota del cliente: Llamar antes
3448,ORD-20230815-03448,55,2023-08-15,pendiente,1601.19,20,410,336.25,2027.2,cash_on_delivery,express,,
3449,ORD-20250223-03449,442,2025-02-23,pendiente,34.18,0,270,7.18,311.36,paypal,same_day,5,
3450,ORD-20230309-03450,17,2023-03-09,procesando,5023.6,9,160,1054.96,5786.44,cash_on_delivery,pickup,,
3451,ORD-20250726-03451,496,2025-07-26,procesando,2844.13,1,430,597.27,3842.96,cash_on_delivery,standard,,
3452,ORD-20250923-03452,407,2025-09-23,enviado,55.2,18,410,11.59,466.85,paypal,pickup,7,
3453,ORD-20240221-03453,141,2024-02-21,cancelado,2813.72,18,150,590.88,3048.13,bank_transfer,same_day,6,
3454,ORD-20250513-03454,442,2025-05-13,entregado,1786.56,9,90,375.18,2090.95,cash_on_delivery,standard,,
3455,ORD-20230701-03455,241,2023-07-01,enviado,1269.45,3,80,266.58,1577.95,credit_card,express,5,
3456,ORD-20250913-03456,42,2025-09-13,procesando,2666.21,7,450,559.9,3489.48,cash_on_delivery,same_day,10,Nota del cliente: Llamar antes
3457,ORD-20230616-03457,289,2023-06-16,pendiente,2963.56,4,190,622.35,3657.37,paypal,standard,,
3458,ORD-20231130-03458,357,2023-11-30,enviado,4474.22,8,270,939.59,5325.87,credit_card,pickup,3,
3459,ORD-20240804-03459,211,2024-08-04,pendiente,639.24,10,50,134.24,759.56,cash_on_delivery,pickup,,
3460,ORD-20240827-03460,128,2024-08-27,pendiente,3354.77,12,490,704.5,4146.7,debit_card,pickup,,Nota del cliente: Llamar antes
3461,ORD-20231030-03461,423,2023-10-30,procesando,481.68,20,380,101.15,866.49,cash_on_delivery,same_day,,
3462,ORD-20230524-03462,466,2023-05-24,procesando,2895.02,15,340,607.95,3408.72,credit_card,standard,,
3463,ORD-20230511-03463,103,2023-05-11,pendiente,668.91,14,460,140.47,1175.73,paypal,express,8,
3464,ORD-20241112-03464,333,2024-11-12,procesando,71.64,9,240,15.04,320.23,paypal,standard,,Nota del cliente: Dejar en portería
3465,ORD-20231026-03465,338,2023-10-26,enviado,4779.5,1,140,1003.7,5875.41,paypal,standard,,
3466,ORD-20241023-03466,85,2024-10-23,pendiente,1019.9,9,100,214.18,1242.29,credit_card,standard,,
3467,ORD-20250108-03467,377,2025-01-08,enviado,3934.64,15,280,826.27,4450.71,credit_card,pickup,10,Nota del cliente: Dejar en portería
3468,ORD-20230306-03468,9,2023-03-06,cancelado,1930.4,5,310,405.38,2549.26,debit_card,pickup,,
3469,ORD-20250720-03469,182,2025-07-20,entregado,782.97,1,310,164.42,1249.56,credit_card,standard,5,
3470,ORD-20230307-03470,97,2023-03-07,enviado,1303.16,10,270,273.66,1716.5,credit_card,standard,,Nota del cliente: Envolver para regalo
3471,ORD-20250830-03471,432,2025-08-30,pendiente,974.4,6,350,204.62,1470.56,paypal,standard,,Nota del cliente: Entregar por la tarde
3472,ORD-20231018-03472,211,2023-10-18,enviado,629.46,6,50,132.19,773.88,paypal,standard,,
3473,ORD-20250312-03473,347,2025-03-12,entregado,2242.75,11,400,470.98,2867.03,cash_on_delivery,same_day,,
3474,ORD-20230318-03474,198,2023-03-18,cancelado,1152.01,6,410,241.92,1734.81,cash_on_delivery,same_day,,
3475,ORD-20230124-03475,11,2023-01-24,enviado,6300.95,0,500,1323.2,8124.15,paypal,pickup,,Nota del cliente: Dejar en portería
3476,ORD-20250720-03476,111,2025-07-20,procesando,1078.44,19,40,226.47,1140.01,bank_transfer,same_day,,
3477,ORD-20230331-03477,174,2023-03-31,enviado,217.84,15,0,45.75,230.91,bank_transfer,express,10,
3478,ORD-20260227-03478,36,2026-02-27,procesando,1371.28,6,290,287.97,1866.97,bank_transfer,pickup,,
3479,ORD-20231027-03479,433,2023-10-27,cancelado,2690.83,2,410,565.07,3612.08,debit_card,pickup,,
3480,ORD-20240920-03480,73,2024-09-20,cancelado,1121.54,10,340,235.52,1584.91,debit_card,same_day,,
3481,ORD-20230110-03481,28,2023-01-10,pendiente,3578.47,4,60,751.48,4246.81,paypal,same_day,1,
3482,ORD-20250704-03482,495,2025-07-04,cancelado,1617.77,19,470,339.73,2120.12,debit_card,pickup,,
3483,ORD-20250304-03483,163,2025-03-04,entregado,1663.33,6,260,349.3,2172.83,debit_card,express,,
3484,ORD-20240821-03484,440,2024-08-21,cancelado,927.66,16,140,194.81,1114.04,paypal,express,3,
3485,ORD-20240618-03485,183,2024-06-18,pendiente,1570.45,14,40,329.79,1720.38,cash_on_delivery,standard,,
3486,ORD-20231230-03486,271,2023-12-30,entregado,695.04,19,500,145.96,1208.94,paypal,same_day,,
3487,ORD-20250605-03487,270,2025-06-05,procesando,1300.34,19,240,273.07,1566.35,debit_card,same_day,5,
3488,ORD-20250402-03488,426,2025-04-02,procesando,576.64,1,380,121.09,1071.96,cash_on_delivery,pickup,,
3489,ORD-20230322-03489,412,2023-03-22,procesando,218.62,3,320,45.91,577.97,debit_card,pickup,,
3490,ORD-20231201-03490,194,2023-12-01,pendiente,2770.88,13,420,581.88,3412.55,debit_card,same_day,,
3491,ORD-20230416-03491,358,2023-04-16,entregado,3689.82,3,110,774.86,4463.99,debit_card,express,,
3492,ORD-20251203-03492,415,2025-12-03,cancelado,1397.19,3,20,293.41,1668.68,bank_transfer,express,,
3493,ORD-20230822-03493,43,2023-08-22,entregado,203.12,11,290,42.66,513.44,debit_card,express,,Nota del cliente: Dejar en portería
3494,ORD-20240301-03494,284,2024-03-01,enviado,4385.63,10,20,920.98,4888.05,credit_card,express,,Nota del cliente: Dejar en portería
3495,ORD-20230917-03495,21,2023-09-17,cancelado,2776.23,12,400,583.01,3426.09,credit_card,express,,
3496,ORD-20241010-03496,492,2024-10-10,pendiente,4881.93,3,390,1025.21,6150.68,paypal,standard,2,
3497,ORD-20240921-03497,124,2024-09-21,enviado,1058.66,3,230,222.32,1479.22,cash_on_delivery,pickup,,
3498,ORD-20241012-03498,183,2024-10-12,enviado,665.8,18,490,139.82,1175.78,paypal,express,,
3499,ORD-20240311-03499,212,2024-03-11,pendiente,4551.5,17,420,955.82,5153.57,bank_transfer,same_day,,
3500,ORD-20230504-03500,86,2023-05-04,enviado,1066.21,3,150,223.9,1408.12,cash_on_delivery,express,,
3501,ORD-20231109-03501,427,2023-11-09,entregado,1211.35,13,290,254.38,1598.25,cash_on_delivery,standard,9,
3502,ORD-20250218-03502,108,2025-02-18,cancelado,1292.48,17,440,271.42,1784.18,bank_transfer,pickup,,
3503,ORD-20240730-03503,218,2024-07-30,pendiente,122.88,8,60,25.8,198.85,cash_on_delivery,express,6,Nota del cliente: Llamar antes
3504,ORD-20250117-03504,487,2025-01-17,enviado,2655.32,3,40,557.62,3173.28,paypal,pickup,,
3505,ORD-20250819-03505,92,2025-08-19,cancelado,1432.85,15,470,300.9,1988.82,cash_on_delivery,standard,,
3506,ORD-20240525-03506,300,2024-05-25,cancelado,2453.74,0,360,515.29,3329.03,credit_card,standard,9,
3507,ORD-20230331-03507,474,2023-03-31,pendiente,3268.89,15,140,686.47,3605.03,credit_card,same_day,,
3508,ORD-20240309-03508,382,2024-03-09,enviado,2181.33,8,480,458.08,2944.9,cash_on_delivery,express,,
3509,ORD-20250522-03509,150,2025-05-22,entregado,2397.04,15,350,503.38,2890.86,bank_transfer,pickup,,
3510,ORD-20230814-03510,495,2023-08-14,enviado,1675.15,18,280,351.78,2005.4,debit_card,express,9,
3511,ORD-20260129-03511,372,2026-01-29,enviado,1064.99,11,420,223.65,1591.49,paypal,same_day,10,Nota del cliente: Entregar por la tarde
3512,ORD-20251219-03512,115,2025-12-19,cancelado,618.42,7,250,129.87,955,credit_card,pickup,2,
3513,ORD-20250730-03513,490,2025-07-30,pendiente,1627,16,100,341.67,1808.35,debit_card,pickup,2,
3514,ORD-20240909-03514,211,2024-09-09,procesando,1542.29,15,130,323.88,1764.83,cash_on_delivery,standard,,
3515,ORD-20250729-03515,252,2025-07-29,cancelado,1983.41,16,70,416.52,2152.58,debit_card,express,,
3516,ORD-20231128-03516,272,2023-11-28,pendiente,777.94,15,190,163.37,1014.62,paypal,pickup,5,
3517,ORD-20230518-03517,276,2023-05-18,procesando,3245.74,13,340,681.61,3845.4,debit_card,standard,,
3518,ORD-20240713-03518,77,2024-07-13,cancelado,3759.25,13,10,789.44,4069.99,debit_card,express,,
3519,ORD-20240102-03519,487,2024-01-02,procesando,728.57,18,450,153,1200.43,cash_on_delivery,pickup,5,
3520,ORD-20230129-03520,121,2023-01-29,entregado,2453.07,19,310,515.14,2812.13,credit_card,express,,
3521,ORD-20231205-03521,398,2023-12-05,entregado,4687.19,0,450,984.31,6121.5,credit_card,express,,Nota del cliente: Entregar por la tarde
3522,ORD-20251022-03522,181,2025-10-22,procesando,1551.27,10,110,325.77,1831.91,credit_card,express,,
3523,ORD-20230221-03523,175,2023-02-21,entregado,3313.37,8,260,695.81,4004.11,paypal,same_day,,
3524,ORD-20230530-03524,125,2023-05-30,procesando,3298.13,10,280,692.61,3940.93,credit_card,express,,
3525,ORD-20260105-03525,256,2026-01-05,procesando,362.26,7,430,76.07,842.97,debit_card,standard,,
3526,ORD-20250918-03526,243,2025-09-18,entregado,1792.69,8,30,376.46,2055.73,paypal,pickup,7,
3527,ORD-20240717-03527,425,2024-07-17,procesando,5018.16,7,380,1053.81,6100.7,debit_card,pickup,,
3528,ORD-20231116-03528,316,2023-11-16,cancelado,1087.46,6,480,228.37,1730.58,credit_card,pickup,2,
3529,ORD-20251025-03529,346,2025-10-25,pendiente,122.88,5,430,25.8,572.54,debit_card,express,9,
3530,ORD-20230824-03530,469,2023-08-24,entregado,1858.75,7,40,390.34,2158.98,debit_card,same_day,,Nota del cliente: Llamar antes
3531,ORD-20240830-03531,135,2024-08-30,entregado,1333.25,13,330,279.98,1769.91,debit_card,pickup,5,Nota del cliente: Envolver para regalo
3532,ORD-20260308-03532,46,2026-03-08,enviado,4195.51,2,260,881.06,5252.66,cash_on_delivery,standard,,Nota del cliente: Llamar antes
3533,ORD-20231002-03533,102,2023-10-02,entregado,506.71,17,60,106.41,586.98,paypal,standard,,Nota del cliente: Dejar en portería
3534,ORD-20240925-03534,405,2024-09-25,procesando,260.99,15,130,54.81,406.65,debit_card,standard,,Nota del cliente: Llamar antes
3535,ORD-20230130-03535,479,2023-01-30,enviado,2930.36,18,180,615.38,3198.28,paypal,pickup,,
3536,ORD-20230827-03536,386,2023-08-27,procesando,2495.27,7,240,524.01,3084.61,paypal,express,,
3537,ORD-20231202-03537,492,2023-12-02,entregado,1219.38,3,420,256.07,1858.87,bank_transfer,express,1,
3538,ORD-20231209-03538,289,2023-12-09,cancelado,5421.03,9,390,1138.42,6461.56,cash_on_delivery,pickup,,Nota del cliente: Entregar por la tarde
3539,ORD-20240330-03539,112,2024-03-30,pendiente,573.33,20,170,120.4,749.06,credit_card,express,4,Nota del cliente: Envolver para regalo
3540,ORD-20250912-03540,201,2025-09-12,entregado,499.66,5,40,104.93,619.61,paypal,same_day,3,
3541,ORD-20230605-03541,450,2023-06-05,entregado,252.24,12,120,52.97,394.94,paypal,same_day,,
3542,ORD-20251107-03542,71,2025-11-07,cancelado,252.24,10,320,52.97,599.99,cash_on_delivery,same_day,6,
3543,ORD-20251026-03543,112,2025-10-26,entregado,1613.74,20,350,338.89,1979.88,debit_card,pickup,,
3544,ORD-20250616-03544,409,2025-06-16,procesando,1988.4,17,380,417.56,2447.93,bank_transfer,standard,,Nota del cliente: Entregar por la tarde
3545,ORD-20230428-03545,120,2023-04-28,entregado,3386.39,6,490,711.14,4384.35,debit_card,express,8,Nota del cliente: Dejar en portería
3546,ORD-20250706-03546,58,2025-07-06,cancelado,4866.86,14,390,1022.04,5597.54,debit_card,express,,
3547,ORD-20230315-03547,146,2023-03-15,enviado,146.48,14,430,30.76,586.73,credit_card,express,,
3548,ORD-20230316-03548,157,2023-03-16,cancelado,1893.12,6,60,397.56,2237.09,paypal,express,,Nota del cliente: Llamar antes
3549,ORD-20231226-03549,140,2023-12-26,procesando,614.47,18,350,129.04,982.91,bank_transfer,pickup,10,
3550,ORD-20231112-03550,71,2023-11-12,entregado,900.3,1,470,189.06,1550.36,bank_transfer,express,,
3551,ORD-20260105-03551,353,2026-01-05,cancelado,3805.42,20,150,799.14,3993.48,credit_card,standard,,
3552,ORD-20240116-03552,382,2024-01-16,entregado,3538.99,1,60,743.19,4306.79,credit_card,standard,7,Nota del cliente: Dejar en portería
3553,ORD-20251001-03553,120,2025-10-01,entregado,1202.84,1,440,252.6,1883.41,credit_card,same_day,,
3554,ORD-20241231-03554,149,2024-12-31,procesando,592.02,3,180,124.32,878.58,bank_transfer,pickup,,Nota del cliente: Entregar por la tarde
3555,ORD-20230922-03555,413,2023-09-22,pendiente,1548.14,13,180,325.11,1851.99,bank_transfer,standard,,
3556,ORD-20231228-03556,194,2023-12-28,enviado,2263.96,12,50,475.43,2517.71,debit_card,standard,,Nota del cliente: Dejar en portería
3557,ORD-20250606-03557,186,2025-06-06,enviado,1393.77,8,130,292.69,1704.96,cash_on_delivery,express,,
3558,ORD-20240810-03558,174,2024-08-10,enviado,240.84,17,250,50.58,500.48,paypal,express,,Nota del cliente: Entregar por la tarde
3559,ORD-20260213-03559,473,2026-02-13,procesando,1472.93,14,210,309.32,1786.04,bank_transfer,express,,
3560,ORD-20230221-03560,122,2023-02-21,pendiente,1803.99,2,270,378.84,2416.75,debit_card,same_day,,
3561,ORD-20260209-03561,335,2026-02-09,entregado,797.81,0,80,167.54,1045.35,debit_card,express,8,
3562,ORD-20251019-03562,166,2025-10-19,pendiente,2788.03,7,350,585.49,3528.36,paypal,standard,5,Nota del cliente: Envolver para regalo
3563,ORD-20240525-03563,225,2024-05-25,pendiente,1517.07,6,140,318.58,1884.63,debit_card,express,,Nota del cliente: Dejar en portería
3564,ORD-20251016-03564,112,2025-10-16,cancelado,1888.11,2,280,396.5,2526.85,credit_card,express,,
3565,ORD-20240312-03565,460,2024-03-12,cancelado,1998.73,7,310,419.73,2588.55,cash_on_delivery,express,,
3566,ORD-20251108-03566,263,2025-11-08,cancelado,3405.3,17,140,715.11,3681.51,bank_transfer,same_day,,Nota del cliente: Llamar antes
3567,ORD-20250717-03567,490,2025-07-17,procesando,2294.2,10,400,481.78,2946.56,paypal,express,,
3568,ORD-20241016-03568,315,2024-10-16,entregado,839.24,20,120,176.24,967.63,paypal,standard,1,
3569,ORD-20230510-03569,134,2023-05-10,enviado,2693.92,17,220,565.72,3021.67,debit_card,pickup,8,
3570,ORD-20230629-03570,276,2023-06-29,cancelado,1589.32,18,410,333.76,2047,bank_transfer,standard,,Nota del cliente: Llamar antes
3571,ORD-20240208-03571,32,2024-02-08,pendiente,2976.7,12,330,625.11,3574.61,cash_on_delivery,pickup,,Nota del cliente: Llamar antes
3572,ORD-20240715-03572,423,2024-07-15,enviado,2998.02,12,90,629.58,3357.84,credit_card,same_day,,Nota del cliente: Envolver para regalo
3573,ORD-20250322-03573,119,2025-03-22,procesando,4180.39,16,170,877.88,4559.41,paypal,express,,
3574,ORD-20250410-03574,15,2025-04-10,enviado,3431.15,17,70,720.54,3638.39,paypal,standard,,
3575,ORD-20230201-03575,45,2023-02-01,cancelado,3626.56,3,440,761.58,4719.34,debit_card,standard,,
3576,ORD-20250212-03576,404,2025-02-12,enviado,843.04,1,130,177.04,1141.65,cash_on_delivery,pickup,,
3577,ORD-20251011-03577,227,2025-10-11,enviado,529.92,5,480,111.28,1094.7,credit_card,standard,,Nota del cliente: Llamar antes
3578,ORD-20231114-03578,378,2023-11-14,enviado,5143.31,7,20,1080.1,5883.38,cash_on_delivery,same_day,,Nota del cliente: Entregar por la tarde
3579,ORD-20230427-03579,441,2023-04-27,pendiente,2776.79,2,400,583.13,3704.38,credit_card,standard,,
3580,ORD-20240928-03580,325,2024-09-28,entregado,166.88,19,220,35.04,390.21,debit_card,standard,,
3581,ORD-20240910-03581,244,2024-09-10,enviado,1614.56,15,80,339.06,1791.44,bank_transfer,pickup,2,
3582,ORD-20241112-03582,477,2024-11-12,enviado,2273.57,5,20,477.45,2657.34,debit_card,standard,,
3583,ORD-20250512-03583,50,2025-05-12,entregado,2617.53,14,20,549.68,2820.76,credit_card,express,,
3584,ORD-20241113-03584,469,2024-11-13,procesando,500.95,1,340,105.2,941.14,credit_card,pickup,2,
3585,ORD-20230108-03585,303,2023-01-08,cancelado,1982.14,15,430,416.25,2531.07,credit_card,same_day,,
3586,ORD-20230614-03586,389,2023-06-14,procesando,5147.53,12,20,1080.98,5630.81,credit_card,pickup,,
3587,ORD-20250106-03587,24,2025-01-06,entregado,2654.05,14,440,557.35,3279.83,paypal,same_day,,
3588,ORD-20230730-03588,140,2023-07-30,cancelado,663.28,19,410,139.29,1086.55,debit_card,same_day,,
3589,ORD-20251220-03589,161,2025-12-20,enviado,2324.88,9,440,488.22,3043.86,debit_card,standard,,
3590,ORD-20231102-03590,195,2023-11-02,enviado,4051.28,18,290,850.77,4462.82,cash_on_delivery,pickup,,
3591,ORD-20251009-03591,42,2025-10-09,entregado,3401.7,16,390,714.36,3961.79,credit_card,express,,
3592,ORD-20251119-03592,433,2025-11-19,procesando,273.1,0,80,57.35,410.45,paypal,standard,,
3593,ORD-20251217-03593,392,2025-12-17,procesando,813.22,20,150,170.78,971.36,debit_card,express,,Nota del cliente: Entregar por la tarde
3594,ORD-20240406-03594,124,2024-04-06,pendiente,1499.67,11,230,314.93,1879.64,bank_transfer,standard,,Nota del cliente: Dejar en portería
3595,ORD-20250119-03595,481,2025-01-19,cancelado,577.16,17,70,121.2,670.24,paypal,standard,,Nota del cliente: Dejar en portería
3596,ORD-20241227-03596,270,2024-12-27,cancelado,2303.01,13,320,483.63,2807.25,bank_transfer,express,,
3597,ORD-20251231-03597,218,2025-12-31,pendiente,3881.2,2,100,815.05,4718.63,paypal,standard,,Nota del cliente: Llamar antes
3598,ORD-20250404-03598,269,2025-04-04,cancelado,7202.76,10,280,1512.58,8275.06,credit_card,same_day,,
3599,ORD-20240127-03599,4,2024-01-27,entregado,2438.35,2,300,512.05,3201.63,bank_transfer,same_day,,
3600,ORD-20240205-03600,141,2024-02-05,procesando,153.3,0,290,32.19,475.49,debit_card,pickup,,Nota del cliente: Dejar en portería
3601,ORD-20231107-03601,339,2023-11-07,procesando,3532.16,15,350,741.75,4094.09,paypal,standard,,Nota del cliente: Entregar por la tarde
3602,ORD-20230218-03602,118,2023-02-18,procesando,2531.49,10,410,531.61,3219.95,credit_card,express,9,
3603,ORD-20260201-03603,204,2026-02-01,cancelado,2080.66,3,20,436.94,2475.18,bank_transfer,pickup,,
3604,ORD-20231206-03604,106,2023-12-06,cancelado,1485.38,5,40,311.93,1763.04,debit_card,same_day,6,
3605,ORD-20230724-03605,410,2023-07-24,procesando,4291.02,15,210,901.11,4758.48,credit_card,standard,7,
3606,ORD-20240318-03606,320,2024-03-18,entregado,3926.18,16,0,824.5,4122.49,bank_transfer,pickup,,
3607,ORD-20230412-03607,393,2023-04-12,entregado,2377.17,14,280,499.21,2823.58,cash_on_delivery,express,6,Nota del cliente: Envolver para regalo
3608,ORD-20240418-03608,213,2024-04-18,procesando,3163.32,20,480,664.3,3674.96,debit_card,same_day,,
3609,ORD-20240221-03609,49,2024-02-21,procesando,3168.01,13,70,665.28,3491.45,paypal,express,,
3610,ORD-20260216-03610,374,2026-02-16,procesando,4415.63,6,260,927.28,5337.97,debit_card,pickup,9,
3611,ORD-20230313-03611,197,2023-03-13,entregado,794.87,13,390,166.92,1248.46,paypal,pickup,,
3612,ORD-20250607-03612,299,2025-06-07,cancelado,3750.47,5,310,787.6,4660.55,paypal,same_day,,
3613,ORD-20240805-03613,165,2024-08-05,entregado,806.2,5,140,169.3,1075.19,bank_transfer,pickup,,
3614,ORD-20240707-03614,349,2024-07-07,cancelado,2692.21,20,220,565.36,2939.13,bank_transfer,pickup,,
3615,ORD-20250711-03615,433,2025-07-11,pendiente,3277.83,9,290,688.34,3961.17,debit_card,standard,,
3616,ORD-20240211-03616,79,2024-02-11,cancelado,1665.62,8,480,349.78,2362.15,cash_on_delivery,standard,,
3617,ORD-20240527-03617,392,2024-05-27,cancelado,3011.97,15,380,632.51,3572.68,cash_on_delivery,express,,
3618,ORD-20230212-03618,446,2023-02-12,entregado,1287.2,17,250,270.31,1588.69,bank_transfer,standard,,
3619,ORD-20240218-03619,333,2024-02-18,entregado,1029.75,10,120,216.25,1263.03,debit_card,standard,,Nota del cliente: Envolver para regalo
3620,ORD-20240807-03620,438,2024-08-07,pendiente,1665.27,7,390,349.71,2288.41,bank_transfer,pickup,,
3621,ORD-20240526-03621,43,2024-05-26,entregado,4926.48,10,370,1034.56,5838.39,credit_card,pickup,,
3622,ORD-20260118-03622,373,2026-01-18,entregado,5559.48,14,260,1167.49,6208.64,paypal,same_day,,
3623,ORD-20250425-03623,405,2025-04-25,cancelado,1060.53,8,70,222.71,1268.4,bank_transfer,express,3,
3624,ORD-20260124-03624,53,2026-01-24,pendiente,4754.93,18,210,998.54,5107.58,paypal,standard,,
3625,ORD-20251015-03625,381,2025-10-15,entregado,1771.29,8,30,371.97,2031.56,credit_card,same_day,,
3626,ORD-20240805-03626,393,2024-08-05,cancelado,2052.99,0,360,431.13,2844.12,cash_on_delivery,standard,,
3627,ORD-20250312-03627,149,2025-03-12,enviado,2026.22,10,160,425.51,2409.11,credit_card,standard,,
3628,ORD-20240613-03628,89,2024-06-13,cancelado,4750.39,3,480,997.58,6085.46,debit_card,pickup,5,
3629,ORD-20250319-03629,370,2025-03-19,enviado,1449.76,0,280,304.45,2034.21,bank_transfer,pickup,5,Nota del cliente: Envolver para regalo
3630,ORD-20250218-03630,91,2025-02-18,cancelado,2511.3,9,280,527.37,3092.65,cash_on_delivery,pickup,,
3631,ORD-20230311-03631,40,2023-03-11,enviado,1939.73,19,20,407.34,1998.52,bank_transfer,standard,,
3632,ORD-20240214-03632,384,2024-02-14,procesando,953.06,5,50,200.14,1155.55,cash_on_delivery,standard,,Nota del cliente: Llamar antes
3633,ORD-20240723-03633,315,2024-07-23,entregado,3419.83,20,340,718.16,3794.02,paypal,same_day,1,
3634,ORD-20240627-03634,148,2024-06-27,procesando,402.41,2,470,84.51,948.87,credit_card,same_day,,Nota del cliente: Envolver para regalo
3635,ORD-20230925-03635,180,2023-09-25,enviado,6012.2,20,10,1262.56,6082.32,debit_card,express,,
3636,ORD-20230524-03636,94,2023-05-24,entregado,1844.76,15,360,387.4,2315.45,debit_card,standard,,
3637,ORD-20231231-03637,397,2023-12-31,enviado,2753.09,6,90,578.15,3256.05,bank_transfer,same_day,4,
3638,ORD-20230506-03638,303,2023-05-06,enviado,3348.45,8,260,703.17,4043.74,paypal,standard,,
3639,ORD-20250414-03639,129,2025-04-14,enviado,1435.52,0,340,301.46,2076.98,credit_card,pickup,,
3640,ORD-20230711-03640,29,2023-07-11,enviado,2453.24,7,180,515.18,2976.69,credit_card,standard,8,Nota del cliente: Envolver para regalo
3641,ORD-20250117-03641,448,2025-01-17,procesando,1886.56,16,0,396.18,1980.89,cash_on_delivery,same_day,,
3642,ORD-20230423-03642,451,2023-04-23,pendiente,5804.27,17,270,1218.9,6306.44,debit_card,express,,
3643,ORD-20250318-03643,435,2025-03-18,cancelado,538.46,7,250,113.08,863.85,cash_on_delivery,standard,,
3644,ORD-20230707-03644,71,2023-07-07,entregado,61.32,15,380,12.88,445,credit_card,same_day,,
3645,ORD-20250317-03645,301,2025-03-17,pendiente,2109.15,1,500,442.92,3030.98,bank_transfer,same_day,,
3646,ORD-20230111-03646,111,2023-01-11,entregado,1626.37,2,60,341.54,1995.38,debit_card,pickup,,
3647,ORD-20240314-03647,227,2024-03-14,procesando,4241.59,1,460,890.73,5549.9,credit_card,pickup,,
3648,ORD-20250531-03648,314,2025-05-31,pendiente,3093.6,4,40,649.66,3659.52,debit_card,same_day,,
3649,ORD-20250105-03649,131,2025-01-05,entregado,1781.1,2,10,374.03,2129.51,credit_card,pickup,,
3650,ORD-20250430-03650,194,2025-04-30,cancelado,4492.14,16,320,943.35,5036.75,credit_card,express,,
3651,ORD-20251113-03651,473,2025-11-13,pendiente,4332.72,0,190,909.87,5432.59,debit_card,pickup,9,
3652,ORD-20230501-03652,214,2023-05-01,enviado,266.1,6,320,55.88,626.01,credit_card,same_day,,Nota del cliente: Llamar antes
3653,ORD-20231216-03653,277,2023-12-16,cancelado,1423.56,13,350,298.95,1887.45,credit_card,standard,10,
3654,ORD-20240721-03654,151,2024-07-21,pendiente,118.28,7,290,24.84,424.84,debit_card,express,,
3655,ORD-20230925-03655,462,2023-09-25,procesando,2608.74,7,70,547.84,3043.97,debit_card,standard,4,
3656,ORD-20260109-03656,207,2026-01-09,enviado,2472.25,5,10,519.17,2877.81,credit_card,express,2,
3657,ORD-20240115-03657,377,2024-01-15,procesando,4500.19,19,410,945.04,5000.19,cash_on_delivery,standard,,
3658,ORD-20250718-03658,218,2025-07-18,procesando,960.23,4,20,201.65,1143.47,paypal,same_day,6,
3659,ORD-20230929-03659,489,2023-09-29,cancelado,751.45,1,380,157.8,1281.74,credit_card,same_day,9,
3660,ORD-20240623-03660,286,2024-06-23,entregado,2089.65,9,410,438.83,2750.41,paypal,express,,
3661,ORD-20240815-03661,370,2024-08-15,enviado,3145.76,6,10,660.61,3627.62,cash_on_delivery,same_day,,
3662,ORD-20251204-03662,235,2025-12-04,entregado,3607.19,12,430,757.51,4361.84,credit_card,express,,
3663,ORD-20240206-03663,292,2024-02-06,enviado,2693.68,8,360,565.67,3403.86,paypal,standard,,
3664,ORD-20250710-03664,75,2025-07-10,entregado,20.56,0,450,4.32,474.88,cash_on_delivery,same_day,,
3665,ORD-20230301-03665,367,2023-03-01,cancelado,2389.5,7,460,501.8,3184.04,credit_card,same_day,9,
3666,ORD-20240119-03666,406,2024-01-19,entregado,2967.12,7,290,623.1,3672.52,debit_card,standard,,
3667,ORD-20240329-03667,417,2024-03-29,procesando,2369.51,11,320,497.6,2926.46,credit_card,standard,,
3668,ORD-20240118-03668,482,2024-01-18,procesando,11.87,4,280,2.49,293.89,debit_card,pickup,,Nota del cliente: Llamar antes
3669,ORD-20241028-03669,86,2024-10-28,cancelado,3360.96,4,500,705.8,4432.32,paypal,same_day,,
3670,ORD-20250114-03670,359,2025-01-14,cancelado,1802.96,14,260,378.62,2189.17,paypal,pickup,5,
3671,ORD-20240404-03671,158,2024-04-04,enviado,2950.32,8,490,619.57,3823.86,paypal,standard,,Nota del cliente: Dejar en portería
3672,ORD-20230805-03672,110,2023-08-05,cancelado,4166.28,16,150,874.92,4524.6,paypal,standard,,
3673,ORD-20250926-03673,21,2025-09-26,cancelado,7367.24,16,180,1547.12,7915.6,credit_card,same_day,,
3674,ORD-20241108-03674,400,2024-11-08,cancelado,3445.4,5,200,723.53,4196.66,cash_on_delivery,express,7,
3675,ORD-20260311-03675,210,2026-03-11,entregado,275.64,7,430,57.88,744.23,debit_card,standard,,
3676,ORD-20240130-03676,97,2024-01-30,enviado,2026.35,7,0,425.53,2310.04,paypal,pickup,6,
3677,ORD-20250905-03677,145,2025-09-05,enviado,481.68,9,240,101.15,779.48,paypal,express,,
3678,ORD-20230804-03678,499,2023-08-04,procesando,4214.75,12,120,885.1,4714.08,paypal,pickup,,
3679,ORD-20250920-03679,354,2025-09-20,procesando,5734.92,16,250,1204.33,6271.66,bank_transfer,express,,
3680,ORD-20231113-03680,449,2023-11-13,pendiente,2405.3,18,190,505.11,2667.46,credit_card,pickup,,
3681,ORD-20230130-03681,32,2023-01-30,cancelado,5058.68,4,20,1062.32,5938.65,debit_card,same_day,,
3682,ORD-20250421-03682,168,2025-04-21,entregado,240.27,18,480,50.46,727.48,bank_transfer,express,,
3683,ORD-20231226-03683,204,2023-12-26,pendiente,5734.8,11,170,1204.31,6478.28,bank_transfer,pickup,,
3684,ORD-20230816-03684,86,2023-08-16,pendiente,3629.76,5,360,762.25,4570.52,paypal,standard,,
3685,ORD-20250611-03685,15,2025-06-11,procesando,274.84,6,20,57.72,336.07,debit_card,pickup,10,
3686,ORD-20230418-03686,366,2023-04-18,pendiente,1884.24,3,370,395.69,2593.4,cash_on_delivery,pickup,,Nota del cliente: Dejar en portería
3687,ORD-20240917-03687,346,2024-09-17,pendiente,1799.08,8,410,377.81,2442.96,cash_on_delivery,standard,,Nota del cliente: Entregar por la tarde
3688,ORD-20230904-03688,112,2023-09-04,cancelado,3048.22,20,270,640.13,3348.71,bank_transfer,standard,,
3689,ORD-20250915-03689,155,2025-09-15,enviado,2628.6,9,160,552.01,3104.04,credit_card,standard,1,Nota del cliente: Dejar en portería
3690,ORD-20251101-03690,34,2025-11-01,cancelado,1068.49,15,30,224.38,1162.6,cash_on_delivery,standard,,
3691,ORD-20230227-03691,360,2023-02-27,entregado,1743.02,16,90,366.03,1920.17,bank_transfer,pickup,,Nota del cliente: Entregar por la tarde
3692,ORD-20240504-03692,31,2024-05-04,enviado,3243.2,5,350,681.07,4112.11,bank_transfer,same_day,,
3693,ORD-20250922-03693,321,2025-09-22,pendiente,2166.37,13,480,454.94,2819.68,debit_card,standard,8,
3694,ORD-20240120-03694,366,2024-01-20,procesando,4169.69,9,320,875.63,4990.05,bank_transfer,express,1,
3695,ORD-20231227-03695,13,2023-12-27,procesando,217.5,15,200,45.68,430.56,credit_card,pickup,,Nota del cliente: Llamar antes
3696,ORD-20230206-03696,82,2023-02-06,entregado,1735.41,13,360,364.44,2234.25,cash_on_delivery,express,10,
3697,ORD-20251217-03697,73,2025-12-17,pendiente,1747.15,4,320,366.9,2364.16,paypal,standard,,Nota del cliente: Entregar por la tarde
3698,ORD-20240519-03698,262,2024-05-19,cancelado,1965.16,4,130,412.68,2429.23,debit_card,same_day,,Nota del cliente: Envolver para regalo
3699,ORD-20230216-03699,158,2023-02-16,enviado,2485.16,3,110,521.88,3042.49,paypal,express,,
3700,ORD-20250325-03700,461,2025-03-25,cancelado,2304.24,18,270,483.89,2643.37,debit_card,standard,1,Nota del cliente: Llamar antes
3701,ORD-20250307-03701,369,2025-03-07,enviado,736.1,16,40,154.58,812.9,paypal,standard,,
3702,ORD-20260303-03702,455,2026-03-03,entregado,653.55,7,250,137.25,995.05,debit_card,express,,
3703,ORD-20230224-03703,385,2023-02-24,entregado,2781.25,9,90,584.06,3205,cash_on_delivery,standard,,Nota del cliente: Entregar por la tarde
3704,ORD-20230907-03704,1,2023-09-07,procesando,955.3,1,200,200.61,1346.36,bank_transfer,pickup,,
3705,ORD-20230812-03705,156,2023-08-12,enviado,3231.25,8,120,678.56,3771.31,debit_card,standard,,
3706,ORD-20230403-03706,192,2023-04-03,cancelado,2209.66,1,30,464.03,2681.59,cash_on_delivery,same_day,,
3707,ORD-20231030-03707,22,2023-10-30,cancelado,3314.21,1,50,695.98,4027.05,bank_transfer,express,,
3708,ORD-20260224-03708,392,2026-02-24,enviado,11.87,4,120,2.49,133.89,cash_on_delivery,pickup,,
3709,ORD-20241120-03709,404,2024-11-20,enviado,1478.4,2,350,310.46,2109.29,credit_card,express,,
3710,ORD-20240129-03710,247,2024-01-29,enviado,4160.15,20,180,873.63,4381.75,debit_card,standard,,
3711,ORD-20231106-03711,457,2023-11-06,procesando,868.47,7,140,182.38,1130.06,cash_on_delivery,express,,
3712,ORD-20241115-03712,82,2024-11-15,enviado,825.38,11,220,173.33,1127.92,bank_transfer,same_day,,
3713,ORD-20260301-03713,321,2026-03-01,cancelado,2030.57,8,220,426.42,2514.54,cash_on_delivery,standard,1,
3714,ORD-20231223-03714,240,2023-12-23,enviado,158.16,12,170,33.21,342.39,debit_card,standard,,
3715,ORD-20230111-03715,99,2023-01-11,enviado,1573.05,15,490,330.34,2157.43,bank_transfer,same_day,,
3716,ORD-20241213-03716,325,2024-12-13,enviado,2710.75,5,310,569.26,3454.47,cash_on_delivery,same_day,,Nota del cliente: Dejar en portería
3717,ORD-20241004-03717,399,2024-10-04,enviado,4385.49,0,90,920.95,5396.44,debit_card,same_day,,
3718,ORD-20250506-03718,474,2025-05-06,procesando,987.93,1,170,207.47,1355.52,debit_card,pickup,,
3719,ORD-20260302-03719,293,2026-03-02,cancelado,1917.14,0,30,402.6,2349.74,cash_on_delivery,same_day,,
3720,ORD-20230210-03720,105,2023-02-10,enviado,2307,2,160,484.47,2905.33,credit_card,pickup,,
3721,ORD-20240810-03721,435,2024-08-10,procesando,35.61,2,120,7.48,162.38,debit_card,standard,4,
3722,ORD-20230613-03722,106,2023-06-13,enviado,3215.13,4,30,675.18,3791.7,credit_card,express,10,
3723,ORD-20231116-03723,397,2023-11-16,entregado,1216.76,7,400,255.52,1787.11,bank_transfer,pickup,,
3724,ORD-20231229-03724,258,2023-12-29,cancelado,101.25,12,290,21.26,400.36,cash_on_delivery,same_day,,
3725,ORD-20241010-03725,408,2024-10-10,pendiente,1465.41,13,170,307.74,1752.65,cash_on_delivery,standard,,Nota del cliente: Llamar antes
3726,ORD-20230831-03726,248,2023-08-31,pendiente,653.1,18,70,137.15,742.69,cash_on_delivery,same_day,5,
3727,ORD-20260210-03727,33,2026-02-10,enviado,1272.02,14,50,267.12,1411.06,cash_on_delivery,standard,5,
3728,ORD-20240229-03728,171,2024-02-29,pendiente,2499.29,9,300,524.85,3099.2,credit_card,same_day,,
3729,ORD-20230302-03729,68,2023-03-02,cancelado,1079.43,8,210,226.68,1429.76,cash_on_delivery,standard,,
3730,ORD-20230830-03730,357,2023-08-30,cancelado,2438.35,17,450,512.05,2985.88,credit_card,standard,,Nota del cliente: Entregar por la tarde
3731,ORD-20230608-03731,150,2023-06-08,procesando,4884.2,2,240,1025.68,6052.2,credit_card,standard,,
3732,ORD-20250405-03732,335,2025-04-05,entregado,1381.08,13,270,290.03,1761.57,bank_transfer,same_day,9,
3733,ORD-20251206-03733,44,2025-12-06,pendiente,1004.46,17,280,210.94,1324.64,credit_card,pickup,,
3734,ORD-20250710-03734,208,2025-07-10,entregado,337.98,3,290,70.98,688.82,bank_transfer,standard,,
3735,ORD-20231218-03735,9,2023-12-18,entregado,1108.55,16,280,232.8,1443.98,bank_transfer,same_day,,Nota del cliente: Envolver para regalo
3736,ORD-20230419-03736,103,2023-04-19,pendiente,3820.46,8,350,802.3,4667.12,credit_card,express,1,
3737,ORD-20241229-03737,156,2024-12-29,pendiente,1258.56,8,0,264.3,1422.18,paypal,same_day,,
3738,ORD-20250526-03738,90,2025-05-26,procesando,2744.98,16,280,576.45,3162.23,bank_transfer,same_day,1,
3739,ORD-20231005-03739,88,2023-10-05,cancelado,4030.81,9,370,846.47,4884.51,bank_transfer,express,,
3740,ORD-20250922-03740,336,2025-09-22,pendiente,273.85,15,340,57.51,630.28,bank_transfer,standard,,
3741,ORD-20231111-03741,382,2023-11-11,pendiente,4280.42,11,460,898.89,5168.46,debit_card,pickup,,
3742,ORD-20240623-03742,195,2024-06-23,procesando,665.13,17,130,139.68,821.74,bank_transfer,express,,
3743,ORD-20230711-03743,126,2023-07-11,enviado,1909.48,14,130,400.99,2173.14,cash_on_delivery,same_day,1,
3744,ORD-20260106-03744,459,2026-01-06,pendiente,4649.01,19,430,976.29,5171.99,paypal,standard,,
3745,ORD-20241109-03745,181,2024-11-09,entregado,2289.14,1,420,480.72,3166.97,cash_on_delivery,standard,,
3746,ORD-20250304-03746,406,2025-03-04,cancelado,1174.72,16,410,246.69,1643.45,credit_card,standard,6,
3747,ORD-20230108-03747,229,2023-01-08,entregado,1690.91,14,340,355.09,2149.27,credit_card,pickup,,
3748,ORD-20231123-03748,356,2023-11-23,enviado,1846.9,14,150,387.85,2126.18,credit_card,pickup,,
3749,ORD-20260112-03749,205,2026-01-12,pendiente,482.26,9,360,101.27,900.13,paypal,pickup,3,Nota del cliente: Llamar antes
3750,ORD-20230430-03750,114,2023-04-30,cancelado,4184.46,9,0,878.74,4686.6,bank_transfer,same_day,4,
3751,ORD-20240719-03751,468,2024-07-19,procesando,1890.93,11,180,397.1,2260.03,bank_transfer,standard,,
3752,ORD-20240715-03752,190,2024-07-15,pendiente,889.79,0,40,186.86,1116.65,cash_on_delivery,standard,,
3753,ORD-20250709-03753,498,2025-07-09,enviado,3201.43,16,70,672.3,3431.5,paypal,pickup,1,
3754,ORD-20240613-03754,134,2024-06-13,pendiente,4285.04,17,420,899.86,4876.44,bank_transfer,same_day,,
3755,ORD-20230107-03755,154,2023-01-07,procesando,263.13,11,120,55.26,409.45,debit_card,express,2,
3756,ORD-20231015-03756,18,2023-10-15,enviado,3863.88,11,80,811.41,4330.26,bank_transfer,pickup,,
3757,ORD-20260210-03757,145,2026-02-10,enviado,2255.12,12,480,473.58,2938.09,cash_on_delivery,pickup,,
3758,ORD-20230416-03758,270,2023-04-16,procesando,2473.31,0,430,519.4,3422.71,cash_on_delivery,pickup,,
3759,ORD-20241210-03759,300,2024-12-10,cancelado,4835.89,2,480,1015.54,6234.71,cash_on_delivery,express,,
3760,ORD-20240224-03760,366,2024-02-24,pendiente,2855.76,6,470,599.71,3754.12,paypal,same_day,4,
3761,ORD-20250802-03761,360,2025-08-02,cancelado,897.3,15,470,188.43,1421.14,bank_transfer,express,4,
3762,ORD-20241126-03762,93,2024-11-26,pendiente,2012.18,11,330,422.56,2543.4,credit_card,standard,10,
3763,ORD-20250323-03763,209,2025-03-23,entregado,1814.22,19,280,380.99,2130.51,bank_transfer,express,5,
3764,ORD-20241224-03764,388,2024-12-24,procesando,2543.32,3,60,534.1,3061.12,cash_on_delivery,same_day,,
3765,ORD-20240131-03765,69,2024-01-31,procesando,1596.38,2,410,335.24,2309.69,bank_transfer,express,9,
3766,ORD-20251228-03766,297,2025-12-28,entregado,2242.31,20,140,470.89,2404.74,cash_on_delivery,pickup,,
3767,ORD-20231208-03767,217,2023-12-08,cancelado,658.84,10,60,138.36,791.32,cash_on_delivery,standard,,
3768,ORD-20230514-03768,57,2023-05-14,procesando,1893.53,4,490,397.64,2705.43,credit_card,express,5,Nota del cliente: Envolver para regalo
3769,ORD-20240620-03769,340,2024-06-20,entregado,392.7,10,20,82.47,455.9,debit_card,express,,
3770,ORD-20240328-03770,240,2024-03-28,entregado,1676.35,11,80,352.03,1923.98,credit_card,same_day,,
3771,ORD-20250116-03771,464,2025-01-16,procesando,1731.81,7,420,363.68,2394.26,debit_card,standard,,Nota del cliente: Dejar en portería
3772,ORD-20230610-03772,169,2023-06-10,cancelado,114.15,5,420,23.97,552.41,debit_card,standard,,
3773,ORD-20240815-03773,41,2024-08-15,procesando,455.2,3,450,95.59,987.13,paypal,express,,
3774,ORD-20260218-03774,346,2026-02-18,cancelado,391.48,14,70,82.21,488.88,bank_transfer,same_day,,
3775,ORD-20241023-03775,488,2024-10-23,pendiente,2245.49,10,450,471.55,2942.49,paypal,same_day,,
3776,ORD-20250503-03776,271,2025-05-03,enviado,234.45,0,20,49.23,303.68,bank_transfer,same_day,7,
3777,ORD-20240811-03777,299,2024-08-11,enviado,2182.04,17,300,458.23,2569.32,bank_transfer,standard,,
3778,ORD-20230523-03778,300,2023-05-23,procesando,1317.68,18,30,276.71,1387.21,cash_on_delivery,pickup,,
3779,ORD-20230714-03779,140,2023-07-14,entregado,402.34,0,90,84.49,576.83,bank_transfer,express,,
3780,ORD-20240406-03780,369,2024-04-06,cancelado,2237.67,14,20,469.91,2414.31,credit_card,pickup,,
3781,ORD-20230417-03781,409,2023-04-17,enviado,1915.32,9,0,402.22,2145.16,debit_card,express,3,
3782,ORD-20240328-03782,302,2024-03-28,cancelado,2023.07,13,360,424.84,2544.91,bank_transfer,standard,,
3783,ORD-20241129-03783,308,2024-11-29,procesando,87.71,0,370,18.42,476.13,paypal,same_day,7,Nota del cliente: Entregar por la tarde
3784,ORD-20230220-03784,404,2023-02-20,procesando,5194.49,14,180,1090.84,5738.1,debit_card,same_day,,
3785,ORD-20260111-03785,328,2026-01-11,procesando,2895.42,13,460,608.04,3587.06,debit_card,same_day,7,Nota del cliente: Dejar en portería
3786,ORD-20230624-03786,57,2023-06-24,pendiente,2232.97,11,240,468.92,2696.26,bank_transfer,pickup,9,Nota del cliente: Envolver para regalo
3787,ORD-20240816-03787,352,2024-08-16,procesando,829.1,4,60,174.11,1030.05,bank_transfer,express,,
3788,ORD-20250627-03788,392,2025-06-27,cancelado,1811.36,1,140,380.39,2313.64,paypal,pickup,,Nota del cliente: Envolver para regalo
3789,ORD-20231226-03789,10,2023-12-26,cancelado,3276.2,11,480,688,4083.82,bank_transfer,same_day,2,
3790,ORD-20230513-03790,312,2023-05-13,procesando,1609.36,9,360,337.97,2162.49,bank_transfer,same_day,5,
3791,ORD-20250109-03791,239,2025-01-09,cancelado,282.76,4,360,59.38,690.83,cash_on_delivery,pickup,,
3792,ORD-20251111-03792,360,2025-11-11,entregado,1762.9,1,420,370.21,2535.48,cash_on_delivery,pickup,,
3793,ORD-20240819-03793,291,2024-08-19,cancelado,1786.56,13,50,375.18,1979.49,bank_transfer,pickup,9,
3794,ORD-20240420-03794,331,2024-04-20,entregado,757.95,14,190,159.17,1001.01,bank_transfer,express,,
3795,ORD-20250218-03795,252,2025-02-18,procesando,2804.14,1,460,588.87,3824.97,paypal,express,,
3796,ORD-20230318-03796,478,2023-03-18,entregado,3740.53,19,90,785.51,3905.34,paypal,express,,Nota del cliente: Llamar antes
3797,ORD-20230525-03797,257,2023-05-25,entregado,793.79,7,430,166.7,1334.92,bank_transfer,same_day,6,
3798,ORD-20250610-03798,151,2025-06-10,enviado,6748.01,14,190,1417.08,7410.37,credit_card,express,,
3799,ORD-20240216-03799,284,2024-02-16,cancelado,1515.9,12,60,318.34,1712.33,cash_on_delivery,standard,,
3800,ORD-20230215-03800,465,2023-02-15,cancelado,2465.27,18,40,517.71,2579.23,debit_card,standard,,
3801,ORD-20230723-03801,194,2023-07-23,pendiente,2240.89,12,0,470.59,2442.57,debit_card,express,1,
3802,ORD-20240809-03802,330,2024-08-09,entregado,30.84,17,480,6.48,512.08,cash_on_delivery,pickup,,
3803,ORD-20241202-03803,192,2024-12-02,procesando,4242.87,16,250,891,4705.01,debit_card,pickup,,Nota del cliente: Entregar por la tarde
3804,ORD-20250205-03804,343,2025-02-05,entregado,2928.4,1,30,614.96,3544.08,paypal,pickup,,Nota del cliente: Dejar en portería
3805,ORD-20250923-03805,63,2025-09-23,pendiente,2288.58,19,240,480.6,2574.35,bank_transfer,standard,,Nota del cliente: Llamar antes
3806,ORD-20231218-03806,19,2023-12-18,procesando,102.54,10,340,21.53,453.82,credit_card,pickup,,
3807,ORD-20250901-03807,151,2025-09-01,cancelado,3087.8,18,400,648.44,3580.44,credit_card,express,,Nota del cliente: Entregar por la tarde
3808,ORD-20250820-03808,110,2025-08-20,enviado,2277.29,1,410,478.23,3142.75,bank_transfer,pickup,,
3809,ORD-20230914-03809,144,2023-09-14,procesando,436.02,2,150,91.56,668.86,bank_transfer,pickup,,
3810,ORD-20230924-03810,461,2023-09-24,enviado,2691.68,1,70,565.25,3300.01,debit_card,express,,
3811,ORD-20231223-03811,231,2023-12-23,cancelado,1728.12,14,290,362.91,2139.09,debit_card,same_day,,
3812,ORD-20240101-03812,243,2024-01-01,entregado,1339.92,18,310,281.38,1690.11,bank_transfer,express,,Nota del cliente: Llamar antes
3813,ORD-20231101-03813,319,2023-11-01,entregado,2228.23,1,140,467.93,2813.88,cash_on_delivery,pickup,,
3814,ORD-20250529-03814,144,2025-05-29,cancelado,1228.74,9,100,258.04,1476.19,credit_card,same_day,,
3815,ORD-20251026-03815,148,2025-10-26,procesando,1876.35,14,0,394.03,2007.69,cash_on_delivery,same_day,,
3816,ORD-20251021-03816,413,2025-10-21,cancelado,2646.21,13,130,555.7,2987.9,bank_transfer,same_day,,
3817,ORD-20250208-03817,307,2025-02-08,entregado,34.53,10,400,7.25,438.33,cash_on_delivery,pickup,,
3818,ORD-20240616-03818,408,2024-06-16,cancelado,2661.85,16,450,558.99,3244.94,credit_card,same_day,10,
3819,ORD-20241207-03819,157,2024-12-07,entregado,38.05,5,380,7.99,424.14,paypal,standard,,
3820,ORD-20230715-03820,285,2023-07-15,pendiente,1386.16,17,50,291.09,1491.6,bank_transfer,pickup,,Nota del cliente: Llamar antes
3821,ORD-20230309-03821,227,2023-03-09,cancelado,1931.25,10,70,405.56,2213.69,credit_card,pickup,,
3822,ORD-20240804-03822,432,2024-08-04,procesando,953.92,8,460,200.32,1537.93,debit_card,pickup,5,
3823,ORD-20250315-03823,388,2025-03-15,pendiente,2697.13,15,10,566.4,2868.96,paypal,standard,3,
3824,ORD-20250921-03824,143,2025-09-21,enviado,3556.59,13,300,746.88,4141.11,credit_card,express,,
3825,ORD-20250204-03825,472,2025-02-04,enviado,3168.68,14,90,665.42,3480.48,credit_card,same_day,,
3826,ORD-20230706-03826,289,2023-07-06,cancelado,2676.21,5,330,562,3434.4,cash_on_delivery,express,,
3827,ORD-20260112-03827,333,2026-01-12,cancelado,70.69,12,340,14.84,417.05,credit_card,standard,,
3828,ORD-20250515-03828,10,2025-05-15,enviado,4258.8,4,130,894.35,5112.8,paypal,same_day,,
3829,ORD-20251209-03829,453,2025-12-09,pendiente,804.68,0,480,168.98,1453.66,cash_on_delivery,express,4,
3830,ORD-20241129-03830,150,2024-11-29,procesando,2192.37,10,220,460.4,2653.53,cash_on_delivery,express,,
3831,ORD-20241228-03831,144,2024-12-28,pendiente,3371.7,4,360,708.06,4304.89,cash_on_delivery,standard,,
3832,ORD-20250627-03832,81,2025-06-27,entregado,1976.88,18,280,415.14,2316.18,cash_on_delivery,standard,8,
3833,ORD-20230722-03833,460,2023-07-22,cancelado,1767.9,14,250,371.26,2141.65,paypal,pickup,,
3834,ORD-20230602-03834,7,2023-06-02,entregado,3728.93,17,460,783.08,4338.09,cash_on_delivery,same_day,,
3835,ORD-20250717-03835,153,2025-07-17,enviado,1438.85,6,140,302.16,1794.68,paypal,same_day,,
3836,ORD-20250617-03836,63,2025-06-17,cancelado,3580.19,6,430,751.84,4547.22,cash_on_delivery,pickup,,
3837,ORD-20230613-03837,185,2023-06-13,pendiente,703.35,3,430,147.7,1259.95,cash_on_delivery,standard,,
3838,ORD-20250210-03838,62,2025-02-10,pendiente,2581.41,0,170,542.1,3293.51,debit_card,pickup,,
3839,ORD-20250123-03839,44,2025-01-23,procesando,3289.52,3,430,690.8,4311.63,credit_card,pickup,,
3840,ORD-20240819-03840,192,2024-08-19,cancelado,1098.57,4,430,230.7,1715.33,bank_transfer,pickup,9,
3841,ORD-20230411-03841,385,2023-04-11,enviado,1848.7,16,240,388.23,2181.14,debit_card,same_day,6,
3842,ORD-20250519-03842,120,2025-05-19,enviado,943.25,5,430,198.08,1524.17,credit_card,pickup,3,
3843,ORD-20241220-03843,59,2024-12-20,procesando,2959.58,11,150,621.51,3405.54,bank_transfer,standard,,
3844,ORD-20230320-03844,148,2023-03-20,enviado,2055.87,3,170,431.73,2595.92,cash_on_delivery,pickup,,
3845,ORD-20230425-03845,21,2023-04-25,enviado,1271.24,9,420,266.96,1843.79,paypal,same_day,9,Nota del cliente: Envolver para regalo
3846,ORD-20230910-03846,428,2023-09-10,cancelado,3525.13,9,210,740.28,4158.15,cash_on_delivery,standard,,
3847,ORD-20230420-03847,250,2023-04-20,procesando,2795.77,6,90,587.11,3305.13,credit_card,pickup,,Nota del cliente: Llamar antes
3848,ORD-20240111-03848,163,2024-01-11,cancelado,1351.58,10,350,283.83,1850.25,debit_card,express,,
3849,ORD-20240711-03849,490,2024-07-11,entregado,1386.91,12,450,291.25,1961.73,bank_transfer,same_day,,
3850,ORD-20250816-03850,332,2025-08-16,pendiente,2758.76,7,100,579.34,3244.99,debit_card,standard,,
3851,ORD-20260123-03851,220,2026-01-23,pendiente,4126.44,11,360,866.55,4899.08,credit_card,standard,,
3852,ORD-20250222-03852,54,2025-02-22,procesando,358.88,7,60,75.36,469.12,paypal,express,,
3853,ORD-20231008-03853,12,2023-10-08,pendiente,561.25,20,470,117.86,1036.86,debit_card,pickup,,
3854,ORD-20260209-03854,356,2026-02-09,entregado,1666.5,14,290,349.97,2073.16,credit_card,standard,,
3855,ORD-20250725-03855,77,2025-07-25,entregado,1838.49,11,370,386.08,2392.34,paypal,pickup,,
3856,ORD-20241017-03856,496,2024-10-17,enviado,976.2,2,190,205,1351.68,cash_on_delivery,same_day,,
3857,ORD-20250514-03857,392,2025-05-14,procesando,400.76,8,370,84.16,822.86,paypal,pickup,1,
3858,ORD-20240217-03858,392,2024-02-17,entregado,1073.56,18,450,225.45,1555.77,credit_card,same_day,,
3859,ORD-20240814-03859,227,2024-08-14,entregado,2102.03,8,110,441.43,2485.3,debit_card,pickup,,
3860,ORD-20241009-03860,166,2024-10-09,cancelado,1914.57,4,310,402.06,2550.05,cash_on_delivery,pickup,,
3861,ORD-20240412-03861,438,2024-04-12,cancelado,1796.3,4,480,377.22,2581.67,bank_transfer,express,9,
3862,ORD-20250117-03862,353,2025-01-17,enviado,5650.31,7,190,1186.57,6631.36,credit_card,same_day,1,
3863,ORD-20241026-03863,225,2024-10-26,procesando,2821.6,19,290,592.54,3168.04,paypal,express,,
3864,ORD-20250701-03864,251,2025-07-01,cancelado,3173.28,20,340,666.39,3545.01,cash_on_delivery,express,,
3865,ORD-20230910-03865,342,2023-09-10,cancelado,1123.08,14,100,235.85,1301.7,cash_on_delivery,pickup,,
3866,ORD-20260101-03866,66,2026-01-01,enviado,2313.05,7,90,485.74,2726.88,debit_card,standard,,
3867,ORD-20240817-03867,486,2024-08-17,pendiente,1180.58,4,90,247.92,1471.28,bank_transfer,pickup,,Nota del cliente: Envolver para regalo
3868,ORD-20250219-03868,98,2025-02-19,cancelado,1073.26,3,200,225.38,1466.44,bank_transfer,express,,
3869,ORD-20260117-03869,63,2026-01-17,procesando,1079.51,17,180,226.7,1302.69,paypal,express,,
3870,ORD-20240509-03870,258,2024-05-09,cancelado,362.5,11,470,76.13,868.76,cash_on_delivery,standard,,
3871,ORD-20250709-03871,406,2025-07-09,enviado,1580.03,12,420,331.81,2142.24,paypal,standard,9,
3872,ORD-20241101-03872,133,2024-11-01,pendiente,1654.81,19,450,347.51,2137.91,credit_card,express,6,
3873,ORD-20250227-03873,99,2025-02-27,pendiente,1966.6,12,500,412.99,2643.6,debit_card,standard,1,
3874,ORD-20230922-03874,135,2023-09-22,enviado,332.1,0,300,69.74,701.84,bank_transfer,pickup,8,
3875,ORD-20250713-03875,340,2025-07-13,procesando,1250.75,10,60,262.66,1448.34,cash_on_delivery,pickup,,Nota del cliente: Llamar antes
3876,ORD-20230811-03876,176,2023-08-11,pendiente,2841.96,0,100,596.81,3538.77,debit_card,pickup,,
3877,ORD-20241120-03877,276,2024-11-20,pendiente,1215.44,4,170,255.24,1592.06,credit_card,pickup,,
3878,ORD-20250817-03878,313,2025-08-17,entregado,1741.28,18,110,365.67,1903.52,paypal,pickup,,
3879,ORD-20240302-03879,26,2024-03-02,cancelado,1287.2,1,50,270.31,1594.64,credit_card,express,,
3880,ORD-20250721-03880,182,2025-07-21,entregado,940.35,19,20,197.47,979.15,cash_on_delivery,same_day,,
3881,ORD-20250831-03881,40,2025-08-31,cancelado,433.93,16,240,91.13,695.63,debit_card,standard,4,
3882,ORD-20250522-03882,31,2025-05-22,entregado,1985.7,18,310,417,2355.27,bank_transfer,pickup,,
3883,ORD-20250501-03883,404,2025-05-01,cancelado,5483.68,14,460,1151.57,6327.53,cash_on_delivery,pickup,,
3884,ORD-20240325-03884,187,2024-03-25,cancelado,1720.39,15,320,361.28,2143.61,bank_transfer,pickup,,
3885,ORD-20250823-03885,228,2025-08-23,cancelado,2418.95,13,40,507.98,2652.47,cash_on_delivery,standard,9,
3886,ORD-20240715-03886,122,2024-07-15,enviado,941.44,18,250,197.7,1219.68,paypal,same_day,,
3887,ORD-20241108-03887,118,2024-11-08,entregado,3561.39,18,390,747.89,4058.23,credit_card,pickup,,
3888,ORD-20250305-03888,356,2025-03-05,pendiente,1102.56,19,80,231.54,1204.61,bank_transfer,pickup,,Nota del cliente: Llamar antes
3889,ORD-20231124-03889,245,2023-11-24,cancelado,3558.77,0,190,747.34,4496.11,credit_card,express,,
3890,ORD-20240123-03890,358,2024-01-23,procesando,1938.52,18,70,407.09,2066.68,credit_card,same_day,,
3891,ORD-20250714-03891,497,2025-07-14,procesando,1515.54,4,360,318.26,2133.18,credit_card,pickup,,
3892,ORD-20241207-03892,301,2024-12-07,cancelado,1743.66,9,80,366.17,2032.9,debit_card,pickup,,
3893,ORD-20240923-03893,138,2024-09-23,enviado,1310.02,12,450,275.1,1877.92,paypal,pickup,,
3894,ORD-20250123-03894,192,2025-01-23,entregado,2318.95,2,280,486.98,3039.55,cash_on_delivery,pickup,,
3895,ORD-20260207-03895,305,2026-02-07,pendiente,975.34,1,80,204.82,1250.41,credit_card,express,,
3896,ORD-20250326-03896,177,2025-03-26,enviado,1953.88,4,420,410.31,2706.03,credit_card,pickup,,
3897,ORD-20250802-03897,43,2025-08-02,entregado,906.27,14,360,190.32,1329.71,credit_card,express,,
3898,ORD-20260302-03898,470,2026-03-02,enviado,804.82,5,320,169.01,1253.59,cash_on_delivery,same_day,3,
3899,ORD-20230521-03899,112,2023-05-21,procesando,2452.94,14,370,515.12,2994.65,bank_transfer,standard,,
3900,ORD-20250510-03900,324,2025-05-10,cancelado,2451.4,1,70,514.79,3011.68,cash_on_delivery,same_day,10,
3901,ORD-20240920-03901,360,2024-09-20,enviado,5809.73,3,0,1220.04,6855.48,paypal,express,3,
3902,ORD-20230607-03902,20,2023-06-07,cancelado,1561.99,8,40,328.02,1805.05,bank_transfer,same_day,,
3903,ORD-20231013-03903,376,2023-10-13,entregado,5027.1,6,110,1055.69,5891.16,debit_card,same_day,,
3904,ORD-20240930-03904,297,2024-09-30,pendiente,1447.93,14,40,304.07,1589.29,credit_card,express,,
3905,ORD-20250922-03905,175,2025-09-22,procesando,2884.27,17,460,605.7,3459.64,debit_card,standard,4,
3906,ORD-20240131-03906,343,2024-01-31,procesando,1948.62,0,340,409.21,2697.83,credit_card,standard,,
3907,ORD-20231230-03907,59,2023-12-30,entregado,3000.63,5,100,630.13,3580.73,credit_card,same_day,,
3908,ORD-20230922-03908,438,2023-09-22,entregado,1338.16,2,430,281.01,2022.41,credit_card,standard,,
3909,ORD-20240221-03909,445,2024-02-21,entregado,1566.38,17,260,328.94,1889.04,paypal,same_day,,
3910,ORD-20231011-03910,337,2023-10-11,enviado,432.87,1,100,90.9,619.44,cash_on_delivery,standard,,
3911,ORD-20241122-03911,248,2024-11-22,enviado,5147.51,16,460,1080.98,5864.89,credit_card,standard,,
3912,ORD-20240228-03912,271,2024-02-28,cancelado,2783.8,3,130,584.6,3414.89,bank_transfer,same_day,,
3913,ORD-20230508-03913,251,2023-05-08,pendiente,2057.68,8,490,432.11,2815.18,cash_on_delivery,standard,,
3914,ORD-20250513-03914,23,2025-05-13,enviado,3448.98,2,10,724.29,4114.29,debit_card,standard,,
3915,ORD-20230105-03915,120,2023-01-05,cancelado,3550.39,14,420,745.58,4218.92,cash_on_delivery,standard,,Nota del cliente: Dejar en portería
3916,ORD-20231105-03916,336,2023-11-05,enviado,1692.64,19,350,355.45,2076.49,cash_on_delivery,standard,,
3917,ORD-20240619-03917,248,2024-06-19,entregado,2016.55,12,230,423.48,2428.04,credit_card,express,,
3918,ORD-20241104-03918,323,2024-11-04,cancelado,3673.9,19,230,771.52,3977.38,bank_transfer,same_day,,
3919,ORD-20250404-03919,307,2025-04-04,procesando,1967.41,4,270,413.16,2571.87,bank_transfer,express,,
3920,ORD-20240329-03920,433,2024-03-29,procesando,3111.6,3,500,653.44,4171.69,debit_card,pickup,,
3921,ORD-20230426-03921,92,2023-04-26,enviado,5097.76,7,160,1070.53,5971.45,credit_card,same_day,,
3922,ORD-20250226-03922,156,2025-02-26,entregado,3618.53,0,230,759.89,4608.42,cash_on_delivery,same_day,,
3923,ORD-20241029-03923,43,2024-10-29,enviado,279.16,13,400,58.62,701.49,bank_transfer,pickup,,Nota del cliente: Llamar antes
3924,ORD-20230829-03924,217,2023-08-29,pendiente,2444.92,15,230,513.43,2821.61,cash_on_delivery,standard,8,
3925,ORD-20240209-03925,30,2024-02-09,pendiente,1166.91,17,60,245.05,1273.59,credit_card,pickup,,
3926,ORD-20251201-03926,96,2025-12-01,entregado,1339.48,15,470,281.29,1889.85,paypal,standard,4,Nota del cliente: Entregar por la tarde
3927,ORD-20250927-03927,166,2025-09-27,pendiente,2350.2,18,500,493.54,2920.7,paypal,same_day,,
3928,ORD-20230522-03928,26,2023-05-22,cancelado,1479.83,12,330,310.76,1943.01,credit_card,same_day,5,
3929,ORD-20240830-03929,13,2024-08-30,enviado,2058.4,7,0,432.26,2346.57,bank_transfer,standard,,
3930,ORD-20240728-03930,29,2024-07-28,entregado,2824.31,17,90,593.11,3027.29,cash_on_delivery,same_day,,
3931,ORD-20260125-03931,180,2026-01-25,procesando,1500.57,13,490,315.12,2110.62,bank_transfer,same_day,8,
3932,ORD-20250621-03932,154,2025-06-21,cancelado,1617.14,18,150,339.6,1815.65,paypal,standard,,
3933,ORD-20231104-03933,100,2023-11-04,cancelado,1284.59,11,260,269.76,1673.05,bank_transfer,standard,,Nota del cliente: Envolver para regalo
3934,ORD-20230927-03934,366,2023-09-27,cancelado,4721.5,12,270,991.52,5416.44,paypal,same_day,,
3935,ORD-20250909-03935,315,2025-09-09,procesando,3677.51,16,310,772.28,4171.39,paypal,standard,,Nota del cliente: Llamar antes
3936,ORD-20230603-03936,487,2023-06-03,pendiente,2749.22,15,350,577.34,3264.18,cash_on_delivery,standard,,
3937,ORD-20250814-03937,363,2025-08-14,enviado,1160.55,0,470,243.72,1874.27,cash_on_delivery,express,,
3938,ORD-20230327-03938,84,2023-03-27,enviado,1114.2,8,210,233.98,1469.04,bank_transfer,standard,,
3939,ORD-20240902-03939,161,2024-09-02,cancelado,3278.66,0,270,688.52,4237.18,bank_transfer,same_day,1,
3940,ORD-20240625-03940,479,2024-06-25,enviado,5046.19,0,70,1059.7,6175.89,bank_transfer,express,,
3941,ORD-20240903-03941,19,2024-09-03,enviado,180.06,2,330,37.81,544.27,paypal,same_day,,
3942,ORD-20251027-03942,215,2025-10-27,entregado,3587.16,17,360,753.3,4090.64,bank_transfer,pickup,,
3943,ORD-20250313-03943,21,2025-03-13,enviado,1680.18,9,170,352.84,2051.8,bank_transfer,pickup,,
3944,ORD-20251126-03944,303,2025-11-26,procesando,2101.12,14,100,441.24,2348.2,cash_on_delivery,pickup,,
3945,ORD-20250107-03945,488,2025-01-07,pendiente,557,9,320,116.97,943.84,bank_transfer,standard,10,
3946,ORD-20241231-03946,158,2024-12-31,cancelado,1629.56,10,200,342.21,2008.81,bank_transfer,standard,,Nota del cliente: Envolver para regalo
3947,ORD-20240413-03947,229,2024-04-13,enviado,1966.19,13,10,412.9,2133.49,bank_transfer,same_day,,
3948,ORD-20240328-03948,385,2024-03-28,enviado,627.73,11,230,131.82,920.5,credit_card,express,,
3949,ORD-20250805-03949,451,2025-08-05,enviado,4142.3,1,360,869.88,5330.76,bank_transfer,pickup,,
3950,ORD-20250614-03950,27,2025-06-14,enviado,2001,6,360,420.21,2661.15,cash_on_delivery,pickup,,
3951,ORD-20230315-03951,44,2023-03-15,entregado,4455.58,6,390,935.67,5513.92,bank_transfer,pickup,,
3952,ORD-20231229-03952,372,2023-12-29,cancelado,4474.83,8,270,939.71,5326.55,credit_card,express,,
3953,ORD-20250110-03953,420,2025-01-10,enviado,1658.63,4,100,348.31,2040.59,cash_on_delivery,pickup,8,
3954,ORD-20251130-03954,340,2025-11-30,cancelado,2541.23,17,350,533.66,2992.88,cash_on_delivery,express,,
3955,ORD-20230816-03955,105,2023-08-16,enviado,3161.87,7,60,663.99,3664.53,bank_transfer,same_day,,
3956,ORD-20231201-03956,355,2023-12-01,entregado,1907.84,6,220,400.65,2414.02,debit_card,pickup,,
3957,ORD-20231112-03957,408,2023-11-12,pendiente,2677.99,5,30,562.38,3136.47,paypal,standard,1,
3958,ORD-20240104-03958,121,2024-01-04,procesando,689.04,4,320,144.7,1126.18,bank_transfer,standard,,
3959,ORD-20230309-03959,49,2023-03-09,enviado,1244.82,5,10,261.41,1453.99,bank_transfer,same_day,4,
3960,ORD-20251025-03960,374,2025-10-25,enviado,804.68,20,330,168.98,1142.72,paypal,standard,,
3961,ORD-20240226-03961,298,2024-02-26,enviado,650.61,6,400,136.63,1148.2,debit_card,express,,
3962,ORD-20251207-03962,350,2025-12-07,pendiente,2303.91,8,30,483.82,2633.42,debit_card,same_day,,
3963,ORD-20230629-03963,209,2023-06-29,enviado,2410.87,20,480,506.28,2914.98,debit_card,pickup,,
3964,ORD-20241027-03964,107,2024-10-27,cancelado,1483.84,20,250,311.61,1748.68,credit_card,express,,
3965,ORD-20240329-03965,349,2024-03-29,procesando,1175.43,19,0,246.84,1198.94,credit_card,express,,
3966,ORD-20250708-03966,144,2025-07-08,entregado,284.28,20,450,59.7,737.12,paypal,pickup,2,
3967,ORD-20231020-03967,410,2023-10-20,entregado,2292.45,4,20,481.41,2702.16,cash_on_delivery,standard,,
3968,ORD-20250326-03968,115,2025-03-26,cancelado,125.16,19,310,26.28,437.66,debit_card,express,,
3969,ORD-20230428-03969,244,2023-04-28,cancelado,6076.92,17,200,1276.15,6519.99,paypal,express,,
3970,ORD-20250621-03970,241,2025-06-21,procesando,1261.73,3,390,264.96,1878.84,credit_card,pickup,,
3971,ORD-20230422-03971,63,2023-04-22,entregado,59.14,2,40,12.42,110.38,bank_transfer,standard,6,
3972,ORD-20240219-03972,280,2024-02-19,cancelado,101.56,16,430,21.33,536.64,cash_on_delivery,same_day,,
3973,ORD-20230529-03973,231,2023-05-29,enviado,3951.37,11,200,829.79,4546.51,bank_transfer,same_day,,
3974,ORD-20250225-03974,188,2025-02-25,cancelado,148.8,9,140,31.25,306.66,bank_transfer,standard,,
3975,ORD-20230608-03975,361,2023-06-08,procesando,2491.57,13,100,523.23,2790.9,debit_card,same_day,,
3976,ORD-20230101-03976,485,2023-01-01,enviado,1314.8,4,200,276.11,1738.32,credit_card,express,8,
3977,ORD-20250711-03977,230,2025-07-11,pendiente,3475.29,20,230,729.81,3740.04,cash_on_delivery,same_day,,
3978,ORD-20240810-03978,417,2024-08-10,procesando,2128.69,11,30,447.02,2371.55,debit_card,standard,,
3979,ORD-20260218-03979,167,2026-02-18,cancelado,1403.85,0,230,294.81,1928.66,cash_on_delivery,standard,,
3980,ORD-20230607-03980,367,2023-06-07,cancelado,2746.33,0,210,576.73,3533.06,credit_card,same_day,,
3981,ORD-20240821-03981,135,2024-08-21,enviado,2739.2,2,320,575.23,3579.65,paypal,express,10,
3982,ORD-20260210-03982,39,2026-02-10,enviado,1700.75,12,10,357.16,1863.82,credit_card,standard,,
3983,ORD-20230801-03983,286,2023-08-01,procesando,4760.86,4,450,999.78,6020.21,cash_on_delivery,express,,
3984,ORD-20230610-03984,114,2023-06-10,enviado,759.45,16,0,159.48,797.42,credit_card,express,,
3985,ORD-20250517-03985,481,2025-05-17,pendiente,2951.85,16,270,619.89,3369.44,credit_card,standard,,Nota del cliente: Envolver para regalo
3986,ORD-20230917-03986,187,2023-09-17,cancelado,4403.69,16,470,924.77,5093.87,cash_on_delivery,standard,,Nota del cliente: Envolver para regalo
3987,ORD-20250429-03987,448,2025-04-29,cancelado,1519.35,10,380,319.06,2066.48,cash_on_delivery,same_day,2,
3988,ORD-20230623-03988,404,2023-06-23,enviado,476.96,18,340,100.16,831.27,bank_transfer,standard,,
3989,ORD-20231212-03989,250,2023-12-12,procesando,4162.48,18,10,874.12,4297.35,bank_transfer,express,1,
3990,ORD-20230220-03990,214,2023-02-20,pendiente,1112.38,7,200,233.6,1468.11,debit_card,standard,,
3991,ORD-20230820-03991,435,2023-08-20,enviado,3406.67,6,440,715.4,4357.67,bank_transfer,express,,
3992,ORD-20240526-03992,417,2024-05-26,procesando,1886.29,6,40,396.12,2209.23,credit_card,express,,
3993,ORD-20240111-03993,50,2024-01-11,enviado,2910.44,18,380,611.19,3377.75,paypal,same_day,3,Nota del cliente: Dejar en portería
3994,ORD-20240831-03994,221,2024-08-31,enviado,3187.59,17,460,669.39,3775.09,debit_card,same_day,,
3995,ORD-20240316-03995,294,2024-03-16,pendiente,5826.69,16,60,1223.6,6178.02,debit_card,same_day,5,
3996,ORD-20241023-03996,147,2024-10-23,enviado,558.32,13,340,117.25,942.99,credit_card,pickup,,
3997,ORD-20231112-03997,113,2023-11-12,enviado,1871.58,5,430,393.03,2601.03,debit_card,express,,
3998,ORD-20240327-03998,146,2024-03-27,entregado,3533.09,12,390,741.95,4241.07,cash_on_delivery,pickup,,
3999,ORD-20240813-03999,456,2024-08-13,entregado,4501.74,5,320,945.37,5542.02,cash_on_delivery,same_day,,Nota del cliente: Envolver para regalo
4000,ORD-20250705-04000,396,2025-07-05,procesando,4008.57,11,480,841.8,4889.43,paypal,express,,
4001,ORD-20250119-04001,400,2025-01-19,enviado,1523.99,7,110,320.04,1847.35,bank_transfer,pickup,3,
4002,ORD-20231023-04002,384,2023-10-23,entregado,2233.2,19,390,468.97,2667.86,cash_on_delivery,express,,
4003,ORD-20230308-04003,425,2023-03-08,entregado,2505.92,14,280,526.24,2961.33,paypal,express,,
4004,ORD-20230907-04004,304,2023-09-07,entregado,1609.64,10,340,338.02,2126.7,cash_on_delivery,same_day,8,
4005,ORD-20250410-04005,398,2025-04-10,pendiente,4944.09,13,170,1038.26,5509.62,credit_card,pickup,,
4006,ORD-20230809-04006,472,2023-08-09,enviado,1844.04,3,70,387.25,2245.97,cash_on_delivery,standard,3,
4007,ORD-20250422-04007,25,2025-04-22,entregado,1358.28,5,70,285.24,1645.61,bank_transfer,pickup,,
4008,ORD-20240527-04008,323,2024-05-27,enviado,1388.55,5,20,291.6,1630.72,credit_card,standard,,
4009,ORD-20260206-04009,338,2026-02-06,enviado,4093.1,8,50,859.55,4675.2,cash_on_delivery,express,1,
4010,ORD-20230816-04010,468,2023-08-16,pendiente,2199.6,5,30,461.92,2581.54,credit_card,standard,,
4011,ORD-20250821-04011,391,2025-08-21,cancelado,3228.2,0,470,677.92,4376.12,credit_card,same_day,,
4012,ORD-20240912-04012,290,2024-09-12,pendiente,2339.65,15,160,491.33,2640.03,paypal,same_day,,Nota del cliente: Dejar en portería
4013,ORD-20231013-04013,290,2023-10-13,cancelado,971.88,11,190,204.09,1259.06,paypal,standard,,Nota del cliente: Entregar por la tarde
4014,ORD-20251127-04014,181,2025-11-27,procesando,2202.92,12,340,462.61,2741.18,credit_card,pickup,,
4015,ORD-20231201-04015,39,2023-12-01,enviado,1988.76,18,60,417.64,2108.42,debit_card,pickup,,
4016,ORD-20230204-04016,296,2023-02-04,entregado,6162.77,11,380,1294.18,7159.05,cash_on_delivery,express,,
4017,ORD-20251006-04017,328,2025-10-06,procesando,1010.37,18,40,212.18,1080.68,cash_on_delivery,same_day,,
4018,ORD-20260308-04018,400,2026-03-08,enviado,3243.82,10,390,681.2,3990.64,bank_transfer,standard,3,
4019,ORD-20230305-04019,27,2023-03-05,cancelado,145,20,200,30.45,346.45,cash_on_delivery,pickup,,
4020,ORD-20240226-04020,379,2024-02-26,entregado,3302.26,0,70,693.47,4065.73,paypal,express,,
4021,ORD-20231113-04021,120,2023-11-13,cancelado,2388.02,20,100,501.48,2511.9,paypal,standard,,
4022,ORD-20230211-04022,235,2023-02-11,pendiente,590.29,13,230,123.96,867.51,bank_transfer,standard,,
4023,ORD-20230427-04023,167,2023-04-27,procesando,1975.99,16,220,414.96,2294.79,credit_card,same_day,,
4024,ORD-20251028-04024,200,2025-10-28,pendiente,260.99,18,450,54.81,718.82,credit_card,pickup,,
4025,ORD-20250210-04025,31,2025-02-10,procesando,1982.59,12,200,416.34,2361.02,paypal,standard,,
4026,ORD-20241107-04026,180,2024-11-07,entregado,2779.82,5,440,583.76,3664.59,debit_card,same_day,,Nota del cliente: Dejar en portería
4027,ORD-20251229-04027,414,2025-12-29,procesando,2270.52,4,260,476.81,2916.51,paypal,pickup,,Nota del cliente: Dejar en portería
4028,ORD-20250827-04028,220,2025-08-27,enviado,3392.35,15,470,712.39,4065.89,bank_transfer,express,,
4029,ORD-20250718-04029,421,2025-07-18,pendiente,3067.43,19,350,644.16,3478.78,paypal,standard,,
4030,ORD-20240513-04030,332,2024-05-13,pendiente,829.1,1,340,174.11,1334.92,paypal,express,,
4031,ORD-20241025-04031,399,2024-10-25,cancelado,874.33,2,120,183.61,1160.45,paypal,same_day,,Nota del cliente: Envolver para regalo
4032,ORD-20240722-04032,122,2024-07-22,cancelado,2448.61,13,380,514.21,3024.5,paypal,standard,,
4033,ORD-20260131-04033,471,2026-01-31,entregado,3309.97,11,80,695.09,3720.96,cash_on_delivery,standard,,
4034,ORD-20240609-04034,292,2024-06-09,entregado,1659.76,11,230,348.55,2055.74,debit_card,express,,
4035,ORD-20251109-04035,277,2025-11-09,pendiente,723.06,6,130,151.84,961.52,debit_card,same_day,,
4036,ORD-20250131-04036,178,2025-01-31,entregado,5246.62,19,330,1101.79,5681.55,bank_transfer,same_day,,
4037,ORD-20250303-04037,28,2025-03-03,entregado,414.28,7,100,87,572.28,paypal,standard,,Nota del cliente: Llamar antes
4038,ORD-20230619-04038,156,2023-06-19,pendiente,3595.39,13,20,755.03,3903.02,debit_card,same_day,,
4039,ORD-20231113-04039,85,2023-11-13,entregado,522.48,12,120,109.72,689.5,paypal,standard,3,
4040,ORD-20240619-04040,405,2024-06-19,pendiente,280.77,18,230,58.96,519.19,credit_card,express,,
4041,ORD-20240211-04041,159,2024-02-11,entregado,2840.8,2,240,596.57,3620.55,paypal,same_day,,Nota del cliente: Envolver para regalo
4042,ORD-20240313-04042,111,2024-03-13,entregado,741.11,2,30,155.63,911.92,paypal,express,2,
4043,ORD-20250519-04043,423,2025-05-19,cancelado,1589.47,4,460,333.79,2319.68,credit_card,standard,,
4044,ORD-20250723-04044,186,2025-07-23,procesando,1855.58,20,490,389.67,2364.13,cash_on_delivery,same_day,10,
4045,ORD-20250417-04045,335,2025-04-17,entregado,3004.77,15,70,631,3255.05,bank_transfer,pickup,,
4046,ORD-20230406-04046,242,2023-04-06,procesando,1027.85,17,110,215.85,1178.97,debit_card,pickup,,
4047,ORD-20230624-04047,196,2023-06-24,cancelado,4051.14,20,420,850.74,4511.65,paypal,standard,,
4048,ORD-20260128-04048,459,2026-01-28,entregado,2495.09,14,370,523.97,3039.75,bank_transfer,pickup,,Nota del cliente: Entregar por la tarde
4049,ORD-20260225-04049,493,2026-02-25,procesando,594.41,4,30,124.83,725.46,paypal,express,,
4050,ORD-20231208-04050,138,2023-12-08,procesando,3398.94,12,240,713.78,3944.85,paypal,same_day,1,
4051,ORD-20250915-04051,343,2025-09-15,entregado,3495.71,6,130,734.1,4150.07,credit_card,express,,
4052,ORD-20240106-04052,209,2024-01-06,procesando,1570.8,18,290,329.87,1907.93,bank_transfer,standard,9,
4053,ORD-20241007-04053,220,2024-10-07,cancelado,1564.21,0,0,328.48,1892.69,cash_on_delivery,pickup,,Nota del cliente: Envolver para regalo
4054,ORD-20250927-04054,165,2025-09-27,cancelado,3198.24,17,220,671.63,3546.17,paypal,pickup,6,
4055,ORD-20240108-04055,489,2024-01-08,entregado,1434.66,16,190,301.28,1696.39,debit_card,standard,,
4056,ORD-20250531-04056,142,2025-05-31,pendiente,584.72,8,250,122.79,910.73,debit_card,express,,Nota del cliente: Dejar en portería
4057,ORD-20250112-04057,499,2025-01-12,pendiente,2916.15,8,470,612.39,3765.25,bank_transfer,same_day,,
4058,ORD-20250815-04058,70,2025-08-15,cancelado,2651.09,17,360,556.73,3117.13,debit_card,express,6,
4059,ORD-20230825-04059,31,2023-08-25,cancelado,2451.38,1,380,514.79,3321.66,bank_transfer,standard,,
4060,ORD-20231125-04060,270,2023-11-25,enviado,2465.17,5,80,517.69,2939.6,debit_card,standard,,
4061,ORD-20231211-04061,219,2023-12-11,procesando,260.99,19,140,54.81,406.21,paypal,express,,
4062,ORD-20231025-04062,396,2023-10-25,cancelado,2764.7,5,90,580.59,3297.06,credit_card,pickup,,
4063,ORD-20250324-04063,493,2025-03-24,pendiente,2224.24,8,310,467.09,2823.39,credit_card,same_day,9,
4064,ORD-20230510-04064,276,2023-05-10,entregado,1555.88,14,390,326.73,2054.79,credit_card,express,,
4065,ORD-20250928-04065,307,2025-09-28,cancelado,3246.68,7,100,681.8,3801.21,debit_card,same_day,8,
4066,ORD-20230312-04066,223,2023-03-12,entregado,1661.31,19,270,348.88,1964.54,paypal,standard,7,
4067,ORD-20250418-04067,252,2025-04-18,cancelado,709.18,1,430,148.93,1281.02,paypal,pickup,,
4068,ORD-20250531-04068,239,2025-05-31,cancelado,170.9,14,470,35.89,652.86,debit_card,express,,
4069,ORD-20231204-04069,271,2023-12-04,cancelado,2384.8,10,500,500.81,3147.13,debit_card,pickup,,Nota del cliente: Llamar antes
4070,ORD-20240904-04070,230,2024-09-04,cancelado,2737.93,14,320,574.97,3249.59,debit_card,pickup,1,
4071,ORD-20240724-04071,348,2024-07-24,entregado,1475.47,15,50,309.85,1614,paypal,standard,,
4072,ORD-20250908-04072,141,2025-09-08,entregado,5537.49,9,400,1162.87,6601.99,cash_on_delivery,standard,5,Nota del cliente: Envolver para regalo
4073,ORD-20240811-04073,172,2024-08-11,cancelado,4269.63,8,150,896.62,4974.68,cash_on_delivery,same_day,6,
4074,ORD-20250825-04074,398,2025-08-25,enviado,350.84,2,190,73.68,607.5,bank_transfer,standard,9,
4075,ORD-20260302-04075,298,2026-03-02,entregado,584.68,0,170,122.78,877.46,cash_on_delivery,same_day,,
4076,ORD-20250906-04076,41,2025-09-06,pendiente,1396.76,8,360,293.32,1938.34,bank_transfer,standard,,
4077,ORD-20231006-04077,9,2023-10-06,entregado,989.38,16,10,207.77,1048.85,credit_card,standard,,
4078,ORD-20230310-04078,274,2023-03-10,procesando,391.48,9,500,82.21,938.46,cash_on_delivery,pickup,,
4079,ORD-20250106-04079,435,2025-01-06,procesando,1491.59,3,280,313.23,2040.07,bank_transfer,standard,7,
4080,ORD-20231212-04080,182,2023-12-12,procesando,850.66,17,150,178.64,1034.69,credit_card,pickup,,
4081,ORD-20240528-04081,228,2024-05-28,procesando,812.83,2,290,170.69,1257.26,credit_card,pickup,8,
4082,ORD-20250920-04082,326,2025-09-20,cancelado,1030.28,5,230,216.36,1425.13,paypal,standard,,
4083,ORD-20230427-04083,181,2023-04-27,cancelado,2548.79,1,310,535.25,3368.55,bank_transfer,same_day,10,
4084,ORD-20240822-04084,346,2024-08-22,pendiente,653.18,9,500,137.17,1231.56,paypal,same_day,,
4085,ORD-20240924-04085,388,2024-09-24,entregado,1513.7,12,280,317.88,1929.94,bank_transfer,express,,
4086,ORD-20240318-04086,461,2024-03-18,enviado,736.16,17,160,154.59,925.6,debit_card,standard,,
4087,ORD-20251130-04087,339,2025-11-30,enviado,1833.47,17,170,385.03,2076.81,bank_transfer,pickup,,
4088,ORD-20250329-04088,205,2025-03-29,pendiente,286.56,12,320,60.18,632.35,bank_transfer,pickup,7,
4089,ORD-20240426-04089,36,2024-04-26,enviado,551.28,15,380,115.77,964.36,paypal,express,,
4090,ORD-20251219-04090,318,2025-12-19,cancelado,1204.06,12,360,252.85,1672.42,credit_card,standard,,
4091,ORD-20230331-04091,120,2023-03-31,entregado,3988.31,5,0,837.55,4626.44,debit_card,standard,,
4092,ORD-20260209-04092,170,2026-02-09,enviado,2352.79,13,70,494.09,2611.02,credit_card,pickup,,
4093,ORD-20251213-04093,455,2025-12-13,procesando,522.52,2,80,109.73,701.8,cash_on_delivery,pickup,,
4094,ORD-20230310-04094,323,2023-03-10,entregado,1696.79,12,340,356.33,2189.51,credit_card,express,,
4095,ORD-20250831-04095,7,2025-08-31,cancelado,1302.56,14,490,273.54,1883.74,bank_transfer,express,,
4096,ORD-20240407-04096,442,2024-04-07,procesando,3697.15,12,230,776.4,4259.89,cash_on_delivery,same_day,,
4097,ORD-20240507-04097,147,2024-05-07,procesando,1933.71,14,220,406.08,2289.07,cash_on_delivery,pickup,,Nota del cliente: Llamar antes
4098,ORD-20241202-04098,82,2024-12-02,entregado,1073.69,10,10,225.47,1201.79,paypal,same_day,,
4099,ORD-20250422-04099,25,2025-04-22,cancelado,4591.56,17,50,964.23,4825.22,bank_transfer,same_day,,
4100,ORD-20230605-04100,432,2023-06-05,procesando,1874.93,7,220,393.74,2357.42,debit_card,express,,
4101,ORD-20250308-04101,139,2025-03-08,entregado,1191.99,14,210,250.32,1485.43,bank_transfer,pickup,,
4102,ORD-20251110-04102,414,2025-11-10,procesando,1207.02,3,320,253.47,1744.28,cash_on_delivery,standard,,
4103,ORD-20260207-04103,324,2026-02-07,pendiente,3202.15,12,140,672.45,3630.34,paypal,express,9,Nota del cliente: Dejar en portería
4104,ORD-20260111-04104,360,2026-01-11,entregado,1945.79,16,390,408.62,2433.08,debit_card,express,,
4105,ORD-20241128-04105,348,2024-11-28,cancelado,1176.8,18,0,247.13,1212.11,bank_transfer,pickup,,
4106,ORD-20230220-04106,360,2023-02-20,enviado,3575.55,9,80,750.87,4084.62,cash_on_delivery,express,,
4107,ORD-20260112-04107,37,2026-01-12,entregado,399.05,11,420,83.8,858.95,cash_on_delivery,standard,,
4108,ORD-20230804-04108,357,2023-08-04,entregado,2363.2,10,90,496.27,2713.15,paypal,standard,,
4109,ORD-20241230-04109,119,2024-12-30,procesando,2207.58,15,370,463.59,2710.03,bank_transfer,same_day,,
4110,ORD-20230216-04110,336,2023-02-16,enviado,522.84,3,330,109.8,946.95,credit_card,same_day,3,
4111,ORD-20240124-04111,433,2024-01-24,cancelado,5904.81,11,80,1240.01,6575.29,debit_card,same_day,1,
4112,ORD-20250317-04112,193,2025-03-17,cancelado,2514.45,13,210,528.03,2925.6,paypal,same_day,,
4113,ORD-20230315-04113,440,2023-03-15,procesando,1290.72,6,420,271.05,1904.33,debit_card,express,6,
4114,ORD-20241002-04114,296,2024-10-02,entregado,1458.8,20,300,306.35,1773.39,paypal,standard,4,
4115,ORD-20241006-04115,60,2024-10-06,pendiente,931.67,11,410,195.65,1434.84,credit_card,same_day,9,
4116,ORD-20250317-04116,12,2025-03-17,enviado,811.85,16,290,170.49,1142.44,bank_transfer,express,,
4117,ORD-20240322-04117,113,2024-03-22,entregado,2187.84,4,410,459.45,2969.78,bank_transfer,express,,
4118,ORD-20250719-04118,450,2025-07-19,enviado,135.79,7,80,28.52,234.8,credit_card,pickup,,
4119,ORD-20251113-04119,371,2025-11-13,cancelado,2555.76,3,190,536.71,3205.8,cash_on_delivery,same_day,,
4120,ORD-20230905-04120,106,2023-09-05,entregado,2016.3,10,270,423.42,2508.09,credit_card,standard,,Nota del cliente: Envolver para regalo
4121,ORD-20250930-04121,363,2025-09-30,cancelado,1793.33,5,0,376.6,2080.26,bank_transfer,standard,,
4122,ORD-20230321-04122,84,2023-03-21,procesando,2888.95,1,290,606.68,3756.74,debit_card,pickup,3,
4123,ORD-20241115-04123,211,2024-11-15,enviado,3510.84,8,320,737.28,4287.25,paypal,pickup,,
4124,ORD-20260128-04124,44,2026-01-28,entregado,1609.36,20,270,337.97,1895.46,paypal,standard,,
4125,ORD-20251119-04125,254,2025-11-19,enviado,2029.22,3,230,426.14,2624.48,debit_card,standard,,
4126,ORD-20260215-04126,390,2026-02-15,procesando,3918.76,14,180,822.94,4373.07,credit_card,pickup,,
4127,ORD-20230104-04127,30,2023-01-04,pendiente,2980.49,8,400,625.9,3767.95,paypal,pickup,,
4128,ORD-20250424-04128,178,2025-04-24,pendiente,260.31,16,290,54.67,563.33,bank_transfer,pickup,,
4129,ORD-20240831-04129,226,2024-08-31,entregado,1551.22,11,470,325.76,2176.35,paypal,pickup,2,Nota del cliente: Envolver para regalo
4130,ORD-20241007-04130,22,2024-10-07,entregado,2534.01,12,330,532.14,3092.07,credit_card,same_day,1,
4131,ORD-20241231-04131,333,2024-12-31,enviado,1449.9,9,500,304.48,2123.89,bank_transfer,standard,,Nota del cliente: Envolver para regalo
4132,ORD-20240603-04132,313,2024-06-03,procesando,1872.87,8,10,393.3,2126.34,cash_on_delivery,express,,
4133,ORD-20231002-04133,357,2023-10-02,procesando,558.32,3,50,117.25,708.82,credit_card,same_day,,
4134,ORD-20240217-04134,247,2024-02-17,pendiente,1668.46,8,60,350.38,1945.36,paypal,same_day,6,
4135,ORD-20240304-04135,35,2024-03-04,enviado,3200.65,13,490,672.14,3946.71,paypal,express,,
4136,ORD-20240924-04136,133,2024-09-24,cancelado,1066.6,19,250,223.99,1337.94,credit_card,express,,
4137,ORD-20230718-04137,212,2023-07-18,pendiente,3327.58,11,410,698.79,4070.34,credit_card,pickup,,Nota del cliente: Envolver para regalo
4138,ORD-20240404-04138,437,2024-04-04,entregado,561.32,5,40,117.88,691.13,cash_on_delivery,standard,,
4139,ORD-20240521-04139,327,2024-05-21,pendiente,364.58,0,470,76.56,911.14,debit_card,standard,,
4140,ORD-20251015-04140,34,2025-10-15,cancelado,2655.68,11,0,557.69,2921.25,bank_transfer,standard,,
4141,ORD-20240206-04141,266,2024-02-06,enviado,2499.45,9,250,524.88,3049.38,credit_card,pickup,,
4142,ORD-20230320-04142,230,2023-03-20,procesando,2129.19,18,350,447.13,2543.07,debit_card,standard,,
4143,ORD-20240530-04143,316,2024-05-30,pendiente,1501.62,14,330,315.34,1936.73,cash_on_delivery,same_day,,Nota del cliente: Dejar en portería
4144,ORD-20260214-04144,113,2026-02-14,procesando,3029.82,5,370,636.26,3884.59,credit_card,standard,8,
4145,ORD-20251208-04145,446,2025-12-08,entregado,461.01,5,480,96.81,1014.77,cash_on_delivery,pickup,,
4146,ORD-20241121-04146,173,2024-11-21,pendiente,3662.76,11,210,769.18,4239.04,paypal,standard,,
4147,ORD-20230114-04147,23,2023-01-14,pendiente,1225.53,7,370,257.36,1767.1,credit_card,pickup,,
4148,ORD-20230206-04148,78,2023-02-06,cancelado,2467.64,0,360,518.2,3345.84,bank_transfer,pickup,1,
4149,ORD-20251220-04149,352,2025-12-20,enviado,3712.03,4,500,779.53,4843.08,bank_transfer,pickup,,
4150,ORD-20250628-04150,216,2025-06-28,enviado,2254.45,5,480,473.43,3095.16,credit_card,express,,Nota del cliente: Envolver para regalo
4151,ORD-20250302-04151,261,2025-03-02,entregado,2415.85,10,0,507.33,2681.6,cash_on_delivery,pickup,,
4152,ORD-20251125-04152,48,2025-11-25,enviado,1093.08,11,110,229.55,1312.39,paypal,same_day,4,Nota del cliente: Entregar por la tarde
4153,ORD-20230328-04153,366,2023-03-28,procesando,3778.45,10,370,793.47,4564.08,cash_on_delivery,pickup,,
4154,ORD-20230513-04154,366,2023-05-13,enviado,3264.78,7,250,685.6,3971.85,bank_transfer,standard,,
4155,ORD-20231108-04155,39,2023-11-08,entregado,5951.27,19,60,1249.77,6130.3,cash_on_delivery,standard,,
4156,ORD-20240531-04156,260,2024-05-31,procesando,995,14,150,208.95,1214.65,debit_card,pickup,,
4157,ORD-20251008-04157,471,2025-10-08,pendiente,1699.93,10,250,356.99,2136.93,bank_transfer,standard,,Nota del cliente: Dejar en portería
4158,ORD-20240710-04158,43,2024-07-10,enviado,4665.2,8,20,979.69,5291.67,cash_on_delivery,same_day,,Nota del cliente: Dejar en portería
4159,ORD-20250109-04159,249,2025-01-09,cancelado,3185.19,14,170,668.89,3578.15,bank_transfer,pickup,,
4160,ORD-20231016-04160,491,2023-10-16,procesando,2307.79,19,440,484.64,2793.95,paypal,pickup,,
4161,ORD-20260309-04161,206,2026-03-09,enviado,703.35,9,470,147.7,1257.75,credit_card,express,,
4162,ORD-20241020-04162,149,2024-10-20,enviado,897.3,4,20,188.43,1069.84,cash_on_delivery,pickup,,
4163,ORD-20240309-04163,423,2024-03-09,entregado,2730.64,18,450,573.43,3262.55,cash_on_delivery,standard,4,
4164,ORD-20230530-04164,161,2023-05-30,enviado,1584.15,2,410,332.67,2295.14,cash_on_delivery,pickup,1,
4165,ORD-20250919-04165,41,2025-09-19,cancelado,72.5,0,480,15.23,567.73,cash_on_delivery,pickup,,
4166,ORD-20240104-04166,305,2024-01-04,pendiente,1660.61,3,80,348.73,2039.52,bank_transfer,standard,,
4167,ORD-20250509-04167,118,2025-05-09,cancelado,3648.41,17,430,766.17,4224.35,bank_transfer,express,,
4168,ORD-20230404-04168,207,2023-04-04,entregado,1301.27,19,300,273.27,1627.3,credit_card,pickup,,
4169,ORD-20260129-04169,142,2026-01-29,procesando,2790.84,17,330,586.08,3232.48,debit_card,same_day,,
4170,ORD-20250801-04170,12,2025-08-01,pendiente,3346.84,16,380,702.84,3894.19,credit_card,express,,
4171,ORD-20240911-04171,350,2024-09-11,cancelado,5133.96,8,480,1078.13,6281.37,paypal,pickup,,
4172,ORD-20250615-04172,280,2025-06-15,procesando,4726.22,18,40,992.51,4908.01,bank_transfer,pickup,,
4173,ORD-20240301-04173,420,2024-03-01,entregado,1667.86,20,10,350.25,1694.54,credit_card,express,,Nota del cliente: Entregar por la tarde
4174,ORD-20250122-04174,302,2025-01-22,cancelado,2280.23,4,470,478.85,3137.87,cash_on_delivery,pickup,,
4175,ORD-20250516-04175,352,2025-05-16,pendiente,2589.13,14,170,543.72,2940.37,debit_card,same_day,,
4176,ORD-20250512-04176,492,2025-05-12,enviado,284.7,7,140,59.79,464.56,bank_transfer,pickup,,
4177,ORD-20250514-04177,316,2025-05-14,cancelado,215.68,15,130,45.29,358.62,cash_on_delivery,standard,,
4178,ORD-20240519-04178,324,2024-05-19,procesando,2965.71,2,220,622.8,3749.2,cash_on_delivery,express,2,Nota del cliente: Dejar en portería
4179,ORD-20230326-04179,89,2023-03-26,pendiente,2179.3,3,20,457.65,2591.57,paypal,pickup,,
4180,ORD-20230607-04180,479,2023-06-07,cancelado,3716.14,2,460,780.39,4882.21,cash_on_delivery,same_day,,
4181,ORD-20230304-04181,89,2023-03-04,cancelado,4453.69,10,0,935.27,4943.59,bank_transfer,pickup,5,
4182,ORD-20250713-04182,446,2025-07-13,pendiente,984.85,19,230,206.82,1234.55,bank_transfer,same_day,,
4183,ORD-20260203-04183,122,2026-02-03,procesando,1686.58,4,240,354.18,2213.3,cash_on_delivery,pickup,,
4184,ORD-20231214-04184,378,2023-12-14,cancelado,1250.75,0,440,262.66,1953.41,paypal,express,,
4185,ORD-20250521-04185,498,2025-05-21,procesando,1207.23,16,340,253.52,1607.59,credit_card,same_day,,
4186,ORD-20230514-04186,86,2023-05-14,pendiente,976.17,8,360,205,1463.08,credit_card,pickup,,
4187,ORD-20251020-04187,297,2025-10-20,entregado,732.4,16,410,153.8,1179.02,credit_card,pickup,,
4188,ORD-20251019-04188,8,2025-10-19,procesando,1251.93,10,360,262.91,1749.65,paypal,standard,,
4189,ORD-20250629-04189,71,2025-06-29,cancelado,1840.36,11,360,386.48,2384.4,credit_card,pickup,1,
4190,ORD-20230127-04190,71,2023-01-27,cancelado,1855.34,13,310,389.62,2313.77,bank_transfer,pickup,,
4191,ORD-20260308-04191,391,2026-03-08,enviado,765.03,17,50,160.66,845.63,paypal,same_day,,
4192,ORD-20241016-04192,498,2024-10-16,pendiente,3388.24,16,390,711.53,3947.65,bank_transfer,pickup,,Nota del cliente: Envolver para regalo
4193,ORD-20230818-04193,184,2023-08-18,entregado,2468.48,15,150,518.38,2766.59,paypal,standard,,
4194,ORD-20241010-04194,332,2024-10-10,procesando,3813.64,0,340,800.86,4954.5,debit_card,pickup,,
4195,ORD-20230719-04195,54,2023-07-19,entregado,1109.02,13,310,232.89,1507.74,paypal,same_day,4,
4196,ORD-20231216-04196,384,2023-12-16,procesando,1029.75,9,370,216.25,1523.32,credit_card,pickup,,Nota del cliente: Llamar antes
4197,ORD-20240319-04197,182,2024-03-19,cancelado,2058.6,19,190,432.31,2289.78,paypal,express,,
4198,ORD-20240704-04198,377,2024-07-04,pendiente,1868.96,15,290,392.48,2271.1,debit_card,express,,
4199,ORD-20240713-04199,373,2024-07-13,pendiente,3581.99,20,20,752.22,3637.81,paypal,express,,
4200,ORD-20231214-04200,474,2023-12-14,procesando,1669.74,1,430,350.65,2433.69,bank_transfer,same_day,,Nota del cliente: Envolver para regalo
4201,ORD-20241007-04201,34,2024-10-07,entregado,101.7,14,350,21.36,458.82,credit_card,standard,,
4202,ORD-20240129-04202,338,2024-01-29,cancelado,826.92,12,160,173.65,1061.34,credit_card,express,10,
4203,ORD-20251124-04203,103,2025-11-24,cancelado,957.78,8,250,201.13,1332.29,bank_transfer,pickup,,Nota del cliente: Envolver para regalo
4204,ORD-20240107-04204,423,2024-01-07,entregado,2830.18,0,400,594.34,3824.52,credit_card,pickup,,Nota del cliente: Llamar antes
4205,ORD-20240530-04205,358,2024-05-30,pendiente,2924.87,3,490,614.22,3941.34,paypal,same_day,3,
4206,ORD-20240213-04206,494,2024-02-13,entregado,5553.07,20,380,1166.14,5988.6,credit_card,express,,
4207,ORD-20230902-04207,57,2023-09-02,cancelado,4373.94,2,300,918.53,5504.99,debit_card,standard,,
4208,ORD-20260224-04208,157,2026-02-24,cancelado,719.15,17,450,151.02,1197.91,paypal,same_day,,
4209,ORD-20251127-04209,218,2025-11-27,cancelado,2177.12,18,400,457.2,2642.44,cash_on_delivery,same_day,7,
4210,ORD-20250106-04210,457,2025-01-06,pendiente,850.66,6,10,178.64,988.26,cash_on_delivery,express,5,
4211,ORD-20251230-04211,57,2025-12-30,entregado,1588.7,7,20,333.63,1831.12,cash_on_delivery,standard,6,
4212,ORD-20230208-04212,296,2023-02-08,procesando,4723.73,20,410,991.98,5180.96,credit_card,same_day,,
4213,ORD-20240511-04213,189,2024-05-11,enviado,690.02,19,340,144.9,1043.82,debit_card,pickup,,
4214,ORD-20250529-04214,146,2025-05-29,entregado,2424.8,4,250,509.21,3087.02,paypal,standard,,
4215,ORD-20250228-04215,287,2025-02-28,enviado,147.32,4,80,30.94,252.37,cash_on_delivery,standard,,
4216,ORD-20260309-04216,407,2026-03-09,enviado,876.48,12,40,184.06,995.36,cash_on_delivery,standard,,
4217,ORD-20230430-04217,433,2023-04-30,enviado,2928.74,7,100,615.04,3438.77,cash_on_delivery,pickup,10,
4218,ORD-20231128-04218,351,2023-11-28,pendiente,1658.47,12,400,348.28,2207.73,cash_on_delivery,express,,
4219,ORD-20240828-04219,416,2024-08-28,cancelado,1834.74,9,220,385.3,2274.91,bank_transfer,express,9,
4220,ORD-20250409-04220,430,2025-04-09,pendiente,4182.44,18,240,878.31,4547.91,cash_on_delivery,pickup,3,Nota del cliente: Dejar en portería
4221,ORD-20230825-04221,375,2023-08-25,entregado,3380.21,12,410,709.84,4094.42,debit_card,standard,,
4222,ORD-20230830-04222,178,2023-08-30,enviado,4921.75,3,470,1033.57,6277.67,credit_card,express,,
4223,ORD-20241116-04223,289,2024-11-16,entregado,484.16,0,0,101.67,585.83,cash_on_delivery,standard,,
4224,ORD-20241101-04224,260,2024-11-01,pendiente,1151.48,6,110,241.81,1434.2,bank_transfer,standard,,
4225,ORD-20250417-04225,432,2025-04-17,enviado,3069.59,9,320,644.61,3757.94,credit_card,same_day,,
4226,ORD-20251222-04226,259,2025-12-22,cancelado,4541.15,1,350,953.64,5799.38,bank_transfer,pickup,,
4227,ORD-20230825-04227,383,2023-08-25,entregado,429.54,20,330,90.2,763.83,credit_card,standard,,
4228,ORD-20250930-04228,213,2025-09-30,procesando,2637.53,15,400,553.88,3195.78,paypal,pickup,,
4229,ORD-20240806-04229,377,2024-08-06,enviado,3709.44,20,40,778.98,3786.53,cash_on_delivery,pickup,4,
4230,ORD-20241118-04230,237,2024-11-18,cancelado,2094.8,19,190,439.91,2326.7,credit_card,pickup,,
4231,ORD-20241215-04231,345,2024-12-15,procesando,803.78,15,40,168.79,892,paypal,standard,,
4232,ORD-20230807-04232,428,2023-08-07,pendiente,1191.99,2,40,250.32,1458.47,paypal,same_day,,
4233,ORD-20231130-04233,407,2023-11-30,cancelado,968.32,15,480,203.35,1506.42,paypal,standard,,
4234,ORD-20241222-04234,311,2024-12-22,cancelado,1889.3,3,60,396.75,2289.37,credit_card,standard,,
4235,ORD-20240508-04235,73,2024-05-08,cancelado,1961.54,15,160,411.92,2239.23,credit_card,standard,4,
4236,ORD-20240312-04236,395,2024-03-12,pendiente,5633.33,17,130,1183,5988.66,bank_transfer,standard,,Nota del cliente: Envolver para regalo
4237,ORD-20241107-04237,427,2024-11-07,enviado,3222.26,6,0,676.67,3705.59,credit_card,pickup,7,
4238,ORD-20260216-04238,459,2026-02-16,entregado,1030.91,4,290,216.49,1496.16,cash_on_delivery,pickup,,
4239,ORD-20250516-04239,485,2025-05-16,enviado,69.06,10,150,14.5,226.65,credit_card,express,8,
4240,ORD-20230913-04240,251,2023-09-13,enviado,996.24,11,440,209.21,1535.86,bank_transfer,same_day,8,
4241,ORD-20240106-04241,381,2024-01-06,enviado,2165.31,8,340,454.72,2786.81,bank_transfer,pickup,6,
4242,ORD-20250909-04242,385,2025-09-09,procesando,360.12,16,260,75.63,638.13,debit_card,same_day,,
4243,ORD-20230422-04243,200,2023-04-22,enviado,2172.44,10,90,456.21,2501.41,credit_card,express,,
4244,ORD-20250923-04244,139,2025-09-23,entregado,2032.14,2,190,426.75,2608.25,bank_transfer,express,,
4245,ORD-20250928-04245,90,2025-09-28,pendiente,107.85,15,210,22.65,324.32,cash_on_delivery,standard,2,Nota del cliente: Envolver para regalo
4246,ORD-20240404-04246,402,2024-04-04,cancelado,3165.42,2,380,664.74,4146.85,bank_transfer,pickup,,
4247,ORD-20230205-04247,301,2023-02-05,procesando,1782.85,19,20,374.4,1838.51,bank_transfer,pickup,,
4248,ORD-20230920-04248,283,2023-09-20,procesando,4875.02,14,320,1023.75,5536.27,cash_on_delivery,standard,,
4249,ORD-20250319-04249,67,2025-03-19,enviado,2638.47,18,400,554.08,3117.63,credit_card,same_day,10,
4250,ORD-20240628-04250,312,2024-06-28,enviado,1697.87,19,420,356.55,2151.82,debit_card,standard,,
4251,ORD-20250817-04251,146,2025-08-17,cancelado,3402.91,8,370,714.61,4215.29,bank_transfer,pickup,7,
4252,ORD-20230727-04252,500,2023-07-27,enviado,5354.39,16,210,1124.42,5832.11,bank_transfer,same_day,,
4253,ORD-20260225-04253,400,2026-02-25,procesando,4773.97,7,210,1002.53,5652.32,debit_card,standard,,
4254,ORD-20250803-04254,388,2025-08-03,procesando,3961.61,16,310,831.94,4469.69,debit_card,same_day,8,
4255,ORD-20250325-04255,66,2025-03-25,entregado,2135.06,14,140,448.36,2424.51,paypal,express,1,Nota del cliente: Envolver para regalo
4256,ORD-20241227-04256,249,2024-12-27,pendiente,2106.76,5,290,442.42,2733.84,cash_on_delivery,express,,
4257,ORD-20240117-04257,42,2024-01-17,cancelado,1651.87,14,210,346.89,1977.5,bank_transfer,standard,4,
4258,ORD-20260215-04258,48,2026-02-15,pendiente,143.14,0,470,30.06,643.2,credit_card,standard,5,
4259,ORD-20230417-04259,261,2023-04-17,enviado,91.98,14,340,19.32,438.42,paypal,express,,Nota del cliente: Entregar por la tarde
4260,ORD-20241010-04260,308,2024-10-10,entregado,782.97,14,300,164.42,1137.77,cash_on_delivery,express,,Nota del cliente: Entregar por la tarde
4261,ORD-20251201-04261,119,2025-12-01,entregado,4660.13,8,110,978.63,5375.95,paypal,pickup,,
4262,ORD-20230708-04262,448,2023-07-08,enviado,189.18,12,320,39.73,526.21,credit_card,same_day,,Nota del cliente: Entregar por la tarde
4263,ORD-20230305-04263,485,2023-03-05,cancelado,366.41,4,320,76.95,748.7,cash_on_delivery,pickup,6,
4264,ORD-20240206-04264,59,2024-02-06,enviado,1089.2,9,210,228.73,1429.9,paypal,express,,
4265,ORD-20241015-04265,270,2024-10-15,procesando,745.38,15,350,156.53,1140.1,paypal,same_day,,Nota del cliente: Dejar en portería
4266,ORD-20250531-04266,5,2025-05-31,enviado,588.15,0,100,123.51,811.66,cash_on_delivery,standard,,
4267,ORD-20231105-04267,98,2023-11-05,pendiente,2017.73,5,440,423.72,2780.56,paypal,express,,
4268,ORD-20240217-04268,354,2024-02-17,procesando,785.24,20,280,164.9,1073.09,bank_transfer,express,,
4269,ORD-20231016-04269,55,2023-10-16,entregado,931.46,10,330,195.61,1363.92,credit_card,express,,
4270,ORD-20240623-04270,60,2024-06-23,pendiente,568.56,15,30,119.4,632.68,credit_card,standard,,
4271,ORD-20241107-04271,462,2024-11-07,procesando,5619.95,13,10,1180.19,6079.55,paypal,express,,
4272,ORD-20250427-04272,31,2025-04-27,procesando,125.16,4,350,26.28,496.43,debit_card,pickup,,Nota del cliente: Envolver para regalo
4273,ORD-20230608-04273,470,2023-06-08,pendiente,729.85,14,360,153.27,1140.94,debit_card,standard,,
4274,ORD-20230626-04274,213,2023-06-26,enviado,476.96,0,290,100.16,867.12,credit_card,standard,,
4275,ORD-20250929-04275,320,2025-09-29,procesando,2983.87,11,350,626.61,3632.25,bank_transfer,pickup,,Nota del cliente: Dejar en portería
4276,ORD-20250412-04276,206,2025-04-12,cancelado,246.36,2,390,51.74,683.17,cash_on_delivery,same_day,,
4277,ORD-20250204-04277,13,2025-02-04,pendiente,2770.51,0,100,581.81,3452.32,cash_on_delivery,pickup,,
4278,ORD-20241126-04278,248,2024-11-26,enviado,1379.2,8,310,289.63,1868.49,bank_transfer,same_day,,Nota del cliente: Envolver para regalo
4279,ORD-20260108-04279,260,2026-01-08,entregado,145,6,500,30.45,666.75,paypal,express,,Nota del cliente: Llamar antes
4280,ORD-20240305-04280,256,2024-03-05,entregado,3775.79,12,230,792.92,4345.62,cash_on_delivery,pickup,,
4281,ORD-20231013-04281,182,2023-10-13,entregado,1506.58,19,110,316.38,1646.71,credit_card,standard,,
4282,ORD-20240417-04282,8,2024-04-17,pendiente,3896.48,3,320,818.26,4917.85,debit_card,same_day,6,
4283,ORD-20250525-04283,469,2025-05-25,cancelado,1482.91,7,60,311.41,1750.52,debit_card,same_day,5,
4284,ORD-20240516-04284,77,2024-05-16,enviado,2005.05,7,120,421.06,2405.76,cash_on_delivery,express,10,
4285,ORD-20250719-04285,183,2025-07-19,enviado,1963.25,16,250,412.28,2311.41,credit_card,pickup,,
4286,ORD-20230128-04286,407,2023-01-28,procesando,2430.68,9,120,510.44,2842.36,paypal,pickup,3,
4287,ORD-20240309-04287,167,2024-03-09,procesando,143.14,4,190,30.06,357.47,credit_card,standard,3,Nota del cliente: Envolver para regalo
4288,ORD-20240913-04288,140,2024-09-13,cancelado,1968.33,15,260,413.35,2346.43,debit_card,same_day,,
4289,ORD-20230508-04289,44,2023-05-08,cancelado,400.27,2,0,84.06,476.32,debit_card,same_day,7,
4290,ORD-20230427-04290,191,2023-04-27,cancelado,2170.25,12,130,455.75,2495.57,debit_card,same_day,,
4291,ORD-20250812-04291,63,2025-08-12,procesando,2012.4,2,270,422.6,2664.75,credit_card,same_day,,
4292,ORD-20250728-04292,356,2025-07-28,pendiente,2889.77,4,100,606.85,3481.03,debit_card,pickup,,
4293,ORD-20250102-04293,47,2025-01-02,procesando,2228.64,6,350,468.01,2912.93,bank_transfer,same_day,,
4294,ORD-20240124-04294,116,2024-01-24,enviado,1872.37,6,130,393.2,2283.23,bank_transfer,standard,8,
4295,ORD-20230709-04295,219,2023-07-09,entregado,1016.24,6,60,213.41,1228.68,cash_on_delivery,standard,6,
4296,ORD-20250330-04296,39,2025-03-30,enviado,1164.1,3,240,244.46,1613.64,cash_on_delivery,same_day,,Nota del cliente: Dejar en portería
4297,ORD-20240204-04297,318,2024-02-04,entregado,3574.46,4,160,750.64,4342.12,bank_transfer,pickup,,
4298,ORD-20230226-04298,111,2023-02-26,enviado,1626.58,15,470,341.58,2194.17,paypal,pickup,3,
4299,ORD-20250326-04299,294,2025-03-26,pendiente,1130.4,0,460,237.38,1827.78,paypal,same_day,,
4300,ORD-20250401-04300,177,2025-04-01,enviado,2971.3,19,290,623.97,3320.72,paypal,express,8,
4301,ORD-20251007-04301,311,2025-10-07,pendiente,487.67,13,480,102.41,1006.68,debit_card,pickup,,Nota del cliente: Dejar en portería
4302,ORD-20250921-04302,402,2025-09-21,entregado,2305.05,13,340,484.06,2829.45,credit_card,standard,,
4303,ORD-20250331-04303,271,2025-03-31,entregado,411.9,14,300,86.5,740.73,cash_on_delivery,standard,,Nota del cliente: Entregar por la tarde
4304,ORD-20250326-04304,177,2025-03-26,entregado,3045.49,7,200,639.55,3671.86,bank_transfer,pickup,,Nota del cliente: Llamar antes
4305,ORD-20241019-04305,104,2024-10-19,procesando,3540.62,7,150,743.53,4186.31,credit_card,pickup,8,
4306,ORD-20250428-04306,369,2025-04-28,procesando,1384.91,13,30,290.83,1525.7,cash_on_delivery,express,,
4307,ORD-20230824-04307,271,2023-08-24,cancelado,1525.28,7,210,320.31,1948.82,bank_transfer,pickup,,
4308,ORD-20250311-04308,419,2025-03-11,entregado,2448.65,14,160,514.22,2780.06,credit_card,standard,,
4309,ORD-20231210-04309,133,2023-12-10,cancelado,5244.55,16,180,1101.36,5686.78,paypal,same_day,,Nota del cliente: Dejar en portería
4310,ORD-20240112-04310,62,2024-01-12,pendiente,3473.37,16,140,729.41,3787.04,bank_transfer,pickup,,
4311,ORD-20250423-04311,277,2025-04-23,entregado,1915.83,13,470,402.32,2539.09,bank_transfer,same_day,,Nota del cliente: Llamar antes
4312,ORD-20250212-04312,197,2025-02-12,enviado,3293.8,19,330,691.7,3689.68,debit_card,express,,
4313,ORD-20230523-04313,292,2023-05-23,pendiente,1324.06,0,420,278.05,2022.11,paypal,same_day,,
4314,ORD-20250125-04314,306,2025-01-25,entregado,1944.85,9,480,408.42,2658.23,credit_card,express,,Nota del cliente: Entregar por la tarde
4315,ORD-20241023-04315,346,2024-10-23,pendiente,4782.96,9,440,1004.42,5796.91,credit_card,same_day,9,
4316,ORD-20240722-04316,303,2024-07-22,procesando,23.74,16,380,4.99,404.93,credit_card,express,,
4317,ORD-20250301-04317,397,2025-03-01,cancelado,2817.01,3,140,591.57,3464.07,bank_transfer,same_day,,Nota del cliente: Dejar en portería
4318,ORD-20240903-04318,467,2024-09-03,enviado,1841.36,16,270,386.69,2203.43,debit_card,standard,,
4319,ORD-20230804-04319,153,2023-08-04,cancelado,1515.37,13,220,318.23,1856.6,debit_card,same_day,,Nota del cliente: Llamar antes
4320,ORD-20231223-04320,140,2023-12-23,procesando,3604.54,13,350,756.95,4242.9,credit_card,pickup,,
4321,ORD-20230416-04321,20,2023-04-16,pendiente,4116.25,14,290,864.41,4694.39,bank_transfer,pickup,,Nota del cliente: Entregar por la tarde
4322,ORD-20240715-04322,447,2024-07-15,pendiente,2772.37,16,230,582.2,3140.99,credit_card,express,3,Nota del cliente: Llamar antes
4323,ORD-20251216-04323,44,2025-12-16,pendiente,5438.48,18,80,1142.08,5681.63,cash_on_delivery,same_day,,
4324,ORD-20231001-04324,150,2023-10-01,procesando,2857.32,0,200,600.04,3657.36,credit_card,standard,,
4325,ORD-20251118-04325,70,2025-11-18,cancelado,3195.86,2,480,671.13,4283.07,paypal,standard,,
4326,ORD-20240411-04326,497,2024-04-11,enviado,2061.52,9,200,432.92,2508.9,cash_on_delivery,pickup,10,
4327,ORD-20250817-04327,249,2025-08-17,entregado,638.38,8,240,134.06,961.37,credit_card,pickup,,
4328,ORD-20230307-04328,33,2023-03-07,entregado,653.52,9,360,137.24,1091.94,credit_card,standard,,Nota del cliente: Envolver para regalo
4329,ORD-20260123-04329,189,2026-01-23,procesando,271.58,6,0,57.03,312.32,bank_transfer,standard,,
4330,ORD-20240730-04330,423,2024-07-30,cancelado,1029.7,5,250,216.24,1444.46,debit_card,pickup,,
4331,ORD-20230606-04331,408,2023-06-06,cancelado,2673.21,7,390,561.37,3437.46,cash_on_delivery,express,,
4332,ORD-20230105-04332,265,2023-01-05,procesando,3115.73,6,250,654.3,3833.09,debit_card,standard,,
4333,ORD-20230728-04333,91,2023-07-28,entregado,2564.6,14,230,538.57,2974.13,cash_on_delivery,same_day,10,Nota del cliente: Dejar en portería
4334,ORD-20250430-04334,157,2025-04-30,enviado,1472.01,12,320,309.12,1924.49,cash_on_delivery,same_day,,
4335,ORD-20230515-04335,116,2023-05-15,cancelado,3647.67,3,250,766.01,4554.25,debit_card,pickup,3,
4336,ORD-20231106-04336,113,2023-11-06,cancelado,3695.67,0,40,776.09,4511.76,cash_on_delivery,express,,
4337,ORD-20240924-04337,101,2024-09-24,pendiente,899.26,11,10,188.84,999.18,credit_card,standard,,Nota del cliente: Llamar antes
4338,ORD-20251111-04338,28,2025-11-11,entregado,1761.25,15,100,369.86,1966.92,credit_card,express,,
4339,ORD-20240305-04339,42,2024-03-05,entregado,2182.88,15,350,458.4,2663.85,credit_card,pickup,,
4340,ORD-20230625-04340,213,2023-06-25,procesando,1363,5,150,286.23,1731.08,debit_card,standard,,
4341,ORD-20250211-04341,235,2025-02-11,enviado,5003.78,5,280,1050.79,6084.38,bank_transfer,same_day,,
4342,ORD-20251226-04342,281,2025-12-26,procesando,3744.85,15,220,786.42,4189.54,credit_card,pickup,1,
4343,ORD-20240611-04343,21,2024-06-11,entregado,2526.1,17,90,530.48,2717.14,cash_on_delivery,express,,
4344,ORD-20240920-04344,481,2024-09-20,procesando,484.34,5,240,101.71,801.83,debit_card,express,1,
4345,ORD-20231019-04345,421,2023-10-19,cancelado,4203.2,18,30,882.67,4359.29,paypal,pickup,10,
4346,ORD-20250124-04346,478,2025-01-24,pendiente,4940.71,16,180,1037.55,5367.75,paypal,same_day,,
4347,ORD-20230402-04347,292,2023-04-02,enviado,2158.42,1,320,453.27,2910.11,debit_card,pickup,,
4348,ORD-20260224-04348,159,2026-02-24,entregado,1592.3,13,400,334.38,2119.68,credit_card,pickup,,
4349,ORD-20230109-04349,401,2023-01-09,procesando,2223.81,6,350,467,2907.38,credit_card,pickup,8,
4350,ORD-20241004-04350,119,2024-10-04,enviado,208.6,3,460,43.81,706.15,cash_on_delivery,same_day,,
4351,ORD-20251223-04351,233,2025-12-23,procesando,1377.28,16,10,289.23,1456.15,credit_card,pickup,5,Nota del cliente: Entregar por la tarde
4352,ORD-20250214-04352,56,2025-02-14,enviado,2632.36,3,240,552.8,3346.19,bank_transfer,standard,,
4353,ORD-20231109-04353,320,2023-11-09,procesando,2255.32,3,160,473.62,2821.28,bank_transfer,same_day,,
4354,ORD-20240426-04354,356,2024-04-26,entregado,69.06,8,380,14.5,458.04,debit_card,same_day,,Nota del cliente: Dejar en portería
4355,ORD-20230923-04355,32,2023-09-23,enviado,2732.4,3,500,573.8,3724.23,paypal,standard,6,
4356,ORD-20250815-04356,235,2025-08-15,enviado,1763.42,4,220,370.32,2283.2,bank_transfer,express,,
4357,ORD-20240718-04357,253,2024-07-18,entregado,703.35,15,370,147.7,1115.55,bank_transfer,same_day,,
4358,ORD-20251121-04358,300,2025-11-21,enviado,933.4,7,370,196.01,1434.07,debit_card,standard,5,
4359,ORD-20250731-04359,36,2025-07-31,pendiente,1607.21,4,0,337.51,1880.43,bank_transfer,same_day,5,
4360,ORD-20250204-04360,221,2025-02-04,cancelado,1752.11,5,460,367.94,2492.44,paypal,express,,
4361,ORD-20230511-04361,49,2023-05-11,pendiente,1950.68,20,330,409.64,2300.18,credit_card,express,,
4362,ORD-20240616-04362,415,2024-06-16,enviado,360.12,3,450,75.63,874.95,debit_card,pickup,,
4363,ORD-20260214-04363,58,2026-02-14,enviado,2346.82,12,320,492.83,2878.03,cash_on_delivery,same_day,,
4364,ORD-20230304-04364,48,2023-03-04,pendiente,4802.18,4,270,1008.46,5888.55,debit_card,pickup,5,
4365,ORD-20230805-04365,206,2023-08-05,pendiente,1732.31,14,370,363.79,2223.58,paypal,pickup,8,
4366,ORD-20230419-04366,414,2023-04-19,cancelado,2372.82,5,250,498.29,3002.47,cash_on_delivery,pickup,1,
4367,ORD-20231112-04367,249,2023-11-12,pendiente,4765.18,1,190,1000.69,5908.22,cash_on_delivery,standard,1,Nota del cliente: Llamar antes
4368,ORD-20230704-04368,122,2023-07-04,enviado,1875.14,14,320,393.78,2326.4,bank_transfer,express,,
4369,ORD-20230906-04369,306,2023-09-06,procesando,2024.24,0,230,425.09,2679.33,paypal,pickup,,
4370,ORD-20250402-04370,386,2025-04-02,pendiente,546.33,0,370,114.73,1031.06,bank_transfer,pickup,,
4371,ORD-20240601-04371,310,2024-06-01,enviado,3561.8,2,110,747.98,4348.54,cash_on_delivery,pickup,,
4372,ORD-20240822-04372,116,2024-08-22,cancelado,3796.1,12,220,797.18,4357.75,credit_card,pickup,,
4373,ORD-20240923-04373,227,2024-09-23,cancelado,4254.99,2,150,893.55,5213.44,paypal,express,,Nota del cliente: Llamar antes
4374,ORD-20240930-04374,161,2024-09-30,procesando,922.02,5,0,193.62,1069.54,bank_transfer,express,,Nota del cliente: Entregar por la tarde
4375,ORD-20231107-04375,161,2023-11-07,enviado,2537.98,0,430,532.98,3500.96,cash_on_delivery,standard,,
4376,ORD-20230304-04376,86,2023-03-04,enviado,2606.11,9,200,547.28,3118.84,cash_on_delivery,express,,
4377,ORD-20250204-04377,205,2025-02-04,procesando,4212.16,4,90,884.55,5018.22,debit_card,same_day,4,
4378,ORD-20230416-04378,176,2023-04-16,pendiente,684.59,19,220,143.76,918.28,debit_card,pickup,8,
4379,ORD-20250704-04379,393,2025-07-04,cancelado,2777.6,11,70,583.3,3125.36,bank_transfer,standard,,
4380,ORD-20240908-04380,221,2024-09-08,pendiente,325.29,5,140,68.31,517.34,debit_card,same_day,,
4381,ORD-20250717-04381,142,2025-07-17,entregado,1626.45,3,60,341.55,1979.21,bank_transfer,same_day,,
4382,ORD-20230809-04382,42,2023-08-09,procesando,1973.82,0,280,414.5,2668.32,debit_card,standard,,
4383,ORD-20250606-04383,433,2025-06-06,cancelado,2082.24,19,190,437.27,2313.88,cash_on_delivery,pickup,,
4384,ORD-20240218-04384,228,2024-02-18,pendiente,3544.66,1,320,744.38,4573.59,bank_transfer,standard,,
4385,ORD-20250827-04385,249,2025-08-27,pendiente,1436.45,12,390,301.65,1955.73,bank_transfer,pickup,7,
4386,ORD-20231127-04386,288,2023-11-27,enviado,1703.17,13,200,357.67,2039.43,debit_card,express,,
4387,ORD-20260124-04387,82,2026-01-24,enviado,4389.62,1,270,921.82,5537.54,paypal,pickup,10,
4388,ORD-20240331-04388,44,2024-03-31,pendiente,1426.95,13,190,299.66,1731.11,paypal,express,,
4389,ORD-20260311-04389,273,2026-03-11,pendiente,4469.38,9,260,938.57,5265.71,debit_card,same_day,7,
4390,ORD-20230701-04390,348,2023-07-01,enviado,4207.45,4,130,883.56,5052.71,paypal,standard,,
4391,ORD-20260213-04391,301,2026-02-13,cancelado,558.32,7,440,117.25,1076.49,bank_transfer,standard,,
4392,ORD-20240701-04392,425,2024-07-01,entregado,2315.86,10,460,486.33,3030.6,debit_card,pickup,,
4393,ORD-20250921-04393,357,2025-09-21,entregado,5331.72,4,490,1119.66,6728.11,credit_card,standard,,
4394,ORD-20250929-04394,185,2025-09-29,enviado,86.38,19,270,18.14,358.11,cash_on_delivery,express,2,
4395,ORD-20250923-04395,143,2025-09-23,procesando,1526.44,7,470,320.55,2210.14,bank_transfer,standard,,
4396,ORD-20230402-04396,249,2023-04-02,cancelado,2544.97,17,60,534.44,2706.77,cash_on_delivery,pickup,,
4397,ORD-20230224-04397,281,2023-02-24,pendiente,6105.04,12,250,1282.06,6904.5,cash_on_delivery,standard,3,Nota del cliente: Dejar en portería
4398,ORD-20230120-04398,107,2023-01-20,pendiente,3021.63,9,110,634.54,3494.22,bank_transfer,pickup,,
4399,ORD-20240928-04399,185,2024-09-28,entregado,1214.44,3,490,255.03,1923.04,credit_card,express,7,
4400,ORD-20250224-04400,499,2025-02-24,entregado,2419.3,15,30,508.05,2594.46,credit_card,standard,3,
4401,ORD-20240522-04401,312,2024-05-22,enviado,2829.18,15,50,594.13,3048.93,debit_card,same_day,,
4402,ORD-20251124-04402,65,2025-11-24,procesando,799.37,2,210,167.87,1161.25,cash_on_delivery,same_day,,
4403,ORD-20240214-04403,341,2024-02-14,entregado,1343.81,9,100,282.2,1605.07,cash_on_delivery,standard,,
4404,ORD-20240210-04404,70,2024-02-10,enviado,1141.37,9,150,239.69,1428.34,debit_card,express,4,
4405,ORD-20250128-04405,3,2025-01-28,procesando,2078.68,2,430,436.52,2903.63,bank_transfer,pickup,,
4406,ORD-20231228-04406,194,2023-12-28,entregado,3629.37,1,480,762.17,4835.25,paypal,pickup,,
4407,ORD-20240206-04407,218,2024-02-06,enviado,3010.45,18,100,632.19,3200.76,credit_card,express,,
4408,ORD-20231027-04408,142,2023-10-27,procesando,2097.62,13,220,440.5,2485.43,bank_transfer,standard,,Nota del cliente: Dejar en portería
4409,ORD-20240706-04409,392,2024-07-06,enviado,133.05,4,440,27.94,595.67,debit_card,pickup,,
4410,ORD-20240218-04410,53,2024-02-18,pendiente,1723.38,17,340,361.91,2132.32,bank_transfer,same_day,3,Nota del cliente: Dejar en portería
4411,ORD-20230203-04411,420,2023-02-03,enviado,400.76,10,370,84.16,814.84,paypal,pickup,,
4412,ORD-20250809-04412,97,2025-08-09,procesando,3231.72,20,390,678.66,3654.04,credit_card,standard,,
4413,ORD-20260131-04413,471,2026-01-31,cancelado,1771.68,5,270,372.05,2325.15,debit_card,express,,
4414,ORD-20250214-04414,407,2025-02-14,procesando,1519.4,9,340,319.07,2041.72,cash_on_delivery,pickup,,
4415,ORD-20241122-04415,366,2024-11-22,procesando,1820.44,7,60,382.29,2135.3,debit_card,pickup,,
4416,ORD-20240811-04416,238,2024-08-11,enviado,3009.61,16,450,632.02,3610.09,debit_card,standard,,
4417,ORD-20250715-04417,262,2025-07-15,entregado,4213.12,7,410,884.76,5212.96,paypal,express,8,
4418,ORD-20241102-04418,319,2024-11-02,enviado,232.8,13,330,48.89,581.43,debit_card,pickup,,Nota del cliente: Dejar en portería
4419,ORD-20230513-04419,79,2023-05-13,enviado,1735.04,11,310,364.36,2218.55,paypal,pickup,6,Nota del cliente: Envolver para regalo
4420,ORD-20230225-04420,368,2023-02-25,enviado,512.95,0,480,107.72,1100.67,cash_on_delivery,standard,7,
4421,ORD-20250601-04421,442,2025-06-01,enviado,203.12,19,270,42.66,477.19,cash_on_delivery,pickup,,Nota del cliente: Llamar antes
4422,ORD-20230505-04422,416,2023-05-05,cancelado,5256.73,4,160,1103.91,6310.37,bank_transfer,standard,,
4423,ORD-20250111-04423,44,2025-01-11,pendiente,2783.87,1,270,584.61,3610.64,credit_card,standard,,
4424,ORD-20230812-04424,285,2023-08-12,cancelado,927.58,0,10,194.79,1132.37,paypal,same_day,,
4425,ORD-20241213-04425,379,2024-12-13,procesando,2400.84,17,180,504.18,2676.88,credit_card,pickup,4,
4426,ORD-20250119-04426,363,2025-01-19,enviado,117.56,6,420,24.69,555.2,debit_card,same_day,6,
4427,ORD-20250915-04427,10,2025-09-15,entregado,2091.34,11,410,439.18,2710.47,bank_transfer,standard,,
4428,ORD-20230524-04428,274,2023-05-24,cancelado,2619.17,20,50,550.03,2695.37,credit_card,same_day,,
4429,ORD-20241216-04429,360,2024-12-16,cancelado,3045.02,10,460,639.45,3839.97,cash_on_delivery,express,,
4430,ORD-20260304-04430,371,2026-03-04,cancelado,4760.51,15,150,999.71,5196.14,paypal,express,,
4431,ORD-20230322-04431,397,2023-03-22,enviado,432.87,9,120,90.9,604.81,paypal,express,,Nota del cliente: Llamar antes
4432,ORD-20241205-04432,411,2024-12-05,cancelado,550.72,18,480,115.65,1047.24,bank_transfer,pickup,,
4433,ORD-20230116-04433,432,2023-01-16,pendiente,2878.96,10,270,604.58,3465.64,credit_card,express,,
4434,ORD-20240209-04434,156,2024-02-09,cancelado,1053.47,20,80,221.23,1144.01,credit_card,same_day,,
4435,ORD-20240930-04435,249,2024-09-30,enviado,432.87,8,280,90.9,769.14,debit_card,standard,7,
4436,ORD-20251028-04436,294,2025-10-28,entregado,3297.09,17,260,692.39,3688.97,debit_card,pickup,,
4437,ORD-20240906-04437,256,2024-09-06,procesando,294.89,10,370,61.93,697.33,credit_card,express,,
4438,ORD-20240815-04438,446,2024-08-15,procesando,3270.38,2,80,686.78,3971.75,bank_transfer,same_day,,
4439,ORD-20240901-04439,152,2024-09-01,enviado,4853.87,15,340,1019.31,5485.1,paypal,standard,,
4440,ORD-20251025-04440,427,2025-10-25,procesando,2033.5,16,60,427.04,2195.18,bank_transfer,express,,
4441,ORD-20240224-04441,465,2024-02-24,enviado,4866.69,0,360,1022,6248.69,credit_card,same_day,6,
4442,ORD-20240122-04442,137,2024-01-22,pendiente,456.24,13,0,95.81,492.74,debit_card,standard,4,
4443,ORD-20250110-04443,142,2025-01-10,pendiente,721.45,12,90,151.5,876.38,paypal,same_day,,Nota del cliente: Llamar antes
4444,ORD-20250821-04444,27,2025-08-21,procesando,607.8,8,60,127.64,746.82,paypal,same_day,,
4445,ORD-20240704-04445,122,2024-07-04,pendiente,6409.4,13,310,1345.97,7232.15,bank_transfer,standard,8,
4446,ORD-20251213-04446,420,2025-12-13,procesando,2342.79,9,50,491.99,2673.93,paypal,same_day,,Nota del cliente: Entregar por la tarde
4447,ORD-20250525-04447,109,2025-05-25,entregado,1308.07,19,160,274.69,1494.23,cash_on_delivery,express,10,
4448,ORD-20250213-04448,113,2025-02-13,cancelado,3038.9,12,170,638.17,3482.4,bank_transfer,same_day,,
4449,ORD-20240903-04449,399,2024-09-03,entregado,721.34,7,230,151.48,1052.33,bank_transfer,pickup,,
4450,ORD-20230627-04450,103,2023-06-27,enviado,3255.87,7,270,683.73,3981.69,debit_card,pickup,,
4451,ORD-20251009-04451,21,2025-10-09,entregado,437.24,1,400,91.82,924.69,paypal,pickup,,
4452,ORD-20230125-04452,436,2023-01-25,pendiente,2789,11,20,585.69,3087.9,credit_card,pickup,,
4453,ORD-20250617-04453,228,2025-06-17,cancelado,3242.92,6,280,681.01,4009.35,credit_card,standard,,
4454,ORD-20250630-04454,110,2025-06-30,enviado,3386.81,20,250,711.23,3670.68,debit_card,express,,
4455,ORD-20230412-04455,381,2023-04-12,entregado,5191.56,12,240,1090.23,5898.8,debit_card,standard,,
4456,ORD-20230307-04456,216,2023-03-07,procesando,696.49,20,200,146.26,903.45,debit_card,same_day,,
4457,ORD-20240502-04457,403,2024-05-02,enviado,4773.45,11,280,1002.42,5530.79,paypal,same_day,2,
4458,ORD-20250331-04458,171,2025-03-31,enviado,519.69,15,480,109.13,1030.87,paypal,same_day,8,
4459,ORD-20240326-04459,65,2024-03-26,pendiente,2880.89,6,170,604.99,3483.03,credit_card,same_day,,
4460,ORD-20230318-04460,479,2023-03-18,cancelado,153.3,12,50,32.19,217.09,paypal,same_day,,
4461,ORD-20231018-04461,467,2023-10-18,cancelado,2152.74,10,420,452.08,2809.55,debit_card,same_day,7,
4462,ORD-20250105-04462,64,2025-01-05,pendiente,1450.7,7,170,304.65,1823.8,cash_on_delivery,express,4,
4463,ORD-20240818-04463,355,2024-08-18,enviado,71.57,7,260,15.03,341.59,cash_on_delivery,standard,,
4464,ORD-20241114-04464,135,2024-11-14,procesando,838.06,2,400,175.99,1397.29,bank_transfer,same_day,,
4465,ORD-20250420-04465,27,2025-04-20,pendiente,2468.54,8,350,518.39,3139.45,bank_transfer,same_day,,Nota del cliente: Llamar antes
4466,ORD-20241019-04466,154,2024-10-19,cancelado,3953.21,9,380,830.17,4807.59,paypal,standard,,
4467,ORD-20251124-04467,298,2025-11-24,cancelado,234.45,4,190,49.23,464.3,bank_transfer,express,,Nota del cliente: Llamar antes
4468,ORD-20250912-04468,414,2025-09-12,cancelado,1642.97,2,370,345.02,2325.13,bank_transfer,express,,
4469,ORD-20250212-04469,299,2025-02-12,cancelado,3187.45,2,320,669.36,4113.06,bank_transfer,express,,
4470,ORD-20241126-04470,484,2024-11-26,procesando,1512.99,19,210,317.73,1753.25,bank_transfer,same_day,2,Nota del cliente: Dejar en portería
4471,ORD-20231107-04471,489,2023-11-07,procesando,2456.53,10,260,515.87,2986.75,cash_on_delivery,standard,,Nota del cliente: Dejar en portería
4472,ORD-20240729-04472,105,2024-07-29,procesando,4983.27,8,460,1046.49,6091.1,credit_card,same_day,7,
4473,ORD-20260208-04473,419,2026-02-08,enviado,2876.94,17,340,604.16,3332.02,cash_on_delivery,pickup,,
4474,ORD-20260217-04474,344,2026-02-17,enviado,975.34,5,140,204.82,1271.39,debit_card,pickup,6,
4475,ORD-20240818-04475,144,2024-08-18,enviado,1489.18,15,120,312.73,1698.53,bank_transfer,express,3,
4476,ORD-20240812-04476,128,2024-08-12,pendiente,236.77,15,310,49.72,560.97,cash_on_delivery,pickup,,
4477,ORD-20260210-04477,55,2026-02-10,procesando,2405.38,2,40,505.13,2902.4,debit_card,pickup,,
4478,ORD-20240624-04478,47,2024-06-24,enviado,2473.64,13,60,519.46,2731.53,paypal,same_day,,Nota del cliente: Llamar antes
4479,ORD-20240915-04479,212,2024-09-15,cancelado,732.69,4,270,153.86,1127.24,debit_card,pickup,1,
4480,ORD-20251018-04480,483,2025-10-18,cancelado,1520.92,7,280,319.39,2013.85,bank_transfer,standard,,
4481,ORD-20240706-04481,481,2024-07-06,pendiente,1872.49,12,420,393.22,2461.01,cash_on_delivery,same_day,,
4482,ORD-20231206-04482,280,2023-12-06,entregado,2643.79,12,290,555.2,3171.74,paypal,same_day,,
4483,ORD-20240210-04483,401,2024-02-10,entregado,3109.9,4,20,653.08,3658.58,paypal,standard,7,
4484,ORD-20250404-04484,199,2025-04-04,enviado,1253.8,10,250,263.3,1641.72,debit_card,express,7,Nota del cliente: Dejar en portería
4485,ORD-20240104-04485,309,2024-01-04,enviado,4374.65,15,380,918.68,5017.13,credit_card,same_day,,
4486,ORD-20250503-04486,61,2025-05-03,pendiente,2983.52,12,340,626.54,3592.04,debit_card,same_day,,
4487,ORD-20250219-04487,497,2025-02-19,entregado,3974.5,2,180,834.65,4909.66,bank_transfer,standard,,
4488,ORD-20250323-04488,90,2025-03-23,enviado,1743.16,7,290,366.06,2277.2,credit_card,same_day,,
4489,ORD-20240801-04489,135,2024-08-01,entregado,2641.22,15,270,554.66,3069.7,credit_card,pickup,,
4490,ORD-20241101-04490,396,2024-11-01,procesando,3643.78,20,100,765.19,3780.21,bank_transfer,standard,2,
4491,ORD-20240912-04491,317,2024-09-12,enviado,1893.88,4,380,397.71,2595.83,credit_card,same_day,,
4492,ORD-20240129-04492,459,2024-01-29,procesando,911.82,2,0,191.48,1085.06,credit_card,pickup,,
4493,ORD-20240128-04493,113,2024-01-28,procesando,3689.59,5,440,774.81,4719.92,debit_card,pickup,,
4494,ORD-20230108-04494,174,2023-01-08,cancelado,2257.48,3,470,474.07,3133.83,cash_on_delivery,standard,7,
4495,ORD-20250825-04495,437,2025-08-25,procesando,1575.86,15,0,330.93,1670.41,cash_on_delivery,same_day,,
4496,ORD-20230414-04496,255,2023-04-14,cancelado,528.92,12,50,111.07,626.52,cash_on_delivery,pickup,,
4497,ORD-20230510-04497,420,2023-05-10,cancelado,3672.8,6,290,771.29,4513.72,cash_on_delivery,standard,,
4498,ORD-20250403-04498,245,2025-04-03,cancelado,5216.66,15,470,1095.5,5999.66,credit_card,pickup,5,
4499,ORD-20240625-04499,140,2024-06-25,pendiente,846.39,1,490,177.74,1505.67,paypal,pickup,4,
4500,ORD-20231228-04500,208,2023-12-28,entregado,1284.06,3,230,269.65,1745.19,bank_transfer,same_day,9,
4501,ORD-20240206-04501,248,2024-02-06,entregado,1937.35,11,80,406.84,2211.08,bank_transfer,standard,,Nota del cliente: Envolver para regalo
4502,ORD-20241119-04502,310,2024-11-19,entregado,3918.36,14,300,822.86,4492.65,paypal,standard,3,
4503,ORD-20230316-04503,436,2023-03-16,enviado,1448.76,4,40,304.24,1735.05,bank_transfer,pickup,9,
4504,ORD-20230713-04504,193,2023-07-13,entregado,789.04,6,380,165.7,1287.4,bank_transfer,express,,
4505,ORD-20260303-04505,67,2026-03-03,enviado,845.33,4,270,177.52,1259.04,bank_transfer,express,,
4506,ORD-20240823-04506,206,2024-08-23,entregado,2695.65,17,200,566.09,3003.48,cash_on_delivery,express,,
4507,ORD-20230710-04507,22,2023-07-10,cancelado,4185.6,11,360,878.98,4964.16,paypal,pickup,,
4508,ORD-20250209-04508,321,2025-02-09,entregado,2250.5,1,200,472.61,2900.61,paypal,standard,,
4509,ORD-20230707-04509,58,2023-07-07,entregado,472.64,8,210,99.25,744.08,paypal,same_day,,Nota del cliente: Llamar antes
4510,ORD-20231108-04510,376,2023-11-08,enviado,4461.59,19,60,936.93,4610.82,paypal,standard,1,
4511,ORD-20251214-04511,366,2025-12-14,entregado,1374.97,14,150,288.74,1621.21,credit_card,pickup,,
4512,ORD-20250904-04512,319,2025-09-04,pendiente,1013,20,50,212.73,1073.13,debit_card,express,,
4513,ORD-20231219-04513,165,2023-12-19,pendiente,392.62,2,30,82.45,497.22,bank_transfer,standard,,
4514,ORD-20231112-04514,402,2023-11-12,pendiente,4938.81,11,20,1037.15,5452.69,credit_card,standard,,
4515,ORD-20250628-04515,309,2025-06-28,pendiente,4220.18,11,10,886.24,4652.2,paypal,express,,
4516,ORD-20231106-04516,304,2023-11-06,pendiente,2681.95,4,430,563.21,3567.88,cash_on_delivery,same_day,,
4517,ORD-20240213-04517,167,2024-02-13,cancelado,2833.51,5,280,595.04,3566.87,paypal,pickup,,
4518,ORD-20240702-04518,74,2024-07-02,entregado,652.84,17,260,137.1,938.96,cash_on_delivery,standard,,
4519,ORD-20240906-04519,317,2024-09-06,cancelado,665.25,12,290,139.7,1015.12,cash_on_delivery,standard,,
4520,ORD-20241114-04520,7,2024-11-14,enviado,864.21,9,270,181.48,1237.91,cash_on_delivery,same_day,,
4521,ORD-20240729-04521,455,2024-07-29,pendiente,966.32,16,480,202.93,1494.64,cash_on_delivery,standard,8,
4522,ORD-20251110-04522,143,2025-11-10,pendiente,2439.23,19,10,512.24,2498.02,debit_card,standard,,
4523,ORD-20241020-04523,142,2024-10-20,pendiente,897.3,20,220,188.43,1126.27,cash_on_delivery,standard,,
4524,ORD-20240831-04524,46,2024-08-31,pendiente,653.67,15,160,137.27,852.89,cash_on_delivery,express,,
4525,ORD-20251203-04525,347,2025-12-03,entregado,2934.18,18,110,616.18,3132.21,debit_card,standard,,
4526,ORD-20230530-04526,431,2023-05-30,procesando,4437.78,7,430,931.93,5489.07,cash_on_delivery,same_day,,
4527,ORD-20250709-04527,123,2025-07-09,enviado,1614.52,18,360,339.05,2022.96,cash_on_delivery,same_day,,
4528,ORD-20230328-04528,145,2023-03-28,entregado,429.57,10,90,90.21,566.82,paypal,pickup,,
4529,ORD-20241031-04529,358,2024-10-31,enviado,5503.14,8,480,1155.66,6698.55,cash_on_delivery,express,,
4530,ORD-20240208-04530,407,2024-02-08,enviado,1135.26,4,130,238.4,1458.25,cash_on_delivery,standard,7,
4531,ORD-20250808-04531,26,2025-08-08,enviado,1855.7,18,400,389.7,2311.37,bank_transfer,standard,,
4532,ORD-20250603-04532,208,2025-06-03,cancelado,4071,5,350,854.91,5072.36,bank_transfer,same_day,,
4533,ORD-20240601-04533,64,2024-06-01,enviado,1512.52,4,220,317.63,1989.65,credit_card,pickup,,
4534,ORD-20240831-04534,500,2024-08-31,enviado,3381.57,11,200,710.13,3919.73,credit_card,standard,3,Nota del cliente: Llamar antes
4535,ORD-20241106-04535,164,2024-11-06,cancelado,483.17,10,80,101.47,616.32,paypal,standard,,
4536,ORD-20250106-04536,415,2025-01-06,procesando,3400.51,13,360,714.11,4032.55,bank_transfer,same_day,1,
4537,ORD-20251026-04537,40,2025-10-26,enviado,2017,16,220,423.57,2337.85,paypal,express,,
4538,ORD-20240512-04538,190,2024-05-12,enviado,1986.19,18,340,417.1,2385.78,credit_card,pickup,,
4539,ORD-20231003-04539,132,2023-10-03,pendiente,2604.84,20,230,547.02,2860.89,credit_card,same_day,,
4540,ORD-20251218-04540,489,2025-12-18,pendiente,2075.55,1,200,435.87,2690.66,bank_transfer,express,,
4541,ORD-20240208-04541,167,2024-02-08,pendiente,487.2,14,150,102.31,671.3,debit_card,same_day,,
4542,ORD-20231007-04542,118,2023-10-07,enviado,4414.98,1,490,927.15,5787.98,bank_transfer,pickup,,
4543,ORD-20260220-04543,106,2026-02-20,cancelado,2629.04,16,390,552.1,3150.49,credit_card,pickup,,
4544,ORD-20231215-04544,402,2023-12-15,enviado,4911.54,12,70,1031.42,5423.58,paypal,express,,
4545,ORD-20250327-04545,414,2025-03-27,procesando,235.36,6,230,49.43,500.67,bank_transfer,standard,10,
4546,ORD-20230405-04546,351,2023-04-05,procesando,1942.18,11,500,407.86,2636.4,debit_card,express,,
4547,ORD-20251211-04547,229,2025-12-11,entregado,608.32,4,260,127.75,971.74,paypal,pickup,,
4548,ORD-20250808-04548,419,2025-08-08,procesando,918.72,5,150,192.93,1215.71,paypal,express,,
4549,ORD-20230807-04549,111,2023-08-07,enviado,2020.35,6,170,424.27,2493.4,cash_on_delivery,same_day,,
4550,ORD-20250629-04550,148,2025-06-29,enviado,1601.3,18,360,336.27,2009.34,cash_on_delivery,express,,
4551,ORD-20241019-04551,148,2024-10-19,procesando,2624.99,9,110,551.25,3049.99,cash_on_delivery,express,,
4552,ORD-20240910-04552,108,2024-09-10,cancelado,706.08,8,180,148.28,977.87,credit_card,express,,
4553,ORD-20240104-04553,364,2024-01-04,entregado,1958.22,17,250,411.23,2286.55,cash_on_delivery,pickup,,
4554,ORD-20230508-04554,323,2023-05-08,cancelado,1275.99,9,340,267.96,1769.11,cash_on_delivery,pickup,5,
4555,ORD-20250417-04555,90,2025-04-17,pendiente,1555.88,19,410,326.73,1996.99,cash_on_delivery,pickup,1,
4556,ORD-20240524-04556,322,2024-05-24,cancelado,4033.88,13,390,847.11,4746.59,debit_card,standard,2,
4557,ORD-20260308-04557,323,2026-03-08,entregado,3089.44,5,90,648.78,3673.75,bank_transfer,express,,
4558,ORD-20250715-04558,372,2025-07-15,cancelado,684.77,2,350,143.8,1164.87,paypal,express,,
4559,ORD-20231011-04559,290,2023-10-11,cancelado,1022.55,14,170,214.74,1264.13,bank_transfer,express,9,
4560,ORD-20250912-04560,17,2025-09-12,cancelado,986.19,11,500,207.1,1584.81,paypal,same_day,,
4561,ORD-20250426-04561,104,2025-04-26,enviado,3327.16,12,0,698.7,3626.6,credit_card,standard,,
4562,ORD-20241208-04562,93,2024-12-08,entregado,3134.44,19,390,658.23,3587.13,cash_on_delivery,same_day,,
4563,ORD-20240214-04563,426,2024-02-14,pendiente,483.17,7,90,101.47,640.82,bank_transfer,pickup,,
4564,ORD-20240720-04564,447,2024-07-20,pendiente,1192.9,12,20,250.51,1320.26,cash_on_delivery,standard,,
4565,ORD-20230904-04565,154,2023-09-04,pendiente,118.28,9,40,24.84,172.47,paypal,pickup,,
4566,ORD-20240219-04566,28,2024-02-19,procesando,402.34,1,80,84.49,562.81,cash_on_delivery,same_day,,Nota del cliente: Envolver para regalo
4567,ORD-20241228-04567,249,2024-12-28,pendiente,1789.8,7,90,375.86,2130.37,cash_on_delivery,same_day,,
4568,ORD-20240815-04568,344,2024-08-15,enviado,2353.56,0,380,494.25,3227.81,cash_on_delivery,pickup,,Nota del cliente: Envolver para regalo
4569,ORD-20250125-04569,466,2025-01-25,enviado,893.28,12,150,187.59,1123.68,bank_transfer,express,10,
4570,ORD-20230513-04570,308,2023-05-13,cancelado,2739.73,8,470,575.34,3565.89,debit_card,express,4,
4571,ORD-20240202-04571,149,2024-02-02,procesando,3446.23,12,190,723.71,3946.39,debit_card,same_day,,Nota del cliente: Dejar en portería
4572,ORD-20231225-04572,200,2023-12-25,procesando,2313.88,11,420,485.91,2965.26,cash_on_delivery,pickup,,
4573,ORD-20230209-04573,353,2023-02-09,enviado,965.4,15,220,202.73,1243.32,cash_on_delivery,express,,
4574,ORD-20250717-04574,459,2025-07-17,enviado,1449.51,2,330,304.4,2054.92,bank_transfer,express,,
4575,ORD-20241101-04575,131,2024-11-01,procesando,743.5,11,500,156.14,1317.86,debit_card,standard,,
4576,ORD-20231016-04576,218,2023-10-16,enviado,3707.38,14,380,778.55,4346.9,debit_card,same_day,,
4577,ORD-20230730-04577,354,2023-07-30,entregado,994.91,10,220,208.93,1324.35,debit_card,pickup,,
4578,ORD-20240526-04578,423,2024-05-26,entregado,4999.29,12,390,1049.85,5839.23,bank_transfer,express,5,Nota del cliente: Entregar por la tarde
4579,ORD-20230404-04579,134,2023-04-04,procesando,1549.84,1,140,325.47,1999.81,debit_card,standard,,
4580,ORD-20240401-04580,487,2024-04-01,enviado,3407.23,15,230,715.52,3841.67,credit_card,pickup,,
4581,ORD-20230602-04581,436,2023-06-02,enviado,4407.53,0,270,925.58,5603.11,cash_on_delivery,pickup,,
4582,ORD-20240430-04582,333,2024-04-30,procesando,1569.58,2,300,329.61,2167.8,paypal,standard,4,Nota del cliente: Entregar por la tarde
4583,ORD-20240704-04583,290,2024-07-04,cancelado,2786.86,16,230,585.24,3156.2,cash_on_delivery,express,,
4584,ORD-20231221-04584,244,2023-12-21,entregado,5037.99,13,130,1057.98,5571.03,cash_on_delivery,express,,
4585,ORD-20230601-04585,462,2023-06-01,pendiente,1635.36,11,440,343.43,2238.9,credit_card,pickup,,
4586,ORD-20260303-04586,203,2026-03-03,procesando,976.94,19,180,205.16,1176.48,paypal,pickup,,Nota del cliente: Llamar antes
4587,ORD-20251008-04587,422,2025-10-08,procesando,918.72,9,360,192.93,1388.97,cash_on_delivery,same_day,,
4588,ORD-20240127-04588,276,2024-01-27,entregado,1134.06,6,250,238.15,1554.17,cash_on_delivery,express,,
4589,ORD-20250507-04589,399,2025-05-07,cancelado,1781.64,19,80,374.14,1897.27,credit_card,standard,,
4590,ORD-20230610-04590,71,2023-06-10,procesando,1560.84,11,250,327.78,1966.93,cash_on_delivery,same_day,,
4591,ORD-20240522-04591,472,2024-05-22,entregado,325.4,9,370,68.33,734.44,paypal,express,,
4592,ORD-20241011-04592,91,2024-10-11,pendiente,130.71,16,450,27.45,587.25,bank_transfer,express,,
4593,ORD-20250115-04593,118,2025-01-15,enviado,1336.92,0,170,280.75,1787.67,bank_transfer,express,,
4594,ORD-20260120-04594,446,2026-01-20,enviado,5032.26,14,40,1056.77,5424.51,credit_card,standard,,
4595,ORD-20250306-04595,169,2025-03-06,pendiente,1988.24,8,310,417.53,2556.71,paypal,pickup,10,
4596,ORD-20250327-04596,72,2025-03-27,enviado,4454.45,18,300,935.43,4888.08,paypal,pickup,,
4597,ORD-20240205-04597,281,2024-02-05,pendiente,2414.86,1,190,507.12,3087.83,paypal,same_day,2,
4598,ORD-20241004-04598,222,2024-10-04,cancelado,6302.29,1,150,1323.48,7712.75,paypal,standard,,
4599,ORD-20250115-04599,112,2025-01-15,enviado,266.65,5,130,56,439.32,paypal,same_day,,Nota del cliente: Envolver para regalo
4600,ORD-20240803-04600,287,2024-08-03,entregado,3893.12,10,250,817.56,4571.37,credit_card,express,,
4601,ORD-20251203-04601,147,2025-12-03,pendiente,1718.74,3,430,360.94,2458.12,credit_card,standard,,
4602,ORD-20231119-04602,275,2023-11-19,procesando,3890.12,5,180,816.93,4692.54,bank_transfer,same_day,,
4603,ORD-20250807-04603,117,2025-08-07,enviado,2330.09,11,150,489.32,2713.1,cash_on_delivery,standard,,
4604,ORD-20240821-04604,235,2024-08-21,cancelado,3013.65,10,0,632.87,3345.16,debit_card,same_day,,
4605,ORD-20230909-04605,393,2023-09-09,entregado,2338.42,5,290,491.07,3002.57,paypal,same_day,,
4606,ORD-20260108-04606,124,2026-01-08,cancelado,3159.28,18,10,663.45,3264.06,credit_card,same_day,,
4607,ORD-20240725-04607,114,2024-07-25,enviado,3985.13,14,210,836.88,4474.09,paypal,same_day,,
4608,ORD-20230608-04608,39,2023-06-08,enviado,4218.39,2,10,885.86,5029.88,credit_card,standard,,
4609,ORD-20250425-04609,476,2025-04-25,procesando,1230.31,19,50,258.37,1304.92,bank_transfer,express,,
4610,ORD-20250627-04610,40,2025-06-27,enviado,3094.41,1,300,649.83,4013.3,credit_card,pickup,,
4611,ORD-20250505-04611,211,2025-05-05,cancelado,2392.17,12,500,502.36,3107.47,debit_card,express,8,Nota del cliente: Dejar en portería
4612,ORD-20240206-04612,257,2024-02-06,cancelado,3661.61,5,190,768.94,4437.47,paypal,express,,
4613,ORD-20240407-04613,325,2024-04-07,enviado,280.77,1,130,58.96,466.92,debit_card,same_day,,
4614,ORD-20250506-04614,431,2025-05-06,enviado,1246.7,3,150,261.81,1621.11,credit_card,same_day,,Nota del cliente: Entregar por la tarde
4615,ORD-20241112-04615,238,2024-11-12,entregado,823.8,14,470,173,1351.47,bank_transfer,express,,
4616,ORD-20230531-04616,309,2023-05-31,pendiente,3517.01,10,390,738.57,4293.88,bank_transfer,same_day,,
4617,ORD-20250224-04617,262,2025-02-24,pendiente,3457.46,8,180,726.07,4086.93,paypal,express,,
4618,ORD-20230804-04618,210,2023-08-04,enviado,2574.76,0,250,540.7,3365.46,cash_on_delivery,same_day,,Nota del cliente: Dejar en portería
4619,ORD-20231027-04619,431,2023-10-27,entregado,3549,13,50,745.29,3882.92,credit_card,standard,,Nota del cliente: Llamar antes
4620,ORD-20241103-04620,410,2024-11-03,procesando,2598.29,2,40,545.64,3131.96,credit_card,same_day,,
4621,ORD-20230221-04621,344,2023-02-21,procesando,2537.25,2,80,532.82,3099.33,bank_transfer,same_day,,
4622,ORD-20230417-04622,362,2023-04-17,pendiente,3863.89,5,40,811.42,4522.12,bank_transfer,pickup,4,
4623,ORD-20250905-04623,185,2025-09-05,pendiente,987.55,12,110,207.39,1186.43,debit_card,same_day,,
4624,ORD-20241031-04624,360,2024-10-31,cancelado,2443.44,14,20,513.12,2634.48,credit_card,same_day,5,
4625,ORD-20240208-04625,381,2024-02-08,entregado,6896,18,350,1448.16,7452.88,credit_card,express,,Nota del cliente: Envolver para regalo
4626,ORD-20251227-04626,463,2025-12-27,enviado,1435.84,13,210,301.53,1760.71,debit_card,standard,10,
4627,ORD-20240819-04627,232,2024-08-19,entregado,2731.81,7,290,573.68,3404.26,paypal,express,,Nota del cliente: Llamar antes
4628,ORD-20231031-04628,370,2023-10-31,entregado,1360.5,15,390,285.71,1832.14,debit_card,same_day,,
4629,ORD-20241027-04629,477,2024-10-27,cancelado,1665.27,0,0,349.71,2014.98,bank_transfer,standard,,
4630,ORD-20251023-04630,329,2025-10-23,pendiente,282.76,17,130,59.38,424.07,paypal,standard,3,
4631,ORD-20251205-04631,53,2025-12-05,enviado,5239.94,15,480,1100.39,6034.34,paypal,express,1,
4632,ORD-20260303-04632,145,2026-03-03,entregado,568.31,0,330,119.35,1017.66,credit_card,same_day,,
4633,ORD-20250623-04633,9,2025-06-23,entregado,1572.9,2,130,330.31,2001.75,cash_on_delivery,same_day,,
4634,ORD-20250826-04634,500,2025-08-26,enviado,4450.14,3,10,934.53,5261.17,debit_card,express,,Nota del cliente: Llamar antes
4635,ORD-20230914-04635,31,2023-09-14,cancelado,844.57,9,270,177.36,1215.92,cash_on_delivery,express,3,Nota del cliente: Envolver para regalo
4636,ORD-20230208-04636,478,2023-02-08,procesando,3175.24,8,310,666.8,3898.02,debit_card,same_day,,
4637,ORD-20240612-04637,114,2024-06-12,cancelado,1499.67,2,480,314.93,2264.61,credit_card,same_day,8,
4638,ORD-20230207-04638,411,2023-02-07,enviado,1657.93,18,390,348.17,2097.67,cash_on_delivery,express,,
4639,ORD-20230311-04639,206,2023-03-11,cancelado,1013,6,300,212.73,1464.95,credit_card,same_day,,
4640,ORD-20231011-04640,172,2023-10-11,cancelado,768.52,12,50,161.39,887.69,debit_card,standard,,
4641,ORD-20250928-04641,164,2025-09-28,entregado,1651.32,15,400,346.78,2150.4,bank_transfer,standard,7,
4642,ORD-20251212-04642,149,2025-12-12,pendiente,63.06,9,0,13.24,70.62,paypal,standard,,
4643,ORD-20230622-04643,171,2023-06-22,cancelado,2299.09,13,70,482.81,2553.02,cash_on_delivery,same_day,,
4644,ORD-20250502-04644,398,2025-05-02,cancelado,3842.69,17,480,806.96,4476.39,cash_on_delivery,same_day,,
4645,ORD-20250719-04645,165,2025-07-19,cancelado,3505.51,2,250,736.16,4421.56,bank_transfer,pickup,,
4646,ORD-20230911-04646,55,2023-09-11,procesando,1957.2,3,440,411.01,2749.49,cash_on_delivery,express,,
4647,ORD-20240911-04647,165,2024-09-11,entregado,2655.98,20,470,557.76,3152.54,cash_on_delivery,express,3,
4648,ORD-20230528-04648,128,2023-05-28,pendiente,4393.66,5,320,922.67,5416.65,cash_on_delivery,same_day,,
4649,ORD-20241031-04649,286,2024-10-31,procesando,4638.72,12,350,974.13,5406.2,credit_card,pickup,,Nota del cliente: Dejar en portería
4650,ORD-20251028-04650,476,2025-10-28,enviado,3784.51,17,470,794.75,4405.89,credit_card,standard,,
4651,ORD-20260210-04651,414,2026-02-10,cancelado,3087.7,5,470,648.42,4051.74,debit_card,same_day,10,
4652,ORD-20251230-04652,118,2025-12-30,enviado,282.72,4,460,59.37,790.78,debit_card,express,,Nota del cliente: Entregar por la tarde
4653,ORD-20231024-04653,16,2023-10-24,cancelado,3724.36,20,320,782.12,4081.61,credit_card,standard,,Nota del cliente: Dejar en portería
4654,ORD-20240823-04654,460,2024-08-23,procesando,103.59,6,490,21.75,609.12,bank_transfer,pickup,,
4655,ORD-20230923-04655,499,2023-09-23,cancelado,2414.51,8,140,507.05,2868.4,credit_card,express,,
4656,ORD-20240328-04656,312,2024-03-28,pendiente,5087.01,15,40,1068.27,5432.23,bank_transfer,same_day,,
4657,ORD-20251119-04657,71,2025-11-19,cancelado,1265.47,1,210,265.75,1728.57,credit_card,standard,,Nota del cliente: Llamar antes
4658,ORD-20240309-04658,279,2024-03-09,pendiente,1907.84,12,500,400.65,2579.55,debit_card,standard,,
4659,ORD-20251031-04659,497,2025-10-31,pendiente,2163.36,12,270,454.31,2628.07,bank_transfer,express,,
4660,ORD-20250830-04660,424,2025-08-30,cancelado,1206.69,18,50,253.4,1292.89,debit_card,pickup,5,
4661,ORD-20250320-04661,210,2025-03-20,pendiente,1350.76,17,160,283.66,1564.79,bank_transfer,express,,
4662,ORD-20250119-04662,203,2025-01-19,enviado,468.9,0,120,98.47,687.37,bank_transfer,same_day,,
4663,ORD-20231001-04663,156,2023-10-01,enviado,2409.56,4,270,506.01,3089.19,debit_card,same_day,,
4664,ORD-20251104-04664,115,2025-11-04,entregado,3070.24,3,190,644.75,3812.88,bank_transfer,same_day,,Nota del cliente: Llamar antes
4665,ORD-20230324-04665,240,2023-03-24,procesando,824.38,0,220,173.12,1217.5,bank_transfer,express,8,
4666,ORD-20230813-04666,311,2023-08-13,cancelado,1325.34,8,310,278.32,1807.63,paypal,same_day,,
4667,ORD-20241011-04667,270,2024-10-11,cancelado,4457.7,15,250,936.12,4975.17,credit_card,pickup,,
4668,ORD-20241229-04668,245,2024-12-29,enviado,2643.81,14,170,555.2,2998.88,paypal,standard,,
4669,ORD-20260101-04669,428,2026-01-01,enviado,2498.76,11,340,524.74,3088.64,paypal,same_day,,
4670,ORD-20250223-04670,58,2025-02-23,pendiente,3209.16,10,270,673.92,3832.16,bank_transfer,same_day,,
4671,ORD-20230826-04671,442,2023-08-26,procesando,1177.73,0,80,247.32,1505.05,cash_on_delivery,pickup,,
4672,ORD-20250916-04672,391,2025-09-16,pendiente,4799.12,10,80,1007.82,5407.03,bank_transfer,same_day,2,
4673,ORD-20251223-04673,341,2025-12-23,procesando,480.38,1,190,100.88,766.46,cash_on_delivery,same_day,,
4674,ORD-20260125-04674,28,2026-01-25,cancelado,4554.81,20,20,956.51,4620.36,credit_card,same_day,,
4675,ORD-20250921-04675,152,2025-09-21,entregado,2443.46,0,300,513.13,3256.59,bank_transfer,standard,,
4676,ORD-20230405-04676,43,2023-04-05,pendiente,2066.45,9,470,433.95,2784.42,debit_card,standard,,Nota del cliente: Entregar por la tarde
4677,ORD-20230828-04677,17,2023-08-28,pendiente,1854.45,12,400,389.43,2421.35,debit_card,same_day,,
4678,ORD-20260118-04678,112,2026-01-18,enviado,661.39,16,260,138.89,954.46,paypal,pickup,,
4679,ORD-20250623-04679,23,2025-06-23,pendiente,3155.24,16,150,662.6,3463,debit_card,standard,8,
4680,ORD-20240315-04680,229,2024-03-15,enviado,3144.05,11,90,660.25,3548.45,cash_on_delivery,pickup,,
4681,ORD-20241221-04681,292,2024-12-21,procesando,1487,15,190,312.27,1766.22,paypal,express,,
4682,ORD-20231019-04682,425,2023-10-19,pendiente,3497.24,5,240,734.42,4296.8,paypal,express,10,
4683,ORD-20250806-04683,27,2025-08-06,entregado,3128.64,8,480,657.01,4015.36,bank_transfer,pickup,,
4684,ORD-20251120-04684,310,2025-11-20,enviado,1417.92,6,20,297.76,1650.6,paypal,standard,,
4685,ORD-20230315-04685,455,2023-03-15,cancelado,533.3,10,20,111.99,611.96,credit_card,pickup,,Nota del cliente: Entregar por la tarde
4686,ORD-20230611-04686,290,2023-06-11,entregado,1091.67,5,60,229.25,1326.34,cash_on_delivery,same_day,,
4687,ORD-20241001-04687,237,2024-10-01,enviado,4234.64,2,120,889.27,5159.22,credit_card,standard,9,
4688,ORD-20240328-04688,347,2024-03-28,pendiente,3550.87,0,450,745.68,4746.55,credit_card,express,,
4689,ORD-20230308-04689,135,2023-03-08,cancelado,3264.63,18,30,685.57,3392.57,cash_on_delivery,pickup,,
4690,ORD-20260118-04690,117,2026-01-18,pendiente,3459.23,12,40,726.44,3810.56,debit_card,pickup,,
4691,ORD-20250122-04691,216,2025-01-22,procesando,481.68,0,300,101.15,882.83,cash_on_delivery,same_day,,
4692,ORD-20230610-04692,60,2023-06-10,entregado,1209.78,10,20,254.05,1362.85,cash_on_delivery,express,,
4693,ORD-20240410-04693,358,2024-04-10,procesando,1965.72,14,410,412.8,2513.32,credit_card,express,,Nota del cliente: Envolver para regalo
4694,ORD-20231213-04694,280,2023-12-13,procesando,2295.48,2,190,482.05,2921.62,cash_on_delivery,same_day,,
4695,ORD-20260116-04695,340,2026-01-16,cancelado,767.62,19,70,161.2,852.97,cash_on_delivery,express,,
4696,ORD-20250511-04696,445,2025-05-11,procesando,3831.42,6,20,804.6,4426.13,debit_card,express,,
4697,ORD-20230812-04697,151,2023-08-12,procesando,2262.66,15,200,475.16,2598.42,paypal,standard,1,
4698,ORD-20250513-04698,331,2025-05-13,entregado,3653.15,20,200,767.16,3889.68,bank_transfer,pickup,,
4699,ORD-20250415-04699,225,2025-04-15,pendiente,371.8,11,270,78.08,678.98,debit_card,pickup,,
4700,ORD-20230907-04700,342,2023-09-07,procesando,135.6,15,190,28.48,333.74,cash_on_delivery,same_day,,
4701,ORD-20231001-04701,132,2023-10-01,enviado,761.38,10,130,159.89,975.13,cash_on_delivery,standard,2,
4702,ORD-20240620-04702,365,2024-06-20,enviado,153.3,17,180,32.19,339.43,credit_card,express,1,
4703,ORD-20260217-04703,391,2026-02-17,cancelado,1430.88,14,340,300.48,1871.04,bank_transfer,standard,,
4704,ORD-20241129-04704,122,2024-11-29,cancelado,220.8,9,180,46.37,427.3,bank_transfer,standard,1,
4705,ORD-20241019-04705,409,2024-10-19,cancelado,5561.72,2,330,1167.96,6948.45,paypal,standard,,
4706,ORD-20231007-04706,53,2023-10-07,enviado,155.2,3,60,32.59,243.13,paypal,standard,6,
4707,ORD-20230203-04707,499,2023-02-03,pendiente,3299.48,0,130,692.89,4122.37,credit_card,same_day,,
4708,ORD-20231122-04708,87,2023-11-22,cancelado,1607.58,8,230,337.59,2046.56,debit_card,standard,5,
4709,ORD-20250724-04709,343,2025-07-24,procesando,406.24,20,320,85.31,730.3,paypal,express,,
4710,ORD-20250907-04710,418,2025-09-07,pendiente,3959.49,15,490,831.49,4687.06,paypal,standard,,
4711,ORD-20240909-04711,270,2024-09-09,pendiente,273.1,12,90,57.35,387.68,credit_card,standard,,
4712,ORD-20231225-04712,198,2023-12-25,procesando,591.84,11,160,124.29,811.03,paypal,express,,
4713,ORD-20250909-04713,369,2025-09-09,entregado,145,11,350,30.45,509.5,bank_transfer,pickup,,Nota del cliente: Dejar en portería
4714,ORD-20230730-04714,344,2023-07-30,pendiente,1742.44,3,470,365.91,2526.08,bank_transfer,same_day,,
4715,ORD-20250606-04715,285,2025-06-06,entregado,1890.87,9,490,397.08,2607.77,cash_on_delivery,same_day,,
4716,ORD-20241025-04716,29,2024-10-25,cancelado,1403.55,5,30,294.75,1658.12,cash_on_delivery,same_day,,
4717,ORD-20231004-04717,68,2023-10-04,procesando,2384.8,13,430,500.81,3005.59,bank_transfer,express,6,
4718,ORD-20230512-04718,316,2023-05-12,enviado,3234.03,3,350,679.15,4166.16,debit_card,standard,,
4719,ORD-20240623-04719,490,2024-06-23,enviado,502.28,0,240,105.48,847.76,debit_card,standard,,
4720,ORD-20230723-04720,281,2023-07-23,pendiente,75.48,9,200,15.85,284.54,cash_on_delivery,standard,,
4721,ORD-20250401-04721,312,2025-04-01,enviado,5566.82,18,140,1169.03,5873.82,bank_transfer,same_day,,
4722,ORD-20250921-04722,448,2025-09-21,procesando,3444.33,4,50,723.31,4079.87,paypal,standard,,
4723,ORD-20250901-04723,473,2025-09-01,entregado,3508.31,8,410,736.75,4374.4,credit_card,express,6,
4724,ORD-20250118-04724,383,2025-01-18,cancelado,1858.36,20,260,390.26,2136.95,credit_card,express,,
4725,ORD-20240226-04725,427,2024-02-26,procesando,1603.07,7,140,336.64,1967.5,credit_card,express,2,
4726,ORD-20230716-04726,442,2023-07-16,cancelado,1125.81,11,320,236.42,1558.39,credit_card,express,,
4727,ORD-20240611-04727,300,2024-06-11,enviado,4456.05,18,130,935.77,4719.73,bank_transfer,same_day,,
4728,ORD-20250312-04728,473,2025-03-12,procesando,76.1,0,70,15.98,162.08,debit_card,express,,
4729,ORD-20231120-04729,351,2023-11-20,enviado,597.59,0,40,125.49,763.08,bank_transfer,express,,
4730,ORD-20240726-04730,223,2024-07-26,procesando,4725.63,16,60,992.38,5021.91,paypal,standard,3,
4731,ORD-20230904-04731,193,2023-09-04,pendiente,4895.35,0,250,1028.02,6173.37,cash_on_delivery,same_day,,
4732,ORD-20230504-04732,251,2023-05-04,enviado,288.58,15,140,60.6,445.89,debit_card,same_day,,Nota del cliente: Llamar antes
4733,ORD-20250223-04733,373,2025-02-23,cancelado,2026.34,3,430,425.53,2821.08,debit_card,pickup,,
4734,ORD-20240709-04734,357,2024-07-09,entregado,2602.17,13,150,546.46,2960.35,paypal,express,,
4735,ORD-20241031-04735,11,2024-10-31,procesando,1047.59,13,120,219.99,1251.39,paypal,pickup,,Nota del cliente: Llamar antes
4736,ORD-20260101-04736,183,2026-01-01,enviado,3313.04,0,290,695.74,4298.78,cash_on_delivery,pickup,7,
4737,ORD-20250321-04737,127,2025-03-21,procesando,671.42,4,200,141,985.56,cash_on_delivery,express,8,
4738,ORD-20231003-04738,358,2023-10-03,cancelado,189.18,13,390,39.73,594.32,debit_card,express,,
4739,ORD-20260219-04739,172,2026-02-19,enviado,2056.91,4,40,431.95,2446.58,cash_on_delivery,same_day,,
4740,ORD-20240522-04740,343,2024-05-22,enviado,2790.31,20,480,585.97,3298.22,credit_card,express,7,
4741,ORD-20251222-04741,220,2025-12-22,enviado,3715.26,17,30,780.2,3893.87,paypal,express,,
4742,ORD-20240410-04742,442,2024-04-10,cancelado,1609.04,6,90,337.9,1940.4,bank_transfer,same_day,,
4743,ORD-20241218-04743,97,2024-12-18,cancelado,2212.08,16,240,464.54,2562.69,paypal,same_day,,
4744,ORD-20250604-04744,111,2025-06-04,entregado,2571.57,2,110,540.03,3170.17,paypal,pickup,,
4745,ORD-20241121-04745,404,2024-11-21,cancelado,5141.83,2,160,1079.78,6278.77,bank_transfer,pickup,,
4746,ORD-20250812-04746,426,2025-08-12,cancelado,4150.93,15,390,871.7,4789.99,debit_card,standard,,
4747,ORD-20230107-04747,79,2023-01-07,enviado,578.76,11,430,121.54,1066.64,paypal,express,10,Nota del cliente: Entregar por la tarde
4748,ORD-20231116-04748,189,2023-11-16,entregado,6865.75,11,270,1441.81,7822.33,bank_transfer,standard,,
4749,ORD-20230106-04749,255,2023-01-06,procesando,844.64,19,50,177.37,911.53,credit_card,pickup,5,
4750,ORD-20230801-04750,49,2023-08-01,enviado,2224.88,12,20,467.22,2445.11,debit_card,same_day,,
4751,ORD-20240316-04751,103,2024-03-16,pendiente,1551.03,7,370,325.72,2138.18,bank_transfer,express,,
4752,ORD-20250827-04752,291,2025-08-27,entregado,861.53,15,350,180.92,1263.22,cash_on_delivery,same_day,,
4753,ORD-20250426-04753,98,2025-04-26,entregado,5482.77,4,330,1151.38,6744.84,cash_on_delivery,pickup,,Nota del cliente: Dejar en portería
4754,ORD-20240604-04754,356,2024-06-04,procesando,3818.94,14,210,801.98,4296.27,bank_transfer,pickup,,
4755,ORD-20250513-04755,51,2025-05-13,pendiente,4820.39,4,110,1012.28,5749.85,debit_card,pickup,,
4756,ORD-20251128-04756,131,2025-11-28,enviado,2012.05,3,290,422.53,2664.22,debit_card,pickup,,
4757,ORD-20240125-04757,8,2024-01-25,enviado,1400.73,2,70,294.15,1736.87,bank_transfer,standard,3,
4758,ORD-20230220-04758,376,2023-02-20,cancelado,2900.04,0,90,609.01,3599.05,cash_on_delivery,standard,,
4759,ORD-20240324-04759,437,2024-03-24,cancelado,3036.45,5,160,637.65,3682.28,paypal,pickup,,
4760,ORD-20231024-04760,341,2023-10-24,enviado,183.05,8,490,38.44,696.85,bank_transfer,express,5,
4761,ORD-20240710-04761,376,2024-07-10,procesando,4071.53,13,380,855.02,4777.25,debit_card,express,,
4762,ORD-20250522-04762,317,2025-05-22,entregado,1874.26,12,380,393.59,2422.94,bank_transfer,pickup,1,
4763,ORD-20250902-04763,470,2025-09-02,enviado,520.75,9,40,109.36,623.24,credit_card,express,,
4764,ORD-20230407-04764,84,2023-04-07,entregado,1144.7,4,170,240.39,1509.3,credit_card,pickup,1,
4765,ORD-20241015-04765,201,2024-10-15,pendiente,1790.53,12,220,376.01,2171.68,credit_card,express,7,Nota del cliente: Envolver para regalo
4766,ORD-20250524-04766,100,2025-05-24,enviado,1269.45,1,490,266.58,2013.34,cash_on_delivery,standard,,
4767,ORD-20251028-04767,80,2025-10-28,enviado,2403.08,19,450,504.65,2901.14,debit_card,pickup,,
4768,ORD-20231223-04768,352,2023-12-23,procesando,130.62,9,50,27.43,196.29,debit_card,express,,
4769,ORD-20230825-04769,237,2023-08-25,procesando,3896.26,13,120,818.21,4327.96,cash_on_delivery,standard,,Nota del cliente: Dejar en portería
4770,ORD-20231102-04770,376,2023-11-02,enviado,2641.71,9,370,554.76,3328.72,credit_card,express,,
4771,ORD-20240703-04771,106,2024-07-03,enviado,2278.52,12,450,478.49,2933.59,bank_transfer,pickup,9,
4772,ORD-20250921-04772,34,2025-09-21,procesando,2398.58,4,500,503.7,3306.34,bank_transfer,express,6,Nota del cliente: Dejar en portería
4773,ORD-20240320-04773,327,2024-03-20,entregado,2759.13,12,250,579.42,3257.45,debit_card,pickup,,
4774,ORD-20250608-04774,52,2025-06-08,pendiente,1428.82,20,90,300.05,1533.11,paypal,standard,,Nota del cliente: Dejar en portería
4775,ORD-20230806-04775,208,2023-08-06,cancelado,439.44,19,180,92.28,628.23,credit_card,standard,,
4776,ORD-20251108-04776,150,2025-11-08,enviado,1013,3,40,212.73,1235.34,debit_card,express,,
4777,ORD-20260220-04777,247,2026-02-20,enviado,1945.11,17,230,408.47,2252.91,paypal,same_day,5,
4778,ORD-20250417-04778,495,2025-04-17,entregado,3167.89,1,380,665.26,4181.47,paypal,express,,
4779,ORD-20240309-04779,155,2024-03-09,procesando,1018.67,16,370,213.92,1439.6,credit_card,express,,
4780,ORD-20240919-04780,210,2024-09-19,cancelado,1607.7,11,110,337.62,1878.47,cash_on_delivery,same_day,,
4781,ORD-20231225-04781,401,2023-12-25,entregado,4248.25,13,490,892.13,5078.11,bank_transfer,same_day,,
4782,ORD-20250113-04782,163,2025-01-13,enviado,6562.06,13,90,1378.03,7177.02,credit_card,pickup,,
4783,ORD-20250104-04783,375,2025-01-04,cancelado,937.8,16,420,196.94,1404.69,credit_card,pickup,2,
4784,ORD-20250211-04784,144,2025-02-11,enviado,2620.95,19,360,550.4,3033.37,paypal,express,,
4785,ORD-20240907-04785,381,2024-09-07,cancelado,2804.88,8,380,589.02,3549.51,bank_transfer,express,10,Nota del cliente: Envolver para regalo
4786,ORD-20230814-04786,398,2023-08-14,procesando,966.34,16,10,202.93,1024.66,bank_transfer,pickup,,
4787,ORD-20241014-04787,54,2024-10-14,enviado,2209.22,14,40,463.94,2403.87,credit_card,same_day,3,
4788,ORD-20230502-04788,71,2023-05-02,cancelado,601.34,11,240,126.28,901.47,paypal,same_day,,
4789,ORD-20230818-04789,417,2023-08-18,entregado,3094.5,17,320,649.85,3538.29,credit_card,pickup,,
4790,ORD-20240225-04790,46,2024-02-25,procesando,631.08,7,460,132.53,1179.43,cash_on_delivery,pickup,,
4791,ORD-20250930-04791,46,2025-09-30,cancelado,788.85,5,320,165.66,1235.07,credit_card,same_day,,
4792,ORD-20250202-04792,126,2025-02-02,procesando,3412.51,14,380,716.63,4031.39,bank_transfer,pickup,6,
4793,ORD-20230601-04793,363,2023-06-01,procesando,1195.09,18,250,250.97,1480.94,credit_card,express,,
4794,ORD-20230729-04794,474,2023-07-29,cancelado,1430.88,5,110,300.48,1769.82,cash_on_delivery,express,8,
4795,ORD-20240802-04795,117,2024-08-02,pendiente,1395.8,9,80,293.12,1643.3,debit_card,standard,7,
4796,ORD-20240418-04796,96,2024-04-18,cancelado,5165.19,6,430,1084.69,6369.97,paypal,same_day,,Nota del cliente: Llamar antes
4797,ORD-20251102-04797,439,2025-11-02,cancelado,1771.68,9,20,372.05,2004.28,paypal,standard,,
4798,ORD-20230825-04798,345,2023-08-25,entregado,2451.46,15,250,514.81,2848.55,credit_card,pickup,,
4799,ORD-20260221-04799,244,2026-02-21,entregado,720.2,8,170,151.24,983.82,paypal,same_day,5,
4800,ORD-20250904-04800,308,2025-09-04,pendiente,3809.05,13,450,799.9,4563.77,bank_transfer,standard,,
4801,ORD-20230711-04801,230,2023-07-11,cancelado,4494.33,5,280,943.81,5493.42,bank_transfer,standard,,
4802,ORD-20250222-04802,438,2025-02-22,entregado,851.9,7,330,178.9,1301.17,debit_card,pickup,,Nota del cliente: Entregar por la tarde
4803,ORD-20230724-04803,323,2023-07-24,enviado,3293.8,6,180,691.7,3967.87,credit_card,standard,,
4804,ORD-20240308-04804,71,2024-03-08,cancelado,67.8,20,400,14.24,468.48,cash_on_delivery,standard,,Nota del cliente: Llamar antes
4805,ORD-20240720-04805,147,2024-07-20,cancelado,5571.75,19,180,1170.07,5863.19,credit_card,express,8,
4806,ORD-20240824-04806,156,2024-08-24,entregado,5502.18,6,110,1155.46,6437.51,credit_card,express,,
4807,ORD-20250703-04807,228,2025-07-03,entregado,286.56,13,320,60.18,629.49,paypal,standard,,
4808,ORD-20230322-04808,171,2023-03-22,cancelado,880.83,1,220,184.97,1276.99,debit_card,standard,,
4809,ORD-20230129-04809,207,2023-01-29,procesando,2347.56,5,100,492.99,2823.17,paypal,express,,
4810,ORD-20240501-04810,414,2024-05-01,cancelado,1276.91,14,100,268.15,1466.29,debit_card,express,,
4811,ORD-20260116-04811,229,2026-01-16,enviado,3126.42,13,170,656.55,3546.54,credit_card,same_day,,Nota del cliente: Llamar antes
4812,ORD-20250702-04812,91,2025-07-02,procesando,1574.65,5,260,330.68,2086.6,debit_card,pickup,,
4813,ORD-20251202-04813,164,2025-12-02,cancelado,1294.12,7,50,271.77,1525.3,debit_card,same_day,,
4814,ORD-20240409-04814,272,2024-04-09,pendiente,4179.76,18,100,877.75,4405.15,paypal,same_day,,
4815,ORD-20240731-04815,360,2024-07-31,cancelado,3061.2,6,260,642.85,3780.38,credit_card,pickup,,
4816,ORD-20240422-04816,140,2024-04-22,cancelado,1041.09,10,340,218.63,1495.61,cash_on_delivery,express,,
4817,ORD-20260101-04817,350,2026-01-01,enviado,425.33,10,30,89.32,502.12,paypal,standard,3,
4818,ORD-20250826-04818,376,2025-08-26,pendiente,804.68,12,150,168.98,1027.1,debit_card,standard,,
4819,ORD-20230725-04819,275,2023-07-25,procesando,1166.91,14,170,245.05,1418.59,bank_transfer,same_day,3,
4820,ORD-20230812-04820,304,2023-08-12,procesando,4717.9,15,210,990.76,5210.98,credit_card,pickup,3,
4821,ORD-20260304-04821,85,2026-03-04,cancelado,5009.57,19,310,1052.01,5419.76,paypal,express,,
4822,ORD-20260211-04822,232,2026-02-11,cancelado,1438.23,18,120,302.03,1601.38,paypal,express,8,
4823,ORD-20250922-04823,125,2025-09-22,cancelado,4761.29,11,90,999.87,5327.42,paypal,express,,Nota del cliente: Llamar antes
4824,ORD-20240411-04824,218,2024-04-11,procesando,1794.4,3,270,376.82,2387.39,paypal,standard,,
4825,ORD-20251102-04825,99,2025-11-02,entregado,2528.18,14,120,530.92,2825.15,bank_transfer,standard,,
4826,ORD-20241127-04826,83,2024-11-27,enviado,1617.96,1,330,339.77,2271.55,bank_transfer,express,,
4827,ORD-20260305-04827,23,2026-03-05,cancelado,2935.01,20,440,616.35,3404.36,cash_on_delivery,same_day,1,
4828,ORD-20230923-04828,402,2023-09-23,procesando,2055.36,3,0,431.63,2425.33,cash_on_delivery,pickup,,
4829,ORD-20231216-04829,272,2023-12-16,entregado,1308.79,5,10,274.85,1528.2,paypal,express,,
4830,ORD-20250215-04830,175,2025-02-15,cancelado,4287.52,9,270,900.38,5072.02,cash_on_delivery,express,,
4831,ORD-20250419-04831,445,2025-04-19,entregado,103.59,1,290,21.75,414.3,bank_transfer,pickup,6,
4832,ORD-20250822-04832,448,2025-08-22,procesando,235.36,16,450,49.43,697.13,credit_card,standard,,Nota del cliente: Dejar en portería
4833,ORD-20241016-04833,482,2024-10-16,cancelado,1986.95,13,410,417.26,2555.91,bank_transfer,same_day,,
4834,ORD-20230906-04834,120,2023-09-06,entregado,1417.92,13,270,297.76,1801.35,paypal,express,,
4835,ORD-20250809-04835,47,2025-08-09,pendiente,2357.27,6,240,495.03,2950.86,bank_transfer,standard,,
4836,ORD-20240706-04836,98,2024-07-06,enviado,2797.94,5,460,587.57,3705.61,paypal,express,10,Nota del cliente: Entregar por la tarde
4837,ORD-20251014-04837,302,2025-10-14,pendiente,236.56,16,260,49.68,508.39,paypal,standard,4,Nota del cliente: Llamar antes
4838,ORD-20250420-04838,380,2025-04-20,entregado,2505.9,10,0,526.24,2781.55,credit_card,express,10,Nota del cliente: Llamar antes
4839,ORD-20240514-04839,273,2024-05-14,enviado,480.38,18,40,100.88,534.79,credit_card,standard,,
4840,ORD-20241230-04840,330,2024-12-30,entregado,6943.66,5,20,1458.17,8074.65,cash_on_delivery,pickup,,Nota del cliente: Llamar antes
4841,ORD-20240918-04841,263,2024-09-18,entregado,3141.85,20,220,659.79,3393.27,cash_on_delivery,standard,,
4842,ORD-20250617-04842,183,2025-06-17,pendiente,1531.32,7,0,321.58,1745.71,paypal,standard,,
4843,ORD-20230310-04843,70,2023-03-10,enviado,3129.18,0,100,657.13,3886.31,debit_card,standard,,
4844,ORD-20251012-04844,337,2025-10-12,enviado,3677.36,9,500,772.25,4618.65,paypal,standard,,
4845,ORD-20250517-04845,66,2025-05-17,pendiente,1444.52,0,60,303.35,1807.87,credit_card,standard,,
4846,ORD-20251118-04846,129,2025-11-18,procesando,4649.54,3,250,976.4,5736.45,bank_transfer,express,,
4847,ORD-20231227-04847,117,2023-12-27,pendiente,709.62,6,40,149.02,856.06,paypal,express,,
4848,ORD-20230426-04848,228,2023-04-26,pendiente,743.5,15,170,156.14,958.12,bank_transfer,express,,
4849,ORD-20250110-04849,263,2025-01-10,pendiente,3260.05,15,410,684.61,3865.65,cash_on_delivery,standard,7,
4850,ORD-20251102-04850,215,2025-11-02,entregado,5493.56,14,120,1153.65,5998.11,credit_card,express,,
4851,ORD-20231018-04851,119,2023-10-18,cancelado,3126.61,19,50,656.59,3239.14,cash_on_delivery,same_day,,
4852,ORD-20250801-04852,59,2025-08-01,cancelado,3066.35,7,420,643.93,3915.64,credit_card,same_day,,Nota del cliente: Llamar antes
4853,ORD-20250910-04853,70,2025-09-10,pendiente,2675.2,10,70,561.79,3039.47,credit_card,express,,
4854,ORD-20240629-04854,171,2024-06-29,cancelado,1295.74,17,260,272.11,1607.57,cash_on_delivery,pickup,6,
4855,ORD-20230113-04855,41,2023-01-13,pendiente,3913.93,13,220,821.93,4447.05,debit_card,same_day,6,
4856,ORD-20250915-04856,264,2025-09-15,enviado,2516.93,20,470,528.56,3012.1,cash_on_delivery,same_day,,
4857,ORD-20241002-04857,241,2024-10-02,cancelado,827.99,2,340,173.88,1325.31,paypal,pickup,,
4858,ORD-20250623-04858,366,2025-06-23,cancelado,3533.58,18,140,742.05,3779.59,bank_transfer,same_day,,
4859,ORD-20230531-04859,240,2023-05-31,enviado,1346.55,7,160,282.78,1695.07,paypal,standard,,
4860,ORD-20250717-04860,210,2025-07-17,entregado,2580.26,7,340,541.85,3281.49,cash_on_delivery,express,,
4861,ORD-20251204-04861,220,2025-12-04,enviado,3351.65,17,440,703.85,3925.72,cash_on_delivery,pickup,10,
4862,ORD-20251128-04862,470,2025-11-28,entregado,1109.85,8,160,233.07,1414.13,cash_on_delivery,same_day,,
4863,ORD-20250719-04863,458,2025-07-19,procesando,182.09,17,470,38.24,659.37,debit_card,pickup,,
4864,ORD-20250826-04864,486,2025-08-26,cancelado,1506.03,12,250,316.27,1891.58,cash_on_delivery,same_day,,
4865,ORD-20231205-04865,145,2023-12-05,entregado,4450.25,8,460,934.55,5488.78,bank_transfer,standard,,
4866,ORD-20241008-04866,98,2024-10-08,entregado,212.09,7,0,44.54,241.78,cash_on_delivery,same_day,,
4867,ORD-20230811-04867,171,2023-08-11,enviado,205.95,10,330,43.25,558.61,paypal,express,,
4868,ORD-20241114-04868,407,2024-11-14,enviado,425.79,3,480,89.42,982.44,bank_transfer,express,,
4869,ORD-20230603-04869,486,2023-06-03,cancelado,2376.1,16,460,498.98,2954.9,debit_card,standard,3,Nota del cliente: Entregar por la tarde
4870,ORD-20231017-04870,226,2023-10-17,pendiente,1244.82,18,470,261.41,1752.16,credit_card,same_day,,
4871,ORD-20240518-04871,26,2024-05-18,entregado,72.5,1,0,15.23,87.01,bank_transfer,same_day,4,
4872,ORD-20260227-04872,118,2026-02-27,pendiente,988.26,16,430,207.53,1467.67,debit_card,pickup,4,
4873,ORD-20250616-04873,304,2025-06-16,procesando,4678.27,16,400,982.44,5312.19,cash_on_delivery,pickup,,Nota del cliente: Llamar antes
4874,ORD-20240914-04874,294,2024-09-14,pendiente,1516.93,18,400,318.56,1962.44,paypal,pickup,,
4875,ORD-20251109-04875,153,2025-11-09,entregado,1954.34,7,300,410.41,2527.95,cash_on_delivery,standard,4,
4876,ORD-20250424-04876,164,2025-04-24,cancelado,1647.1,2,450,345.89,2410.05,credit_card,express,,
4877,ORD-20250502-04877,20,2025-05-02,entregado,1274.93,15,290,267.74,1641.43,credit_card,express,,
4878,ORD-20230202-04878,64,2023-02-02,cancelado,402.3,18,270,84.48,684.37,credit_card,same_day,7,
4879,ORD-20250225-04879,52,2025-02-25,entregado,2279.43,19,400,478.68,2725.02,paypal,same_day,7,
4880,ORD-20251025-04880,243,2025-10-25,procesando,2632.96,12,340,552.92,3209.92,paypal,express,,
4881,ORD-20251203-04881,360,2025-12-03,procesando,478.66,0,90,100.52,669.18,credit_card,pickup,,Nota del cliente: Entregar por la tarde
4882,ORD-20260119-04882,284,2026-01-19,entregado,2023.57,18,490,424.95,2574.28,cash_on_delivery,same_day,,
4883,ORD-20230920-04883,255,2023-09-20,cancelado,3263.47,4,280,685.33,4098.26,cash_on_delivery,pickup,3,
4884,ORD-20230111-04884,273,2023-01-11,pendiente,3743.42,17,330,786.12,4223.16,credit_card,pickup,,
4885,ORD-20250131-04885,387,2025-01-31,cancelado,2345.57,13,240,492.57,2773.22,bank_transfer,pickup,,
4886,ORD-20230808-04886,325,2023-08-08,procesando,4561.53,13,240,957.92,5166.45,paypal,standard,,
4887,ORD-20240517-04887,16,2024-05-17,cancelado,4071.31,16,60,854.98,4334.88,credit_card,express,,
4888,ORD-20230414-04888,131,2023-04-14,enviado,2379.88,7,350,499.77,3063.06,credit_card,standard,6,
4889,ORD-20231018-04889,76,2023-10-18,entregado,655.45,12,60,137.64,774.44,paypal,express,,Nota del cliente: Dejar en portería
4890,ORD-20250829-04890,405,2025-08-29,pendiente,1323.64,6,340,277.96,1862.18,debit_card,same_day,,Nota del cliente: Dejar en portería
4891,ORD-20260203-04891,397,2026-02-03,pendiente,561.54,12,50,117.92,662.08,debit_card,same_day,,
4892,ORD-20250330-04892,296,2025-03-30,enviado,3839.18,9,330,806.23,4629.88,bank_transfer,pickup,10,
4893,ORD-20240326-04893,312,2024-03-26,enviado,3786.27,11,310,795.12,4474.9,debit_card,pickup,,
4894,ORD-20231206-04894,58,2023-12-06,entregado,147.32,17,320,30.94,473.22,paypal,express,,Nota del cliente: Dejar en portería
4895,ORD-20240713-04895,405,2024-07-13,entregado,3662.16,16,490,769.05,4335.26,debit_card,pickup,5,
4896,ORD-20240811-04896,188,2024-08-11,cancelado,1445.54,11,490,303.56,2080.09,paypal,same_day,,
4897,ORD-20241124-04897,416,2024-11-24,enviado,3301,0,50,693.21,4044.21,bank_transfer,standard,,
4898,ORD-20231113-04898,257,2023-11-13,pendiente,1449.51,13,240,304.4,1805.47,credit_card,standard,,
4899,ORD-20250418-04899,161,2025-04-18,cancelado,760.4,4,250,159.68,1139.66,bank_transfer,pickup,,Nota del cliente: Entregar por la tarde
4900,ORD-20230607-04900,301,2023-06-07,procesando,2477.45,14,420,520.26,3070.87,credit_card,express,,
4901,ORD-20231101-04901,27,2023-11-01,pendiente,5724.37,15,430,1202.12,6497.83,debit_card,standard,8,
4902,ORD-20250510-04902,390,2025-05-10,procesando,673.27,17,440,141.39,1140.2,bank_transfer,standard,,Nota del cliente: Dejar en portería
4903,ORD-20230216-04903,159,2023-02-16,pendiente,1395.51,16,260,293.06,1725.29,bank_transfer,express,,
4904,ORD-20240112-04904,293,2024-01-12,procesando,2250.5,0,260,472.61,2983.11,bank_transfer,same_day,,
4905,ORD-20240224-04905,152,2024-02-24,cancelado,2540.65,19,460,533.54,3051.47,paypal,express,,
4906,ORD-20250306-04906,23,2025-03-06,pendiente,480.63,5,340,100.93,897.53,credit_card,express,,
4907,ORD-20260311-04907,215,2026-03-11,pendiente,1029.18,8,280,216.13,1442.98,paypal,express,,
4908,ORD-20250629-04908,426,2025-06-29,cancelado,3879.54,15,180,814.7,4292.31,bank_transfer,express,,
4909,ORD-20230209-04909,114,2023-02-09,enviado,5287.79,19,10,1110.44,5403.55,credit_card,pickup,,
4910,ORD-20240213-04910,29,2024-02-13,procesando,1036.97,6,460,217.76,1652.51,paypal,standard,,
4911,ORD-20230311-04911,366,2023-03-11,cancelado,4738.05,2,70,994.99,5708.28,credit_card,standard,,
4912,ORD-20241212-04912,89,2024-12-12,procesando,1095.89,13,120,230.14,1303.56,paypal,express,,
4913,ORD-20241108-04913,453,2024-11-08,procesando,2567.63,17,470,539.2,3140.33,paypal,express,,
4914,ORD-20230421-04914,381,2023-04-21,entregado,426.42,15,420,89.55,872.01,bank_transfer,pickup,,
4915,ORD-20250830-04915,288,2025-08-30,procesando,3498.33,4,300,734.65,4393.05,bank_transfer,express,8,
4916,ORD-20250820-04916,311,2025-08-20,cancelado,5156.18,10,460,1082.8,6183.36,credit_card,same_day,4,
4917,ORD-20240414-04917,429,2024-04-14,pendiente,5210.19,14,150,1094.14,5724.9,paypal,express,,
4918,ORD-20231102-04918,478,2023-11-02,entregado,473.99,11,450,99.54,971.39,paypal,express,,
4919,ORD-20250626-04919,367,2025-06-26,pendiente,372.5,10,50,78.23,463.48,debit_card,same_day,,
4920,ORD-20250702-04920,360,2025-07-02,procesando,407.75,6,260,85.63,728.92,debit_card,express,,
4921,ORD-20231008-04921,93,2023-10-08,procesando,2649.13,10,470,556.32,3410.54,credit_card,standard,3,
4922,ORD-20240711-04922,444,2024-07-11,enviado,4927.51,20,50,1034.78,5026.79,bank_transfer,same_day,4,
4923,ORD-20250612-04923,199,2025-06-12,procesando,1757.32,3,10,369.04,2083.64,cash_on_delivery,express,,
4924,ORD-20240110-04924,336,2024-01-10,enviado,1462.34,9,190,307.09,1827.82,debit_card,same_day,,
4925,ORD-20230109-04925,293,2023-01-09,pendiente,1089.2,10,500,228.73,1709.01,paypal,pickup,,
4926,ORD-20230824-04926,290,2023-08-24,enviado,2214.6,12,70,465.07,2483.92,debit_card,pickup,,
4927,ORD-20250103-04927,427,2025-01-03,cancelado,1184.42,17,0,248.73,1231.8,credit_card,express,,Nota del cliente: Envolver para regalo
4928,ORD-20250312-04928,490,2025-03-12,cancelado,1950.68,2,440,409.64,2761.31,paypal,standard,,
4929,ORD-20250114-04929,169,2025-01-14,cancelado,3524.03,18,170,740.05,3799.75,bank_transfer,pickup,,
4930,ORD-20240102-04930,14,2024-01-02,procesando,1835.86,0,330,385.53,2551.39,paypal,same_day,,
4931,ORD-20231028-04931,180,2023-10-28,cancelado,5360.21,5,280,1125.64,6497.84,credit_card,pickup,6,
4932,ORD-20250201-04932,157,2025-02-01,cancelado,2083.86,10,320,437.61,2633.08,paypal,standard,,
4933,ORD-20230331-04933,203,2023-03-31,pendiente,4157.15,19,360,873,4600.29,cash_on_delivery,standard,,
4934,ORD-20240625-04934,485,2024-06-25,procesando,782.24,17,230,164.27,1043.53,paypal,express,7,
4935,ORD-20240726-04935,118,2024-07-26,cancelado,775.26,11,280,162.8,1132.78,cash_on_delivery,same_day,8,
4936,ORD-20230323-04936,377,2023-03-23,enviado,1573.65,1,440,330.47,2328.38,credit_card,pickup,7,
4937,ORD-20250718-04937,75,2025-07-18,enviado,3467.44,9,480,728.16,4363.53,credit_card,same_day,,
4938,ORD-20240805-04938,20,2024-08-05,cancelado,5637.13,14,130,1183.8,6161.73,credit_card,pickup,9,Nota del cliente: Llamar antes
4939,ORD-20250616-04939,97,2025-06-16,enviado,3749.15,17,120,787.32,4019.11,debit_card,express,,
4940,ORD-20250308-04940,258,2025-03-08,pendiente,2496.88,16,190,524.34,2811.72,credit_card,same_day,,
4941,ORD-20230216-04941,192,2023-02-16,entregado,330.91,11,30,69.49,394,debit_card,pickup,2,
4942,ORD-20230911-04942,169,2023-09-11,enviado,4184.73,11,110,878.79,4713.2,paypal,same_day,7,
4943,ORD-20250317-04943,49,2025-03-17,entregado,1868.77,9,90,392.44,2183.02,bank_transfer,standard,,
4944,ORD-20230112-04944,277,2023-01-12,entregado,918.77,3,450,192.94,1534.15,bank_transfer,pickup,5,
4945,ORD-20260215-04945,263,2026-02-15,cancelado,2777.87,1,250,583.35,3583.44,debit_card,same_day,7,Nota del cliente: Envolver para regalo
4946,ORD-20240224-04946,404,2024-02-24,pendiente,282.76,10,430,59.38,743.86,bank_transfer,pickup,,
4947,ORD-20250817-04947,138,2025-08-17,cancelado,2035.43,20,70,427.44,2125.78,debit_card,same_day,,Nota del cliente: Envolver para regalo
4948,ORD-20240807-04948,84,2024-08-07,entregado,2769,19,330,581.49,3154.38,bank_transfer,pickup,,
4949,ORD-20250214-04949,306,2025-02-14,procesando,2259.31,7,300,474.46,2875.62,bank_transfer,express,,
4950,ORD-20231027-04950,46,2023-10-27,procesando,1364.73,0,410,286.59,2061.32,cash_on_delivery,same_day,,
4951,ORD-20251123-04951,222,2025-11-23,cancelado,5570.25,13,380,1169.75,6395.87,debit_card,pickup,10,
4952,ORD-20250926-04952,394,2025-09-26,cancelado,1102.77,11,330,231.58,1543.05,bank_transfer,standard,,Nota del cliente: Dejar en portería
4953,ORD-20240205-04953,94,2024-02-05,pendiente,2635,8,230,553.35,3207.55,debit_card,express,,
4954,ORD-20250402-04954,110,2025-04-02,cancelado,1455.91,2,110,305.74,1842.53,cash_on_delivery,express,,
4955,ORD-20250119-04955,240,2025-01-19,cancelado,3798.97,16,390,797.78,4378.91,cash_on_delivery,pickup,,
4956,ORD-20230409-04956,179,2023-04-09,entregado,2365.46,1,460,496.75,3298.56,credit_card,same_day,,
4957,ORD-20241004-04957,68,2024-10-04,pendiente,913.08,9,370,191.75,1392.65,bank_transfer,pickup,,
4958,ORD-20260112-04958,206,2026-01-12,entregado,2052.37,19,320,431,2413.42,bank_transfer,standard,,
4959,ORD-20241205-04959,24,2024-12-05,cancelado,1290.79,1,350,271.07,1898.95,cash_on_delivery,pickup,7,
4960,ORD-20251206-04960,174,2025-12-06,pendiente,3205.54,14,480,673.16,3909.92,debit_card,express,7,
4961,ORD-20230412-04961,204,2023-04-12,pendiente,2858.84,8,380,600.36,3610.49,credit_card,standard,,
4962,ORD-20240208-04962,9,2024-02-08,cancelado,2409.31,7,190,505.96,2936.62,debit_card,pickup,,
4963,ORD-20241212-04963,170,2024-12-12,procesando,2783.94,7,230,584.63,3403.69,credit_card,standard,,Nota del cliente: Dejar en portería
4964,ORD-20241114-04964,114,2024-11-14,procesando,2416.32,9,160,507.43,2866.28,debit_card,pickup,,
4965,ORD-20240630-04965,256,2024-06-30,procesando,1176.17,16,230,247,1464.98,credit_card,pickup,5,Nota del cliente: Dejar en portería
4966,ORD-20231004-04966,264,2023-10-04,enviado,1961.16,18,460,411.84,2479.99,paypal,express,8,Nota del cliente: Envolver para regalo
4967,ORD-20240916-04967,413,2024-09-16,pendiente,3589.74,4,220,753.85,4420,bank_transfer,pickup,1,
4968,ORD-20230209-04968,410,2023-02-09,cancelado,2973.87,2,360,624.51,3898.9,paypal,pickup,6,
4969,ORD-20240202-04969,9,2024-02-02,enviado,1568.84,5,140,329.46,1959.86,credit_card,pickup,,
4970,ORD-20260207-04970,103,2026-02-07,entregado,1794.6,2,290,376.87,2425.58,debit_card,standard,,
4971,ORD-20230130-04971,257,2023-01-30,pendiente,33.9,12,190,7.12,226.95,credit_card,same_day,9,
4972,ORD-20240826-04972,359,2024-08-26,procesando,444.26,1,230,93.29,763.11,paypal,pickup,,
4973,ORD-20251217-04973,457,2025-12-17,enviado,1243.37,18,430,261.11,1710.67,paypal,same_day,,
4974,ORD-20240601-04974,414,2024-06-01,entregado,2474.09,19,300,519.56,2823.57,cash_on_delivery,standard,,
4975,ORD-20251104-04975,453,2025-11-04,procesando,1187.95,5,190,249.47,1568.02,credit_card,standard,,
4976,ORD-20260113-04976,184,2026-01-13,entregado,169.5,18,200,35.6,374.59,bank_transfer,standard,,Nota del cliente: Dejar en portería
4977,ORD-20251112-04977,138,2025-11-12,pendiente,1865.09,8,360,391.67,2467.55,credit_card,pickup,,Nota del cliente: Dejar en portería
4978,ORD-20230618-04978,159,2023-06-18,enviado,2690.21,7,140,564.94,3206.84,cash_on_delivery,express,4,
4979,ORD-20250824-04979,445,2025-08-24,cancelado,4010.1,9,30,842.12,4521.31,bank_transfer,express,,
4980,ORD-20260218-04980,66,2026-02-18,cancelado,723.84,12,410,152.01,1198.99,cash_on_delivery,pickup,9,
4981,ORD-20250521-04981,374,2025-05-21,enviado,1974.68,0,70,414.68,2459.36,debit_card,standard,,
4982,ORD-20251110-04982,240,2025-11-10,entregado,1325.05,0,330,278.26,1933.31,paypal,standard,,
4983,ORD-20250611-04983,288,2025-06-11,cancelado,2025.24,3,30,425.3,2419.78,cash_on_delivery,standard,9,Nota del cliente: Dejar en portería
4984,ORD-20250725-04984,425,2025-07-25,entregado,3468.47,20,230,728.38,3733.16,bank_transfer,same_day,,
4985,ORD-20241024-04985,354,2024-10-24,procesando,1339.92,8,320,281.38,1834.11,cash_on_delivery,pickup,,Nota del cliente: Envolver para regalo
4986,ORD-20240219-04986,471,2024-02-19,procesando,4380.33,20,220,919.87,4644.13,cash_on_delivery,pickup,,
4987,ORD-20240427-04987,83,2024-04-27,procesando,585.92,12,0,123.04,638.65,paypal,express,,
4988,ORD-20230824-04988,22,2023-08-24,enviado,2458.58,1,500,516.3,3450.29,debit_card,standard,,Nota del cliente: Envolver para regalo
4989,ORD-20250831-04989,35,2025-08-31,entregado,653.55,16,30,137.25,716.23,debit_card,pickup,,
4990,ORD-20251015-04990,317,2025-10-15,pendiente,4541.41,12,370,953.7,5320.14,paypal,same_day,,
4991,ORD-20240121-04991,421,2024-01-21,entregado,2571.89,2,360,540.1,3420.55,credit_card,pickup,,
4992,ORD-20230322-04992,17,2023-03-22,procesando,5076.57,4,220,1066.08,6159.59,bank_transfer,pickup,,
4993,ORD-20230919-04993,77,2023-09-19,procesando,437.24,10,220,91.82,705.34,paypal,pickup,,
4994,ORD-20231205-04994,157,2023-12-05,enviado,2341.36,19,40,491.69,2428.19,bank_transfer,standard,,
4995,ORD-20230401-04995,201,2023-04-01,enviado,358.2,11,350,75.22,744.02,paypal,standard,,Nota del cliente: Envolver para regalo
4996,ORD-20250928-04996,350,2025-09-28,cancelado,3774.78,2,120,792.7,4611.98,debit_card,pickup,,
4997,ORD-20250422-04997,287,2025-04-22,procesando,2159.97,2,20,453.59,2590.36,cash_on_delivery,express,,
4998,ORD-20251225-04998,427,2025-12-25,entregado,1804.45,14,40,378.93,1970.76,paypal,standard,,
4999,ORD-20230304-04999,239,2023-03-04,cancelado,1027.61,5,130,215.8,1322.03,credit_card,pickup,,
5000,ORD-20231127-05000,434,2023-11-27,entregado,121.04,0,310,25.42,456.46,cash_on_delivery,standard,,